code,name,total_mcap,sector,mcap_b,size_group,first_kline_date,first_year
301139,元道通信,455000000.0,通信工程及服务,4.55,SMALL,2022-07-08,2022
300417,南华仪器,1323000000.0,仪器仪表,13.23,MID,2015-01-22,2015
600455,博通股份,1336000000.0,垂直应用软件,13.36,MID,2007-04-11,2007
300621,维业股份,1367000000.0,装修装饰Ⅲ,13.67,MID,2017-03-15,2017
301167,建研设计,1403000000.0,工程咨询服务Ⅲ,14.03,MID,2021-12-03,2021
300535,达威股份,1404000000.0,其他化学制品,14.04,MID,2016-12-01,2016
300405,科隆股份,1408000000.0,其他化学制品,14.08,MID,2015-03-10,2015
600561,江西长运,1451000000.0,公交,14.51,MID,2003-01-07,2003
300220,金运激光,1477000000.0,娱乐用品,14.77,MID,2012-04-20,2012
300500,启迪设计,1481000000.0,工程咨询服务Ⅲ,14.81,MID,2016-05-13,2016
002207,准油股份,1483000000.0,油田服务,14.83,MID,2009-08-03,2009
300635,中达安,1484000000.0,工程咨询服务Ⅲ,14.84,MID,2017-04-13,2017
600493,凤竹纺织,1488000000.0,棉纺,14.88,MID,2004-07-21,2004
000929,兰州黄河,1490000000.0,啤酒,14.9,MID,2001-01-15,2001
300605,恒锋信息,1491000000.0,垂直应用软件,14.91,MID,2017-02-07,2017
300614,百川畅银,1500000000.0,固废治理,15.0,MID,2021-05-24,2021
002188,中天服务,1550000000.0,物业管理,15.5,MID,2008-09-12,2008
603717,天域生物,1558000000.0,园林工程,15.58,MID,2017-03-24,2017
301037,保立佳,1563000000.0,涂料油墨,15.63,MID,2021-07-29,2021
603022,新通联,1570000000.0,综合包装,15.7,MID,2015-05-20,2015
002743,富煌钢构,1571000000.0,钢结构,15.71,MID,2015-04-09,2015
600697,欧亚集团,1580000000.0,多业态零售,15.8,MID,2000-04-24,2000
600778,友好集团,1582000000.0,多业态零售,15.82,MID,2000-09-27,2000
300923,研奥股份,1586000000.0,轨交设备Ⅲ,15.86,MID,2020-12-23,2020
603908,牧高笛,1592000000.0,鞋帽及其他,15.92,MID,2017-03-06,2017
600137,浪莎股份,1596000000.0,非运动服装,15.96,MID,2000-10-24,2000
603860,中公高科,1600000000.0,工程咨询服务Ⅲ,16.0,MID,2017-08-01,2017
600883,博闻科技,1605000000.0,食用菌,16.05,MID,2000-03-23,2000
002316,亚联发展,1607999999.9999998,通信工程及服务,16.08,MID,2011-10-21,2011
300886,华业香料,1609000000.0,化妆品制造及其他,16.09,MID,2020-09-29,2020
301288,清研环境,1617000000.0000002,环保设备Ⅲ,16.17,MID,2022-04-25,2022
600448,华纺股份,1619000000.0000002,印染,16.19,MID,2002-04-05,2002
300899,上海凯鑫,1622000000.0,水务及水治理,16.22,MID,2020-10-19,2020
301098,金埔园林,1636000000.0,园林工程,16.36,MID,2021-11-11,2021
002494,华斯股份,1648999999.9999998,非运动服装,16.49,MID,2010-12-29,2010
605567,春雪食品,1654000000.0,预加工食品,16.54,MID,2021-10-12,2021
301298,东利机械,1660000000.0000002,其他汽车零部件,16.6,MID,2022-06-02,2022
301010,晶雪节能,1664999999.9999998,其他建材Ⅲ,16.65,MID,2021-06-17,2021
002910,庄园牧场,1666000000.0,乳品,16.66,MID,2017-11-01,2017
301113,雅艺科技,1667000000.0000002,其他家居用品,16.67,MID,2021-12-21,2021
301131,聚赛龙,1668000000.0,改性塑料,16.68,MID,2022-03-11,2022
002529,海源复材,1669000000.0000002,其他专用设备,16.69,MID,2011-07-11,2011
000856,冀东装备,1671000000.0,其他专用设备,16.71,MID,2000-07-11,2000
300615,欣天科技,1677000000.0,通信终端及配件,16.77,MID,2017-02-14,2017
300838,浙江力诺,1682999999.9999998,金属制品,16.83,MID,2020-06-05,2020
301063,海锅股份,1684000000.0,能源及重型设备,16.84,MID,2021-09-23,2021
603879,永悦科技,1685000000.0000002,合成树脂,16.85,MID,2017-06-15,2017
300645,正元智慧,1688000000.0,其他计算机设备,16.88,MID,2017-05-05,2017
603709,中源家居,1689000000.0,成品家居,16.89,MID,2018-02-07,2018
301006,迈拓股份,1689000000.0,仪器仪表,16.89,MID,2021-06-04,2021
000663,永安林业,1694000000.0000002,林业Ⅲ,16.94,MID,2001-01-12,2001
000702,正虹科技,1695000000.0,畜禽饲料,16.95,MID,2000-04-05,2000
001336,楚环科技,1695000000.0,环保设备Ⅲ,16.95,MID,2022-07-22,2022
301390,经纬股份,1696000000.0,工程咨询服务Ⅲ,16.96,MID,2023-05-05,2023
301515,港通医疗,1697000000.0,医疗设备,16.97,MID,2023-07-24,2023
603029,天鹅股份,1698000000.0,农用机械,16.98,MID,2016-07-08,2016
603073,彩蝶实业,1704000000.0,涤纶,17.04,MID,2023-03-15,2023
300126,锐奇股份,1707999999.9999998,其他通用设备,17.08,MID,2011-04-12,2011
301505,苏州规划,1707999999.9999998,工程咨询服务Ⅲ,17.08,MID,2023-07-31,2023
301049,超越科技,1710000000.0000002,固废治理,17.1,MID,2021-08-23,2021
300549,优德精密,1711000000.0,其他专用设备,17.11,MID,2016-09-29,2016
301163,宏德股份,1712000000.0,风电零部件,17.12,MID,2022-04-18,2022
001373,翔腾新材,1719000000.0000002,光学元件,17.19,MID,2023-05-31,2023
002591,恒大高新,1723000000.0,其他化学制品,17.23,MID,2012-02-20,2012
301519,舜禹股份,1723000000.0,水务及水治理,17.23,MID,2023-07-26,2023
001366,播恩集团,1723999999.9999998,畜禽饲料,17.24,MID,2023-03-06,2023
300717,华信新材,1730999999.9999998,其他塑料制品,17.31,MID,2017-11-15,2017
300675,建科院,1735000000.0000002,工程咨询服务Ⅲ,17.35,MID,2017-07-18,2017
300949,奥雅股份,1738000000.0,园林工程,17.38,MID,2021-02-25,2021
300958,建工修复,1738000000.0,综合环境治理,17.38,MID,2021-03-26,2021
003042,中农联合,1741000000.0,农药,17.41,MID,2021-04-02,2021
600149,廊坊发展,1741000000.0,热力服务,17.41,MID,2001-02-09,2001
002760,凤形股份,1742000000.0000002,磨具磨料,17.42,MID,2015-07-14,2015
003003,天元股份,1744000000.0000002,综合包装,17.44,MID,2020-09-18,2020
001278,一彬科技,1745000000.0,车身附件及饰件,17.45,MID,2023-03-07,2023
002144,宏达高科,1745000000.0,其他纺织,17.45,MID,2007-10-16,2007
300961,深水海纳,1746000000.0,水务及水治理,17.46,MID,2021-03-29,2021
301001,凯淳股份,1746000000.0,电商服务,17.46,MID,2021-05-27,2021
301130,西点药业,1746000000.0,化学制剂,17.46,MID,2022-02-22,2022
600847,万里股份,1747000000.0,蓄电池及其他电池,17.47,MID,2001-07-09,2001
002820,桂发祥,1748000000.0,烘焙食品,17.48,MID,2016-12-01,2016
300670,大烨智能,1748999999.9999998,配电设备,17.49,MID,2017-11-20,2017
600202,哈空调,1752000000.0,制冷空调设备,17.52,MID,2000-09-05,2000
603177,德创环保,1752000000.0,大气治理,17.52,MID,2017-02-13,2017
605177,东亚药业,1757999999.9999998,原料药,17.58,MID,2020-11-24,2020
605122,四方新材,1761000000.0,水泥制品,17.61,MID,2021-03-09,2021
002513,蓝丰生化,1762000000.0,农药,17.62,MID,2011-10-17,2011
300517,海波重科,1764000000.0,钢结构,17.64,MID,2016-07-18,2016
603214,爱婴室,1769000000.0000002,专业连锁Ⅲ,17.69,MID,2018-03-29,2018
002715,登云股份,1771000000.0,底盘与发动机系统,17.71,MID,2014-03-21,2014
301198,喜悦智行,1771000000.0,塑料包装,17.71,MID,2021-12-01,2021
003011,海象新材,1773999999.9999998,瓷砖地板,17.74,MID,2020-09-29,2020
300514,友讯达,1776000000.0000002,电工仪器仪表,17.76,MID,2017-04-25,2017
001260,坤泰股份,1778000000.0,车身附件及饰件,17.78,MID,2023-02-15,2023
600099,林海股份,1784000000.0,其他运输设备,17.84,MID,2000-12-19,2000
603506,南都物业,1786000000.0,物业管理,17.86,MID,2018-01-31,2018
002696,百洋股份,1788000000.0,水产饲料,17.88,MID,2013-07-18,2013
300823,建科智能,1788000000.0,其他专用设备,17.88,MID,2020-03-18,2020
301126,达嘉维康,1789000000.0,医药流通,17.89,MID,2021-12-06,2021
003008,开普检测,1792000000.0000002,检测服务,17.92,MID,2020-09-22,2020
300929,华骐环保,1792000000.0000002,水务及水治理,17.92,MID,2021-01-19,2021
002205,国统股份,1793000000.0,水泥制品,17.93,MID,2008-03-18,2008
603028,赛福天,1794000000.0000002,金属制品,17.94,MID,2016-04-28,2016
001231,农心科技,1797000000.0,农药,17.97,MID,2022-08-18,2022
300556,丝路视觉,1800000000.0,垂直应用软件,18.0,MID,2016-11-03,2016
600768,宁波富邦,1800000000.0,铝,18.0,MID,2001-08-03,2001
000995,皇台酒业,1801000000.0000002,白酒Ⅲ,18.01,MID,2004-04-29,2004
002817,黄山胶囊,1801000000.0000002,原料药,18.01,MID,2016-10-24,2016
002247,聚力文化,1804000000.0,其他建材Ⅲ,18.04,MID,2008-12-12,2008
600303,曙光股份,1805000000.0,商用载客车,18.05,MID,2001-08-09,2001
301192,泰祥股份,1805000000.0,底盘与发动机系统,18.05,MID,2022-08-10,2022
301355,南王科技,1807000000.0,纸包装,18.07,MID,2023-06-09,2023
002778,中晟高科,1809000000.0,水务及水治理,18.09,MID,2016-04-14,2016
301272,英华特,1809000000.0,制冷空调设备,18.09,MID,2023-07-12,2023
600051,宁波联合,1809000000.0,综合Ⅲ,18.09,MID,2000-11-21,2000
603810,丰山集团,1809000000.0,农药,18.09,MID,2018-09-18,2018
002535,林州重机,1812000000.0,能源及重型设备,18.12,MID,2011-07-08,2011
002809,红墙股份,1812000000.0,其他化学制品,18.12,MID,2016-10-17,2016
300564,筑博设计,1814999999.9999998,工程咨询服务Ⅲ,18.15,MID,2019-11-07,2019
301359,东南电子,1817000000.0000002,其他电子Ⅲ,18.17,MID,2022-11-08,2022
002629,仁智股份,1819000000.0000002,油田服务,18.19,MID,2013-03-12,2013
603041,美思德,1820000000.0,聚氨酯,18.2,MID,2017-03-29,2017
300169,天晟新材,1826000000.0000002,其他化学制品,18.26,MID,2012-03-14,2012
600235,民丰特纸,1827000000.0,特种纸,18.27,MID,2000-09-22,2000
603282,亚光股份,1830999999.9999998,环保设备Ⅲ,18.31,MID,2023-03-14,2023
300883,龙利得,1834000000.0,纸包装,18.34,MID,2020-09-09,2020
300640,德艺文创,1835000000.0000002,其他家居用品,18.35,MID,2017-05-12,2017
002909,集泰股份,1837000000.0,有机硅,18.37,MID,2017-10-27,2017
002652,扬子新材,1838000000.0,其他建材Ⅲ,18.38,MID,2013-03-29,2013
301065,本立科技,1838000000.0,原料药,18.38,MID,2021-09-13,2021
301429,森泰股份,1838000000.0,其他建材Ⅲ,18.38,MID,2023-04-14,2023
301300,远翔新材,1839000000.0,炭黑,18.39,MID,2022-08-18,2022
600892,大晟文化,1841000000.0,游戏Ⅲ,18.41,MID,2001-10-30,2001
603880,南卫股份,1841000000.0,医疗耗材,18.41,MID,2017-12-26,2017
000985,大庆华科,1846000000.0,其他石化,18.46,MID,2000-09-29,2000
603208,江山欧派,1847000000.0,定制家居,18.47,MID,2017-02-09,2017
600706,曲江文旅,1848999999.9999998,人工景区,18.49,MID,2000-08-08,2000
300268,佳沃食品,1852000000.0,其他农产品加工,18.52,MID,2015-07-17,2015
600444,国机通用,1852000000.0,其他专用设备,18.52,MID,2005-01-17,2005
300935,盈建科,1854000000.0,垂直应用软件,18.54,MID,2021-01-19,2021
301024,霍普股份,1854000000.0,工程咨询服务Ⅲ,18.54,MID,2021-07-27,2021
002486,嘉麟杰,1855000000.0,运动服装,18.55,MID,2011-09-19,2011
002524,光正眼科,1860000000.0000002,医院,18.6,MID,2011-12-30,2011
605180,华生科技,1862000000.0,其他纺织,18.62,MID,2021-04-29,2021
002873,新天药业,1863000000.0,中药Ⅲ,18.63,MID,2017-06-05,2017
002800,天顺股份,1864000000.0,公路货运,18.64,MID,2016-06-02,2016
002622,皓宸医疗,1864999999.9999998,医院,18.65,MID,2013-06-07,2013
000637,茂化实华,1866000000.0,其他石化,18.66,MID,2000-05-18,2000
300112,万讯自控,1866000000.0,仪器仪表,18.66,MID,2011-06-13,2011
300313,天山生物,1875000000.0,其他养殖,18.75,MID,2013-07-02,2013
300854,中兰环保,1878000000.0,固废治理,18.78,MID,2021-09-15,2021
001211,双枪科技,1880999999.9999998,其他家居用品,18.81,MID,2021-08-04,2021
600774,汉商集团,1882000000.0,化学制剂,18.82,MID,2000-05-10,2000
301372,科净源,1884000000.0,水务及水治理,18.84,MID,2023-08-10,2023
300371,汇中股份,1887000000.0,仪器仪表,18.87,MID,2014-01-22,2014
603356,华菱精工,1889000000.0,楼宇设备,18.89,MID,2018-02-06,2018
300665,飞鹿股份,1891000000.0,涂料油墨,18.91,MID,2017-07-04,2017
300851,交大思诺,1892000000.0000002,轨交设备Ⅲ,18.92,MID,2020-07-30,2020
002802,洪汇新材,1894000000.0000002,其他化学制品,18.94,MID,2016-06-28,2016
000952,广济药业,1895000000.0,原料药,18.95,MID,2000-10-27,2000
603385,惠达卫浴,1896000000.0,卫浴制品,18.96,MID,2017-03-31,2017
603182,嘉华股份,1897000000.0,粮油加工,18.97,MID,2022-09-16,2022
300074,华平股份,1898999999.9999998,垂直应用软件,18.99,MID,2010-08-13,2010
000633,合金投资,1902000000.0,其他金属新材料,19.02,MID,2003-12-15,2003
300305,裕兴股份,1903000000.0,膜材料,19.03,MID,2012-03-30,2012
603616,韩建河山,1905000000.0,水泥制品,19.05,MID,2015-07-21,2015
603900,莱绅通灵,1907000000.0,钟表珠宝,19.07,MID,2016-11-24,2016
300928,华安鑫创,1909000000.0,汽车电子电气系统,19.09,MID,2021-01-05,2021
002968,新大正,1910000000.0000002,物业管理,19.1,MID,2019-12-16,2019
600371,万向德农,1913000000.0,种子,19.13,MID,2003-03-07,2003
301156,美农生物,1914000000.0,食品及饲料添加剂,19.14,MID,2022-06-16,2022
002949,华阳国际,1914999999.9999998,工程咨询服务Ⅲ,19.15,MID,2019-02-25,2019
002999,天禾股份,1914999999.9999998,复合肥,19.15,MID,2020-09-02,2020
600802,福建水泥,1914999999.9999998,水泥制造,19.15,MID,2000-03-30,2000
300597,吉大通信,1916000000.0,通信工程及服务,19.16,MID,2017-02-03,2017
600287,苏豪时尚,1918000000.0,贸易Ⅲ,19.18,MID,2001-01-11,2001
002105,信隆健康,1923000000.0,其他运输设备,19.23,MID,2007-03-02,2007
300030,阳普医疗,1923000000.0,医疗设备,19.23,MID,2010-10-21,2010
600097,开创国际,1923000000.0,海洋捕捞,19.23,MID,2001-02-05,2001
603168,莎普爱思,1923000000.0,化学制剂,19.23,MID,2014-08-06,2014
300176,鸿特科技,1925000000.0,底盘与发动机系统,19.25,MID,2011-09-06,2011
301336,趣睡科技,1930999999.9999998,成品家居,19.31,MID,2022-08-11,2022
600128,苏豪弘业,1930999999.9999998,贸易Ⅲ,19.31,MID,2000-05-15,2000
000619,海螺新材,1932000000.0,其他建材Ⅲ,19.32,MID,2000-06-15,2000
300713,英可瑞,1932999999.9999998,其他电源设备Ⅲ,19.33,MID,2017-10-31,2017
600159,大龙地产,1934000000.0,住宅开发,19.34,MID,2000-07-11,2000
000590,古汉医药,1935000000.0000002,中药Ⅲ,19.35,MID,2001-03-13,2001
002133,广宇集团,1935000000.0000002,住宅开发,19.35,MID,2007-06-15,2007
300610,晨化股份,1936000000.0,其他化学制品,19.36,MID,2017-02-10,2017
301135,瑞德智能,1936000000.0,家电零部件Ⅲ,19.36,MID,2022-04-11,2022
002656,摩登大道,1938000000.0,非运动服装,19.38,MID,2013-09-11,2013
600615,鑫源智造,1939999999.9999998,铝,19.4,MID,2001-11-07,2001
300412,迦南科技,1941000000.0,其他专用设备,19.41,MID,2015-05-25,2015
300637,扬帆新材,1941000000.0,其他化学制品,19.41,MID,2017-04-11,2017
300642,透景生命,1941000000.0,体外诊断,19.41,MID,2017-04-20,2017
002963,豪尔赛,1943000000.0,装修装饰Ⅲ,19.43,MID,2019-10-25,2019
300013,新宁物流,1948999999.9999998,端到端供应链服务,19.49,MID,2010-07-30,2010
600689,上海三毛,1950000000.0,综合Ⅲ,19.5,MID,2001-01-03,2001
300707,威唐工业,1952000000.0,其他汽车零部件,19.52,MID,2017-10-09,2017
603968,醋化股份,1953000000.0,食品及饲料添加剂,19.53,MID,2015-05-15,2015
000605,渤海股份,1954000000.0,水务及水治理,19.54,MID,2002-09-06,2002
300844,山水比德,1954000000.0,工程咨询服务Ⅲ,19.54,MID,2021-08-12,2021
300106,西部牧业,1957000000.0,乳品,19.57,MID,2010-11-25,2010
000757,浩物股份,1960000000.0000002,汽车综合服务,19.6,MID,2007-04-02,2007
603326,我乐家居,1963000000.0,定制家居,19.63,MID,2017-06-16,2017
300240,飞力达,1969000000.0000002,端到端供应链服务,19.69,MID,2012-02-21,2012
000953,中哲精化,1970000000.0,原料药,19.7,MID,2001-07-23,2001
002856,美芝股份,1973000000.0,装修装饰Ⅲ,19.73,MID,2017-09-25,2017
300947,德必集团,1973999999.9999998,商业物业经营,19.74,MID,2021-02-09,2021
300254,仟源医药,1975000000.0,化学制剂,19.75,MID,2012-01-10,2012
002679,福建金森,1976000000.0000002,林业Ⅲ,19.76,MID,2012-09-21,2012
301314,科瑞思,1977000000.0,通信网络设备及器件,19.77,MID,2023-03-27,2023
600692,亚通股份,1977000000.0,住宅开发,19.77,MID,2000-04-25,2000
301036,双乐股份,1979000000.0,涂料油墨,19.79,MID,2021-07-28,2021
300845,捷安高科,1980000000.0,其他计算机设备,19.8,MID,2020-07-02,2020
300387,富邦科技,1989000000.0,复合肥,19.89,MID,2014-11-13,2014
603176,汇通集团,1991000000.0,基建市政工程,19.91,MID,2021-12-30,2021
000692,惠天热电,1998000000.0,热力服务,19.98,MID,2000-08-17,2000
003027,同兴科技,1998999999.9999998,大气治理,19.99,MID,2020-12-17,2020
002799,环球印务,2000000000.0,纸包装,20.0,MID,2016-08-31,2016
300778,新城市,2002000000.0,工程咨询服务Ⅲ,20.02,MID,2019-05-09,2019
301539,宏鑫科技,2002000000.0,轮胎轮毂,20.02,MID,2024-04-12,2024
000679,大连友谊,2003000000.0,百货,20.03,MID,2000-11-24,2000
001255,博菲电气,2005000000.0,合成树脂,20.05,MID,2022-09-29,2022
002836,新宏泽,2007000000.0,纸包装,20.07,MID,2017-01-12,2017
301231,荣信文化,2007000000.0,大众出版,20.07,MID,2022-09-07,2022
002633,申科股份,2010000000.0000002,金属制品,20.1,MID,2013-03-13,2013
002295,精艺股份,2012000000.0,铜,20.12,MID,2010-02-26,2010
600540,新赛股份,2012000000.0,其他种植业,20.12,MID,2004-08-18,2004
002253,川大智胜,2013000000.0,垂直应用软件,20.13,MID,2008-08-05,2008
603023,威帝股份,2014999999.9999998,汽车电子电气系统,20.15,MID,2015-06-30,2015
301353,普莱得,2022000000.0,其他通用设备,20.22,MID,2023-05-29,2023
605001,威奥股份,2023000000.0,轨交设备Ⅲ,20.23,MID,2020-05-21,2020
002857,三晖电气,2025000000.0,电工仪器仪表,20.25,MID,2017-07-10,2017
301229,纽泰格,2025000000.0,底盘与发动机系统,20.25,MID,2022-02-21,2022
001277,速达股份,2028000000.0,能源及重型设备,20.28,MID,2024-09-02,2024
603079,圣达生物,2030000000.0,食品及饲料添加剂,20.3,MID,2017-10-20,2017
002858,力盛体育,2030999999.9999998,体育Ⅲ,20.31,MID,2017-04-06,2017
600148,长春一东,2030999999.9999998,底盘与发动机系统,20.31,MID,2000-12-06,2000
300906,日月明,2032000000.0,仪器仪表,20.32,MID,2020-11-04,2020
300865,大宏立,2032999999.9999998,能源及重型设备,20.33,MID,2020-08-21,2020
603982,泉峰汽车,2034000000.0,底盘与发动机系统,20.34,MID,2019-05-21,2019
603321,梅轮电梯,2038000000.0,楼宇设备,20.38,MID,2017-09-14,2017
002495,佳隆股份,2039999999.9999998,调味发酵品Ⅲ,20.4,MID,2010-11-22,2010
605069,正和生态,2041000000.0,综合环境治理,20.41,MID,2021-08-13,2021
603151,邦基科技,2043000000.0,畜禽饲料,20.43,MID,2022-10-28,2022
002848,高斯贝尔,2044000000.0000002,彩电,20.44,MID,2017-02-17,2017
603238,诺邦股份,2047000000.0,生活用纸,20.47,MID,2017-06-06,2017
000586,汇源通信,2050000000.0,通信线缆及配套,20.5,MID,2002-01-21,2002
001209,洪兴股份,2052000000.0,非运动服装,20.52,MID,2021-07-22,2021
001202,炬申股份,2054000000.0,原材料供应链服务,20.54,MID,2021-04-28,2021
002732,燕塘乳业,2057000000.0,乳品,20.57,MID,2014-12-22,2014
002671,龙泉股份,2061000000.0,水泥制品,20.61,MID,2012-09-21,2012
300612,宣亚国际,2062000000.0,营销代理,20.62,MID,2017-10-25,2017
300971,博亚精工,2063000000.0,其他专用设备,20.63,MID,2021-04-14,2021
603183,建研院,2068000000.0,检测服务,20.68,MID,2017-09-12,2017
603536,惠发食品,2070000000.0,预加工食品,20.7,MID,2017-06-12,2017
301512,智信精密,2071000000.0,其他自动化设备,20.71,MID,2023-07-19,2023
301331,恩威医药,2073999999.9999998,中药Ⅲ,20.74,MID,2022-09-20,2022
000955,欣龙控股,2078000000.0,其他纺织,20.78,MID,2000-12-08,2000
300992,泰福泵业,2079000000.0,其他通用设备,20.79,MID,2021-05-31,2021
300103,达刚控股,2080000000.0,其他专用设备,20.8,MID,2011-01-10,2011
300743,天地数码,2082000000.0,其他计算机设备,20.82,MID,2018-04-26,2018
003017,大洋生物,2082999999.9999998,无机盐,20.83,MID,2020-10-23,2020
003023,彩虹集团,2086000000.0,个护小家电,20.86,MID,2020-12-10,2020
603172,万丰股份,2087000000.0,纺织化学制品,20.87,MID,2023-05-09,2023
600281,华阳新材,2088000000.0,其他小金属,20.88,MID,2001-07-09,2001
603755,日辰股份,2089000000.0,调味发酵品Ⅲ,20.89,MID,2019-08-27,2019
603721,中广天择,2089000000.0,影视动漫制作,20.89,MID,2017-08-23,2017
600533,栖霞建设,2089999999.9999998,住宅开发,20.9,MID,2002-12-17,2002
600241,时代万恒,2092000000.0000002,锂电池,20.92,MID,2002-01-11,2002
301601,惠通科技,2092000000.0000002,能源及重型设备,20.92,MID,2025-01-14,2025
603102,百合股份,2092000000.0000002,保健品,20.92,MID,2022-01-24,2022
001234,泰慕士,2095000000.0,运动服装,20.95,MID,2022-01-10,2022
002114,罗平锌电,2096000000.0,铅锌,20.96,MID,2007-12-25,2007
600232,金鹰股份,2097000000.0,纺织服装设备,20.97,MID,2001-05-08,2001
300837,浙矿股份,2098999999.9999998,能源及重型设备,20.99,MID,2020-06-04,2020
001387,雪祺电气,2101000000.0000002,冰洗,21.01,MID,2024-01-10,2024
603117,万林物流,2103000000.0,跨境物流,21.03,MID,2015-07-20,2015
002780,三夫户外,2105000000.0,运动服装,21.05,MID,2015-12-22,2015
300989,蕾奥规划,2105000000.0,工程咨询服务Ⅲ,21.05,MID,2021-05-06,2021
301503,智迪科技,2105000000.0,其他计算机设备,21.05,MID,2023-07-14,2023
000548,湖南投资,2107000000.0,高速公路,21.07,MID,2000-04-04,2000
300554,三超新材,2107999999.9999998,磨具磨料,21.08,MID,2017-04-25,2017
002381,双箭股份,2111000000.0,其他橡胶制品,21.11,MID,2010-06-04,2010
301170,锡南科技,2112000000.0,底盘与发动机系统,21.12,MID,2023-06-26,2023
600319,亚星化学,2113000000.0,氯碱,21.13,MID,2002-12-24,2002
300195,长荣股份,2114000000.0,印刷包装机械,21.14,MID,2011-10-17,2011
300513,恒实科技,2114000000.0,通信工程及服务,21.14,MID,2016-10-26,2016
300732,设研院,2116000000.0,工程咨询服务Ⅲ,21.16,MID,2018-02-12,2018
603937,丽岛新材,2120000000.0,铝,21.2,MID,2017-11-01,2017
301166,优宁维,2125000000.0,其他生物制品,21.25,MID,2021-12-27,2021
002319,乐通股份,2126000000.0000002,涂料油墨,21.26,MID,2010-11-18,2010
300800,力合科技,2130999999.9999998,环保设备Ⅲ,21.31,MID,2019-11-05,2019
301118,恒光股份,2130999999.9999998,其他化学原料,21.31,MID,2021-11-17,2021
605258,协和电子,2132000000.0,印制电路板,21.32,MID,2020-12-02,2020
600833,第一医药,2137000000.0,线下药店,21.37,MID,2001-11-30,2001
002492,恒基达鑫,2138000000.0,仓储物流,21.38,MID,2012-01-09,2012
300784,利安科技,2138000000.0,消费电子零部件及组装,21.38,MID,2024-06-06,2024
600831,广电网络,2139999999.9999998,电视广播Ⅲ,21.4,MID,2000-04-27,2000
002076,星光股份,2141000000.0,照明设备Ⅲ,21.41,MID,2008-03-18,2008
300694,蠡湖股份,2142000000.0000002,底盘与发动机系统,21.42,MID,2018-10-12,2018
000705,浙江震元,2158000000.0,医药流通,21.58,MID,2000-05-30,2000
002420,毅昌科技,2159000000.0,家电零部件Ⅲ,21.59,MID,2010-06-25,2010
600807,济高发展,2159000000.0,体外诊断,21.59,MID,2002-04-24,2002
002566,益盛药业,2161000000.0,中药Ⅲ,21.61,MID,2011-06-27,2011
301159,三维天地,2161000000.0,垂直应用软件,21.61,MID,2022-01-06,2022
605003,众望布艺,2162000000.0,家纺,21.62,MID,2020-09-07,2020
300543,朗科智能,2163000000.0,家电零部件Ⅲ,21.63,MID,2017-01-11,2017
301287,康力源,2163000000.0,娱乐用品,21.63,MID,2023-06-13,2023
300956,英力股份,2165000000.0,消费电子零部件及组装,21.65,MID,2021-04-09,2021
301395,仁信新材,2169000000.0,合成树脂,21.69,MID,2023-06-30,2023
300519,新光药业,2170000000.0,中药Ⅲ,21.7,MID,2016-06-30,2016
301022,海泰科,2171000000.0,其他汽车零部件,21.71,MID,2021-07-15,2021
301320,豪江智能,2171000000.0,工控设备,21.71,MID,2023-06-08,2023
603096,新经典,2172000000.0,大众出版,21.72,MID,2017-04-24,2017
002209,达 意 隆,2180000000.0,印刷包装机械,21.8,MID,2008-10-29,2008
300987,川网传媒,2181000000.0,门户网站,21.81,MID,2021-05-10,2021
002862,实丰文化,2183000000.0,娱乐用品,21.83,MID,2017-04-10,2017
300025,华星创业,2183000000.0,通信工程及服务,21.83,MID,2011-07-15,2011
300155,安居宝,2189000000.0,安防设备,21.89,MID,2011-03-01,2011
300876,蒙泰高新,2189000000.0,其他化学纤维,21.89,MID,2020-08-21,2020
301212,联盛化学,2189000000.0,其他化学制品,21.89,MID,2022-04-18,2022
301233,盛帮股份,2190000000.0,其他汽车零部件,21.9,MID,2022-07-05,2022
300585,奥联电子,2195000000.0,底盘与发动机系统,21.95,MID,2017-01-13,2017
300097,智云股份,2196000000.0,其他自动化设备,21.96,MID,2010-12-31,2010
301106,骏成科技,2197000000.0,面板,21.97,MID,2022-02-17,2022
603307,扬州金泉,2197000000.0,鞋帽及其他,21.97,MID,2023-02-15,2023
300616,尚品宅配,2198000000.0,定制家居,21.98,MID,2017-03-06,2017
300960,通业科技,2198000000.0,轨交设备Ⅲ,21.98,MID,2021-03-26,2021
300583,赛托生物,2199000000.0,原料药,21.99,MID,2017-01-05,2017
300813,泰林生物,2206000000.0,其他专用设备,22.06,MID,2020-01-13,2020
301011,华立科技,2206000000.0,娱乐用品,22.06,MID,2021-06-16,2021
002723,小崧股份,2210000000.0,照明设备Ⅲ,22.1,MID,2014-06-23,2014
603488,展鹏科技,2210000000.0,楼宇设备,22.1,MID,2017-06-08,2017
603818,曲美家居,2211000000.0,成品家居,22.11,MID,2015-06-11,2015
002069,獐子岛,2212000000.0,水产养殖,22.12,MID,2007-07-18,2007
301469,恒达新材,2214000000.0,特种纸,22.14,MID,2023-08-21,2023
300565,科信技术,2217000000.0,通信网络设备及器件,22.17,MID,2016-11-21,2016
600359,新农开发,2217000000.0,其他种植业,22.17,MID,2000-10-13,2000
301083,百胜智能,2218000000.0,其他专用设备,22.18,MID,2021-10-20,2021
301378,通达海,2218000000.0,垂直应用软件,22.18,MID,2023-03-17,2023
600854,春兰股份,2218000000.0,住宅开发,22.18,MID,2001-11-09,2001
300644,南京聚隆,2219000000.0,改性塑料,22.19,MID,2018-02-08,2018
603787,新日股份,2219000000.0,摩托车,22.19,MID,2017-04-26,2017
301577,美信科技,2220000000.0,通信网络设备及器件,22.2,MID,2024-01-23,2024
002084,海鸥住工,2222000000.0,卫浴制品,22.22,MID,2007-03-15,2007
002058,威尔泰,2223000000.0,仪器仪表,22.23,MID,2006-10-24,2006
002830,名雕股份,2223000000.0,装修装饰Ⅲ,22.23,MID,2016-12-12,2016
603180,金牌家居,2224000000.0,定制家居,22.24,MID,2017-05-11,2017
605151,西上海,2224000000.0,车身附件及饰件,22.24,MID,2020-12-14,2020
300977,深圳瑞捷,2226000000.0,工程咨询服务Ⅲ,22.26,MID,2021-04-19,2021
603700,宁水集团,2228000000.0,仪器仪表,22.28,MID,2019-01-21,2019
301040,中环海陆,2233000000.0,风电零部件,22.33,MID,2021-08-09,2021
002942,新农股份,2234000000.0,农药,22.34,MID,2018-12-04,2018
603909,建发合诚,2237000000.0,工程咨询服务Ⅲ,22.37,MID,2016-08-31,2016
301388,欣灵电气,2240000000.0,配电设备,22.4,MID,2022-11-08,2022
603188,亚邦股份,2241000000.0,纺织化学制品,22.41,MID,2015-01-14,2015
300995,奇德新材,2244000000.0,改性塑料,22.44,MID,2021-05-25,2021
301227,森鹰窗业,2253000000.0,定制家居,22.53,MID,2022-09-23,2022
603797,联泰环保,2255000000.0,水务及水治理,22.55,MID,2017-04-12,2017
001368,通达创智,2258000000.0,娱乐用品,22.58,MID,2023-03-10,2023
300422,博世科,2258000000.0,水务及水治理,22.58,MID,2015-03-25,2015
603332,苏州龙杰,2261000000.0,涤纶,22.61,MID,2019-01-16,2019
301041,金百泽,2264000000.0,印制电路板,22.64,MID,2021-08-10,2021
300937,药易购,2268000000.0,医药流通,22.68,MID,2021-01-26,2021
301105,鸿铭股份,2268000000.0,印刷包装机械,22.68,MID,2022-12-29,2022
300703,创源股份,2269000000.0,文化用品,22.69,MID,2017-09-22,2017
300340,科恒股份,2270000000.0,电池化学品,22.7,MID,2013-04-11,2013
600463,空港股份,2271000000.0,产业地产,22.71,MID,2004-07-07,2004
301032,新柴股份,2271000000.0,其他通用设备,22.71,MID,2021-07-21,2021
301567,贝隆精密,2274000000.0,消费电子零部件及组装,22.74,MID,2024-01-15,2024
002159,三特索道,2275000000.0,自然景区,22.75,MID,2008-04-29,2008
301057,汇隆新材,2277000000.0,涤纶,22.77,MID,2021-09-15,2021
002343,慈文传媒,2278000000.0,影视动漫制作,22.78,MID,2010-11-16,2010
002890,弘宇股份,2278000000.0,农用机械,22.78,MID,2017-08-15,2017
603089,正裕工业,2280000000.0,底盘与发动机系统,22.8,MID,2017-01-25,2017
603779,威龙股份,2285000000.0,其他酒类,22.85,MID,2016-06-01,2016
301052,果麦文化,2286000000.0,大众出版,22.86,MID,2021-08-27,2021
301258,富士莱,2286000000.0,原料药,22.86,MID,2022-03-28,2022
300150,世纪瑞尔,2288000000.0,IT服务Ⅲ,22.88,MID,2011-10-10,2011
600992,贵绳股份,2289000000.0,金属制品,22.89,MID,2004-07-06,2004
002660,茂硕电源,2290000000.0,消费电子零部件及组装,22.9,MID,2012-11-30,2012
300796,贝斯美,2293000000.0,农药,22.93,MID,2019-11-14,2019
001333,光华股份,2295000000.0,合成树脂,22.95,MID,2022-12-07,2022
000573,粤宏远Ａ,2298000000.0,住宅开发,22.98,MID,2000-03-31,2000
600793,宜宾纸业,2298000000.0,特种纸,22.98,MID,2001-03-05,2001
605033,美邦股份,2298000000.0,农药,22.98,MID,2021-09-15,2021
301278,快可电子,2305000000.0,光伏电池组件,23.05,MID,2022-08-03,2022
002574,明牌珠宝,2307000000.0,钟表珠宝,23.07,MID,2012-01-20,2012
300930,屹通新材,2307000000.0,其他金属新材料,23.07,MID,2021-01-20,2021
300334,津膜科技,2308000000.0,水务及水治理,23.08,MID,2013-05-22,2013
603086,先达股份,2309000000.0,农药,23.09,MID,2017-05-10,2017
300536,农尚环境,2311000000.0,园林工程,23.11,MID,2016-09-21,2016
002790,瑞尔特,2315000000.0,卫浴制品,23.15,MID,2016-03-07,2016
300350,华鹏飞,2315000000.0,端到端供应链服务,23.15,MID,2013-06-13,2013
301009,可靠股份,2324000000.0,生活用纸,23.24,MID,2021-06-16,2021
301067,显盈科技,2324000000.0,消费电子零部件及组装,23.24,MID,2021-09-17,2021
002576,通达动力,2325000000.0,电机Ⅲ,23.25,MID,2012-10-31,2012
603917,合力科技,2326000000.0,其他汽车零部件,23.26,MID,2017-12-01,2017
002982,湘佳股份,2331000000.0,肉鸡养殖,23.31,MID,2020-04-23,2020
300892,品渥食品,2331000000.0,乳品,23.31,MID,2020-09-23,2020
002700,万憬能源,2333000000.0,燃气Ⅲ,23.33,MID,2012-10-25,2012
301276,嘉曼服饰,2334000000.0,非运动服装,23.34,MID,2022-09-08,2022
600661,昂立教育,2335000000.0,培训教育,23.35,MID,2000-09-29,2000
002377,国创高新,2337000000.0,其他石化,23.37,MID,2011-02-15,2011
000790,华神科技,2339000000.0,中药Ⅲ,23.39,MID,2000-08-31,2000
603189,XD*ST网,2340000000.0,垂直应用软件,23.4,MID,2016-09-19,2016
301337,亚华电子,2340000000.0,垂直应用软件,23.4,MID,2023-05-25,2023
301578,辰奕智能,2340000000.0,其他黑色家电,23.4,MID,2023-12-27,2023
300647,超频三,2341000000.0,消费电子零部件及组装,23.41,MID,2017-07-03,2017
603289,泰瑞机器,2341000000.0,其他专用设备,23.41,MID,2017-10-30,2017
603331,百达精工,2341000000.0,其他通用设备,23.41,MID,2017-07-04,2017
300651,金陵体育,2344000000.0,娱乐用品,23.44,MID,2017-05-08,2017
300509,新美星,2345000000.0,印刷包装机械,23.45,MID,2016-04-28,2016
002098,浔兴股份,2348000000.0,辅料,23.48,MID,2008-05-29,2008
002888,惠威科技,2348000000.0,品牌消费电子,23.48,MID,2017-07-26,2017
002855,捷荣技术,2351000000.0,消费电子零部件及组装,23.51,MID,2017-03-20,2017
300281,金明精机,2354000000.0,其他专用设备,23.54,MID,2012-03-26,2012
002682,龙洲股份,2356000000.0,公路货运,23.56,MID,2012-10-31,2012
301125,腾亚精工,2356000000.0,其他通用设备,23.56,MID,2022-06-07,2022
603076,乐惠国际,2360000000.0,其他专用设备,23.6,MID,2017-11-10,2017
603602,纵横通信,2361000000.0,营销代理,23.61,MID,2017-11-10,2017
600560,金自天正,2362000000.0,能源及重型设备,23.62,MID,2002-11-27,2002
603895,天永智能,2366000000.0,其他专用设备,23.66,MID,2018-01-19,2018
603136,天目湖,2366000000.0,自然景区,23.66,MID,2017-09-26,2017
603329,上海雅仕,2370000000.0,原材料供应链服务,23.7,MID,2018-01-08,2018
002742,冀衡医药,2374000000.0,化学制剂,23.74,MID,2015-06-30,2015
603320,迪贝电气,2377000000.0,电机Ⅲ,23.77,MID,2017-04-28,2017
002712,思美传媒,2378000000.0,营销代理,23.78,MID,2014-11-14,2014
002767,先锋电子,2379000000.0,仪器仪表,23.79,MID,2015-06-11,2015
002442,龙星科技,2381000000.0,炭黑,23.81,MID,2011-09-28,2011
300789,唐源电气,2381000000.0,其他计算机设备,23.81,MID,2019-08-27,2019
300915,海融科技,2383000000.0,乳品,23.83,MID,2020-12-01,2020
300426,华智数媒,2387000000.0,影视动漫制作,23.87,MID,2015-06-25,2015
300165,天瑞仪器,2388000000.0,仪器仪表,23.88,MID,2011-12-09,2011
002330,得利斯,2389000000.0,肉制品,23.89,MID,2010-05-07,2010
300950,德固特,2392000000.0,能源及重型设备,23.92,MID,2021-03-16,2021
603042,华脉科技,2392000000.0,通信线缆及配套,23.92,MID,2017-06-12,2017
300828,锐新科技,2406000000.0,金属制品,24.06,MID,2020-05-07,2020
002234,民和股份,2408000000.0,肉鸡养殖,24.08,MID,2008-06-17,2008
301533,威马农机,2409000000.0,农用机械,24.09,MID,2023-08-17,2023
300538,同益股份,2410000000.0,改性塑料,24.1,MID,2016-08-25,2016
600257,大湖股份,2411000000.0,水产养殖,24.11,MID,2001-06-15,2001
002729,好利科技,2413000000.0,其他电子Ⅲ,24.13,MID,2015-03-04,2015
000014,沙河股份,2418000000.0,住宅开发,24.18,MID,2000-09-01,2000
600573,惠泉啤酒,2418000000.0,啤酒,24.18,MID,2003-04-22,2003
000635,英 力 特,2420000000.0,氯碱,24.2,MID,2000-09-05,2000
001219,青岛食品,2420000000.0,烘焙食品,24.2,MID,2021-10-20,2021
002172,澳洋健康,2420000000.0,医院,24.2,MID,2008-03-17,2008
002661,克明食品,2422000000.0,预加工食品,24.22,MID,2012-06-29,2012
300807,天迈科技,2422000000.0,其他计算机设备,24.22,MID,2020-01-09,2020
301636,泽润新能,2423000000.0,光伏电池组件,24.23,MID,2025-05-15,2025
000565,渝三峡Ａ,2424000000.0,涂料油墨,24.24,MID,2000-10-31,2000
301185,鸥玛软件,2424000000.0,IT服务Ⅲ,24.24,MID,2021-11-18,2021
300163,先锋新材,2432000000.0,其他化学制品,24.32,MID,2012-10-08,2012
300994,久祺股份,2433000000.0,其他运输设备,24.33,MID,2021-08-11,2021
300269,联建光电,2434000000.0,LED,24.34,MID,2012-11-12,2012
301103,何氏眼科,2435000000.0,医院,24.35,MID,2022-03-21,2022
301418,协昌科技,2439000000.0,工控设备,24.39,MID,2023-08-18,2023
002813,路畅科技,2440000000.0,汽车电子电气系统,24.4,MID,2016-12-28,2016
603617,君禾股份,2440000000.0,其他通用设备,24.4,MID,2017-06-30,2017
603059,倍加洁,2443000000.0,洗护用品,24.43,MID,2018-03-01,2018
603677,奇精机械,2444000000.0,家电零部件Ⅲ,24.44,MID,2017-02-10,2017
600858,银座股份,2444000000.0,多业态零售,24.44,MID,2001-08-10,2001
002769,普路通,2445000000.0,端到端供应链服务,24.45,MID,2015-08-18,2015
600439,瑞贝卡,2445000000.0,其他饰品,24.45,MID,2003-09-26,2003
000545,金浦钛业,2447000000.0,钛白粉,24.47,MID,2003-05-29,2003
603017,中衡设计,2450000000.0,工程咨询服务Ⅲ,24.5,MID,2015-04-15,2015
002877,智能自控,2452000000.0,金属制品,24.52,MID,2017-06-02,2017
300701,森霸传感,2452000000.0,光学元件,24.52,MID,2017-09-14,2017
600538,国发股份,2453000000.0,体外诊断,24.53,MID,2004-01-07,2004
600665,天地源,2454000000.0,住宅开发,24.54,MID,2000-09-01,2000
300942,易瑞生物,2455000000.0,体外诊断,24.55,MID,2021-02-08,2021
002771,真视通,2456000000.0,IT服务Ⅲ,24.56,MID,2015-09-02,2015
603036,如通股份,2458000000.0,能源及重型设备,24.58,MID,2016-12-15,2016
603836,海程邦达,2459000000.0,跨境物流,24.59,MID,2021-05-25,2021
002072,凯瑞德,2460000000.0,贸易Ⅲ,24.6,MID,2009-01-19,2009
002551,尚荣医疗,2460000000.0,医疗设备,24.6,MID,2011-10-17,2011
300306,远方信息,2461000000.0,仪器仪表,24.61,MID,2012-08-21,2012
003038,鑫铂股份,2463000000.0,铝,24.63,MID,2021-02-09,2021
605155,西大门,2464000000.0,其他家居用品,24.64,MID,2020-12-30,2020
301586,佳力奇,2465000000.0,航空装备Ⅲ,24.65,MID,2024-08-27,2024
603586,金麒麟,2466000000.0,底盘与发动机系统,24.66,MID,2017-04-05,2017
300824,北鼎股份,2467000000.0,厨房小家电,24.67,MID,2020-06-18,2020
300631,久吾高科,2468000000.0,环保设备Ⅲ,24.68,MID,2017-03-22,2017
300275,梅安森,2470000000.0,安防设备,24.7,MID,2011-11-21,2011
600405,动力源,2470000000.0,其他电源设备Ⅲ,24.7,MID,2004-07-16,2004
603335,迪生力,2470000000.0,轮胎轮毂,24.7,MID,2017-06-19,2017
603633,徕木股份,2471000000.0,消费电子零部件及组装,24.71,MID,2016-11-24,2016
002775,文科股份,2472000000.0,园林工程,24.72,MID,2015-07-13,2015
603886,元祖股份,2472000000.0,烘焙食品,24.72,MID,2016-12-27,2016
001300,三柏硕,2474000000.0,娱乐用品,24.74,MID,2022-10-18,2022
603839,安正时尚,2477000000.0,非运动服装,24.77,MID,2017-02-14,2017
301152,天力锂能,2478000000.0,电池化学品,24.78,MID,2022-08-26,2022
002659,凯文教育,2483000000.0,学历教育,24.83,MID,2012-12-26,2012
300965,恒宇信通,2485000000.0,航空装备Ⅲ,24.85,MID,2021-05-06,2021
300052,中青宝,2488000000.0,游戏Ⅲ,24.88,MID,2011-01-06,2011
301081,严牌股份,2489000000.0,环保设备Ⅲ,24.89,MID,2021-10-19,2021
001205,盛航股份,2493000000.0,航运,24.93,MID,2021-05-12,2021
301107,瑜欣电子,2493000000.0,其他通用设备,24.93,MID,2022-05-23,2022
002702,海欣食品,2495000000.0,预加工食品,24.95,MID,2013-01-07,2013
002828,贝肯能源,2498000000.0,油田服务,24.98,MID,2016-12-16,2016
002687,乔治白,2499000000.0,非运动服装,24.99,MID,2012-07-19,2012
300659,中孚信息,2500000000.0,其他计算机设备,25.0,MID,2017-11-02,2017
301299,卓创资讯,2500000000.0,门户网站,25.0,MID,2022-10-18,2022
601996,丰林集团,2500000000.0,其他家居用品,25.0,MID,2012-03-05,2012
603030,全筑股份,2502000000.0,装修装饰Ⅲ,25.02,MID,2015-04-15,2015
301203,国泰环保,2505000000.0,水务及水治理,25.05,MID,2023-04-03,2023
300625,三雄极光,2511000000.0,照明设备Ⅲ,25.11,MID,2017-03-16,2017
000504,南华生物,2515000000.0,其他医疗服务,25.15,MID,2002-07-18,2002
002893,京能热力,2515000000.0,热力服务,25.15,MID,2017-09-25,2017
600671,天目药业,2516000000.0,中药Ⅲ,25.16,MID,2002-04-01,2002
300650,太龙股份,2518000000.0,其他电子Ⅲ,25.18,MID,2017-05-02,2017
000153,丰原药业,2519000000.0,化学制剂,25.19,MID,2002-06-10,2002
603628,清源股份,2522000000.0,光伏辅材,25.22,MID,2017-01-17,2017
002388,新亚制程,2523000000.0,其他电子Ⅲ,25.23,MID,2010-12-30,2010
300922,天秦装备,2524000000.0,地面兵装Ⅲ,25.24,MID,2020-12-24,2020
605266,健之佳,2524000000.0,线下药店,25.24,MID,2020-11-30,2020
002748,世龙实业,2525000000.0,氯碱,25.25,MID,2015-04-15,2015
301059,金三江,2527000000.0,其他化学制品,25.27,MID,2021-09-10,2021
300218,安利股份,2528000000.0,其他塑料制品,25.28,MID,2011-06-13,2011
301173,毓恬冠佳,2528000000.0,车身附件及饰件,25.28,MID,2025-02-28,2025
300970,华绿生物,2531000000.0,食用菌,25.31,MID,2021-04-09,2021
301056,森赫股份,2532000000.0,楼宇设备,25.32,MID,2021-09-06,2021
301097,天益医疗,2532000000.0,医疗耗材,25.32,MID,2022-04-06,2022
000159,国际实业,2533000000.0,油品石化贸易,25.33,MID,2001-10-23,2001
300653,正海生物,2536000000.0,医疗耗材,25.36,MID,2017-05-15,2017
300335,迪森股份,2538000000.0,热力服务,25.38,MID,2013-02-21,2013
001296,长江材料,2540000000.0,非金属材料Ⅲ,25.4,MID,2021-12-23,2021
002835,同为股份,2540000000.0,安防设备,25.4,MID,2016-12-27,2016
300410,正业科技,2540000000.0,锂电专用设备,25.4,MID,2015-11-26,2015
300449,汉邦高科,2540000000.0,安防设备,25.4,MID,2015-09-11,2015
300437,清水源,2540000000.0,水务及水治理,25.4,MID,2015-10-22,2015
300649,杭州园林,2541000000.0,园林工程,25.41,MID,2017-05-11,2017
300787,海能实业,2542000000.0,消费电子零部件及组装,25.42,MID,2019-08-14,2019
600250,南京商旅,2546000000.0,贸易Ⅲ,25.46,MID,2002-04-03,2002
000812,陕西金叶,2549000000.0,纸包装,25.49,MID,2001-08-13,2001
301023,奕帆传动,2549000000.0,电机Ⅲ,25.49,MID,2021-07-06,2021
002012,凯恩股份,2553000000.0,特种纸,25.53,MID,2006-02-14,2006
300484,蓝海华腾,2554000000.0,工控设备,25.54,MID,2016-03-21,2016
000715,中兴商业,2556000000.0,百货,25.56,MID,2001-06-19,2001
002397,梦洁股份,2557000000.0,家纺,25.57,MID,2010-05-19,2010
301042,安联锐视,2557000000.0,安防设备,25.57,MID,2021-08-04,2021
603768,常青股份,2558000000.0,其他汽车零部件,25.58,MID,2017-03-23,2017
002337,赛象科技,2560000000.0,其他专用设备,25.6,MID,2010-03-29,2010
000707,双环科技,2561000000.0,纯碱,25.61,MID,2000-09-28,2000
000972,中基健康,2561000000.0,果蔬加工,25.61,MID,2002-07-29,2002
301290,东星医疗,2563000000.0,医疗设备,25.63,MID,2022-11-29,2022
002425,凯撒文化,2564000000.0,游戏Ⅲ,25.64,MID,2011-04-18,2011
300898,熊猫乳品,2564000000.0,乳品,25.64,MID,2020-10-15,2020
002136,安 纳 达,2565000000.0,钛白粉,25.65,MID,2007-07-05,2007
603080,新疆火炬,2568000000.0,燃气Ⅲ,25.68,MID,2018-01-04,2018
300786,国林科技,2569000000.0,环保设备Ⅲ,25.69,MID,2019-07-22,2019
603159,上海亚虹,2569000000.0,其他专用设备,25.69,MID,2016-08-22,2016
601007,金陵饭店,2570000000.0,酒店,25.7,MID,2007-05-08,2007
600386,北巴传媒,2572000000.0,汽车经销商,25.72,MID,2001-07-18,2001
603801,志邦家居,2576000000.0,定制家居,25.76,MID,2017-06-29,2017
002863,今飞凯达,2578000000.0,轮胎轮毂,25.78,MID,2017-04-17,2017
001319,铭科精技,2579000000.0,车身附件及饰件,25.79,MID,2022-05-11,2022
301088,戎美股份,2580000000.0,非运动服装,25.8,MID,2021-10-27,2021
002753,永东股份,2581000000.0,炭黑,25.81,MID,2015-05-18,2015
002248,华东数控,2583000000.0,机床工具,25.83,MID,2009-07-28,2009
300479,神思电子,2583000000.0,其他计算机设备,25.83,MID,2015-11-06,2015
300966,共同药业,2586000000.0,原料药,25.86,MID,2021-04-08,2021
603001,奥康国际,2586000000.0,鞋帽及其他,25.86,MID,2012-06-18,2012
603066,音飞储存,2586000000.0,仓储物流,25.86,MID,2015-10-15,2015
300279,和晶科技,2587000000.0,家电零部件Ⅲ,25.87,MID,2013-01-18,2013
301062,上海艾录,2587000000.0,纸包装,25.87,MID,2021-09-13,2021
002363,隆基机械,2589000000.0,底盘与发动机系统,25.89,MID,2010-04-12,2010
301318,维海德,2592000000.0,安防设备,25.92,MID,2022-08-09,2022
301082,久盛电气,2595000000.0,线缆部件及其他,25.95,MID,2021-10-26,2021
300912,凯龙高科,2597000000.0,其他汽车零部件,25.97,MID,2020-12-18,2020
002022,科华生物,2598000000.0,体外诊断,25.98,MID,2004-11-18,2004
600712,南宁百货,2598000000.0,百货,25.98,MID,2000-05-31,2000
301043,绿岛风,2599000000.0,制冷空调设备,25.99,MID,2021-08-10,2021
001268,联合精密,2600000000.0,家电零部件Ⅲ,26.0,MID,2022-06-29,2022
603955,大千生态,2602000000.0,园林工程,26.02,MID,2017-05-17,2017
001225,和泰机电,2603000000.0,能源及重型设备,26.03,MID,2023-02-21,2023
600356,恒丰纸业,2603000000.0,特种纸,26.03,MID,2001-10-30,2001
300575,中旗股份,2604000000.0,农药,26.04,MID,2016-12-19,2016
300902,国安达,2605000000.0,其他专用设备,26.05,MID,2020-10-28,2020
000809,和展能源,2606000000.0,风电零部件,26.06,MID,2001-04-05,2001
600613,神奇制药,2606000000.0,化学制剂,26.06,MID,2001-04-26,2001
002875,安奈儿,2608000000.0,非运动服装,26.08,MID,2017-06-07,2017
000419,通程控股,2609000000.0,多业态零售,26.09,MID,2000-03-17,2000
002852,道道全,2611000000.0,粮油加工,26.11,MID,2017-03-09,2017
002998,优彩资源,2611000000.0,涤纶,26.11,MID,2020-09-24,2020
001324,长青科技,2615000000.0,轨交设备Ⅲ,26.15,MID,2023-05-19,2023
603037,凯众股份,2615000000.0,底盘与发动机系统,26.15,MID,2017-01-26,2017
301555,惠柏新材,2617000000.0,合成树脂,26.17,MID,2023-10-30,2023
603048,浙江黎明,2625000000.0,其他汽车零部件,26.25,MID,2021-11-15,2021
301335,天元宠物,2626000000.0,娱乐用品,26.26,MID,2022-12-01,2022
301428,世纪恒通,2628000000.0,通信应用增值服务,26.28,MID,2023-05-18,2023
603280,南方路机,2632000000.0,工程机械整机,26.32,MID,2022-11-07,2022
301585,蓝宇股份,2634000000.0,纺织化学制品,26.34,MID,2024-12-19,2024
603006,联明股份,2634000000.0,其他汽车零部件,26.34,MID,2014-10-09,2014
605166,聚合顺,2634000000.0,锦纶,26.34,MID,2020-06-17,2020
603829,洛凯股份,2636000000.0,配电设备,26.36,MID,2017-10-16,2017
300710,万隆光电,2641000000.0,通信网络设备及器件,26.41,MID,2017-11-08,2017
600215,派斯林,2641000000.0,机器人,26.41,MID,2000-10-13,2000
300780,德恩精工,2643000000.0,金属制品,26.43,MID,2019-05-30,2019
301296,新巨丰,2644000000.0,纸包装,26.44,MID,2022-09-01,2022
300501,海顺新材,2646000000.0,综合包装,26.46,MID,2016-02-03,2016
601798,蓝科高新,2648000000.0,能源及重型设备,26.48,MID,2011-09-29,2011
001239,永达股份,2650000000.0,工程机械器件,26.5,MID,2023-12-11,2023
002476,新叶股份,2650000000.0,其他石化,26.5,MID,2011-05-09,2011
300235,方直科技,2651000000.0,垂直应用软件,26.51,MID,2012-01-17,2012
300374,中铁装配,2651000000.0,基建市政工程,26.51,MID,2015-09-25,2015
603637,镇海股份,2652000000.0,化学工程,26.52,MID,2017-02-09,2017
002899,英派斯,2653000000.0,娱乐用品,26.53,MID,2017-09-18,2017
300931,通用电梯,2653000000.0,楼宇设备,26.53,MID,2021-01-20,2021
600785,新华百货,2653000000.0,多业态零售,26.53,MID,2000-11-22,2000
002663,普邦股份,2654000000.0,园林工程,26.54,MID,2013-02-27,2013
300425,中建环能,2654000000.0,水务及水治理,26.54,MID,2015-09-02,2015
603863,松炀资源,2654000000.0,大宗用纸,26.54,MID,2019-07-01,2019
301616,浙江华业,2654000000.0,其他通用设备,26.54,MID,2025-03-26,2025
300948,冠中生态,2655000000.0,园林工程,26.55,MID,2021-03-03,2021
605089,味知香,2657000000.0,预加工食品,26.57,MID,2021-04-26,2021
300264,佳创视讯,2658000000.0,IT服务Ⅲ,26.58,MID,2011-10-14,2011
003030,祖名股份,2659000000.0,其他农产品加工,26.59,MID,2021-01-05,2021
603585,苏利股份,2660000000.0,农药,26.6,MID,2016-12-13,2016
300826,测绘股份,2661000000.0,工程咨询服务Ⅲ,26.61,MID,2020-04-02,2020
300175,朗源股份,2665000000.0,果蔬加工,26.65,MID,2011-04-11,2011
603819,神力股份,2667000000.0,电机Ⅲ,26.67,MID,2016-12-05,2016
300891,惠云钛业,2668000000.0,钛白粉,26.68,MID,2020-09-16,2020
301386,未来电器,2670000000.0,配电设备,26.7,MID,2023-03-28,2023
301020,密封科技,2676000000.0,底盘与发动机系统,26.76,MID,2021-07-05,2021
002357,富临运业,2677000000.0,公交,26.77,MID,2010-12-28,2010
002398,垒知集团,2677000000.0,水泥制品,26.77,MID,2010-11-12,2010
603878,武进不锈,2677000000.0,钢铁管材,26.77,MID,2016-12-16,2016
001222,源飞宠物,2678000000.0,娱乐用品,26.78,MID,2022-08-17,2022
002795,永和智控,2681000000.0,金属制品,26.81,MID,2016-08-25,2016
605500,森林包装,2681000000.0,大宗用纸,26.81,MID,2020-12-21,2020
300321,同大股份,2682000000.0,聚氨酯,26.82,MID,2012-05-22,2012
603655,朗博科技,2683000000.0,其他汽车零部件,26.83,MID,2018-01-05,2018
001220,世盟股份,2688000000.0,跨境物流,26.88,MID,2026-02-02,2026
002825,纳尔股份,2688000000.0,其他塑料制品,26.88,MID,2016-12-19,2016
603578,三星新材,2689000000.0,家电零部件Ⅲ,26.89,MID,2017-03-21,2017
300051,琏升科技,2697000000.0,光伏电池组件,26.97,MID,2011-02-22,2011
300512,中亚股份,2697000000.0,印刷包装机械,26.97,MID,2016-05-25,2016
002561,徐家汇,2698000000.0,百货,26.98,MID,2011-03-07,2011
600408,安泰集团,2698000000.0,焦炭Ⅲ,26.98,MID,2004-05-18,2004
002861,瀛通通讯,2699000000.0,消费电子零部件及组装,26.99,MID,2017-04-14,2017
300550,和仁科技,2699000000.0,垂直应用软件,26.99,MID,2016-10-24,2016
603970,中农立华,2699000000.0,农药,26.99,MID,2017-11-15,2017
300849,锦盛新材,2700000000.0,化妆品制造及其他,27.0,MID,2020-07-09,2020
300810,中科海讯,2700000000.0,航海装备Ⅲ,27.0,MID,2019-12-05,2019
301151,冠龙节能,2702000000.0,金属制品,27.02,MID,2022-04-08,2022
600616,金枫酒业,2703000000.0,其他酒类,27.03,MID,2000-05-22,2000
300141,和顺电气,2705000000.0,配电设备,27.05,MID,2011-04-18,2011
300381,溢多利,2708000000.0,原料药,27.08,MID,2014-09-16,2014
301129,瑞纳智能,2709000000.0,仪器仪表,27.09,MID,2021-11-01,2021
603190,亚通精工,2709000000.0,其他汽车零部件,27.09,MID,2023-02-16,2023
002722,物产金轮,2711000000.0,纺织服装设备,27.11,MID,2014-06-16,2014
600630,龙头股份,2711000000.0,非运动服装,27.11,MID,2000-03-27,2000
603518,锦泓集团,2714000000.0,非运动服装,27.14,MID,2015-06-24,2015
000978,桂林旅游,2715000000.0,自然景区,27.15,MID,2000-11-17,2000
600721,百花医药,2715000000.0,医疗研发外包,27.15,MID,2002-07-12,2002
300771,智莱科技,2717000000.0,其他计算机设备,27.17,MID,2019-04-19,2019
300884,狄耐克,2719000000.0,安防设备,27.19,MID,2020-11-11,2020
301502,华阳智能,2719000000.0,电机Ⅲ,27.19,MID,2024-02-01,2024
600249,两面针,2723000000.0,洗护用品,27.23,MID,2004-04-21,2004
002806,华锋股份,2724000000.0,底盘与发动机系统,27.24,MID,2017-03-24,2017
301560,众捷汽车,2724000000.0,底盘与发动机系统,27.24,MID,2025-04-24,2025
301598,博科测试,2729000000.0,其他专用设备,27.29,MID,2024-12-19,2024
300804,广康生化,2731000000.0,农药,27.31,MID,2023-06-26,2023
000529,广弘控股,2732000000.0,肉制品,27.32,MID,2004-01-09,2004
600272,开开实业,2734000000.0,医药流通,27.34,MID,2001-07-19,2001
001367,海森药业,2735000000.0,原料药,27.35,MID,2023-04-07,2023
002329,皇氏集团,2739000000.0,乳品,27.39,MID,2010-09-07,2010
300967,晓鸣股份,2739000000.0,肉鸡养殖,27.39,MID,2021-04-12,2021
002259,升达林业,2746000000.0,燃气Ⅲ,27.46,MID,2009-07-30,2009
300329,海伦钢琴,2746000000.0,娱乐用品,27.46,MID,2012-08-02,2012
301197,工大科雅,2748000000.0,仪器仪表,27.48,MID,2022-08-05,2022
300730,科创信息,2749000000.0,垂直应用软件,27.49,MID,2017-12-11,2017
605080,浙江自然,2749000000.0,娱乐用品,27.49,MID,2021-04-30,2021
001325,元创股份,2751000000.0,其他橡胶制品,27.51,MID,2025-12-17,2025
300667,必创科技,2752000000.0,仪器仪表,27.52,MID,2017-07-10,2017
002905,金逸影视,2755000000.0,院线,27.55,MID,2017-10-13,2017
301066,万事利,2756000000.0,其他纺织,27.56,MID,2021-09-17,2021
002692,远程股份,2758000000.0,线缆部件及其他,27.58,MID,2012-12-28,2012
301119,正强股份,2759000000.0,底盘与发动机系统,27.59,MID,2021-11-19,2021
300242,佳云科技,2760000000.0,营销代理,27.6,MID,2012-09-12,2012
300423,昇辉科技,2761000000.0,输变电设备,27.61,MID,2016-03-25,2016
000910,大亚圣象,2764000000.0,瓷砖地板,27.64,MID,2000-05-25,2000
003016,欣贺股份,2767000000.0,非运动服装,27.67,MID,2020-10-23,2020
300916,朗特智能,2767000000.0,消费电子零部件及组装,27.67,MID,2020-12-01,2020
002578,闽发铝业,2769000000.0,铝,27.69,MID,2012-01-05,2012
002869,金溢科技,2772000000.0,其他计算机设备,27.72,MID,2017-05-12,2017
001228,永泰运,2774000000.0,跨境物流,27.74,MID,2022-04-28,2022
300980,祥源新材,2774000000.0,其他塑料制品,27.74,MID,2021-04-20,2021
600228,返利科技,2775000000.0,门户网站,27.75,MID,2001-09-10,2001
300636,同和药业,2776000000.0,原料药,27.76,MID,2017-03-31,2017
301399,英特科技,2777000000.0,制冷空调设备,27.77,MID,2023-05-22,2023
000068,华控赛格,2778000000.0,综合环境治理,27.78,MID,2002-08-19,2002
002347,泰尔股份,2781000000.0,金属制品,27.81,MID,2010-09-29,2010
600620,天宸股份,2781000000.0,综合Ⅲ,27.81,MID,2000-07-13,2000
300148,天舟文化,2782000000.0,教育出版,27.82,MID,2012-03-21,2012
301027,华蓝集团,2783000000.0,工程咨询服务Ⅲ,27.83,MID,2021-07-19,2021
603808,歌力思,2783000000.0,非运动服装,27.83,MID,2015-08-18,2015
300314,戴维医疗,2785000000.0,医疗设备,27.85,MID,2012-05-17,2012
600419,天润乳业,2786000000.0,乳品,27.86,MID,2003-02-13,2003
605169,洪通燃气,2789000000.0,燃气Ⅲ,27.89,MID,2020-11-12,2020
000890,法尔胜,2790000000.0,环保设备Ⅲ,27.9,MID,2000-12-20,2000
301581,黄山谷捷,2791000000.0,汽车电子电气系统,27.91,MID,2025-01-02,2025
603237,五芳斋,2791000000.0,预加工食品,27.91,MID,2022-08-30,2022
603458,勘设股份,2792000000.0,工程咨询服务Ⅲ,27.92,MID,2017-08-10,2017
300266,兴源环境,2797000000.0,水务及水治理,27.97,MID,2013-05-17,2013
002725,跃岭股份,2798000000.0,轮胎轮毂,27.98,MID,2014-08-19,2014
300877,金春股份,2798000000.0,其他纺织,27.98,MID,2020-08-21,2020
603903,中持股份,2798000000.0,水务及水治理,27.98,MID,2017-03-15,2017
002186,全 聚 德,2799000000.0,餐饮,27.99,MID,2008-01-08,2008
603231,索宝蛋白,2799000000.0,粮油加工,27.99,MID,2023-12-14,2023
300239,东宝生物,2802000000.0,其他生物制品,28.02,MID,2011-10-31,2011
301279,金道科技,2803000000.0,工程机械器件,28.03,MID,2022-04-12,2022
603949,雪龙集团,2803000000.0,底盘与发动机系统,28.03,MID,2020-03-09,2020
300746,汉嘉数智,2804000000.0,工程咨询服务Ⅲ,28.04,MID,2018-06-20,2018
301266,宇邦新材,2804000000.0,光伏辅材,28.04,MID,2022-06-07,2022
300359,全通教育,2806000000.0,培训教育,28.06,MID,2014-09-29,2014
001335,信凯科技,2807000000.0,涂料油墨,28.07,MID,2025-04-14,2025
300365,恒华科技,2807000000.0,垂直应用软件,28.07,MID,2014-04-29,2014
300086,康芝药业,2808000000.0,化学制剂,28.08,MID,2011-03-02,2011
600322,津投城开,2808000000.0,住宅开发,28.08,MID,2001-12-17,2001
603500,祥和实业,2809000000.0,轨交设备Ⅲ,28.09,MID,2017-09-01,2017
002864,盘龙药业,2823000000.0,中药Ⅲ,28.23,MID,2017-11-23,2017
001218,丽臣实业,2825000000.0,其他化学制品,28.25,MID,2021-10-14,2021
300032,金龙机电,2827000000.0,消费电子零部件及组装,28.27,MID,2010-12-07,2010
300464,星徽股份,2827000000.0,跨境电商,28.27,MID,2016-03-09,2016
002331,皖通科技,2828000000.0,IT服务Ⅲ,28.28,MID,2011-06-03,2011
300510,金冠股份,2829000000.0,电网自动化设备,28.29,MID,2017-06-15,2017
603696,安记食品,2829000000.0,调味发酵品Ⅲ,28.29,MID,2016-01-26,2016
300808,久量股份,2829000000.0,LED,28.29,MID,2019-11-28,2019
000897,津滨发展,2830000000.0,住宅开发,28.3,MID,2000-07-10,2000
300904,威力传动,2830000000.0,风电零部件,28.3,MID,2023-08-08,2023
300988,津荣天宇,2830000000.0,其他专用设备,28.3,MID,2021-05-11,2021
600791,京能置业,2831000000.0,住宅开发,28.31,MID,2000-05-25,2000
603739,蔚蓝生物,2831000000.0,食品及饲料添加剂,28.31,MID,2019-01-15,2019
603722,阿科力,2831000000.0,其他化学制品,28.31,MID,2017-11-02,2017
003005,竞业达,2832000000.0,IT服务Ⅲ,28.32,MID,2020-09-28,2020
300452,山河药辅,2832000000.0,原料药,28.32,MID,2015-05-14,2015
600594,益佰制药,2832000000.0,中药Ⅲ,28.32,MID,2004-06-21,2004
603273,天元智能,2833000000.0,工程机械整机,28.33,MID,2023-10-20,2023
301111,粤万年青,2835000000.0,中药Ⅲ,28.35,MID,2021-12-06,2021
001378,德冠新材,2836000000.0,膜材料,28.36,MID,2023-10-27,2023
002908,德生科技,2843000000.0,IT服务Ⅲ,28.43,MID,2017-10-23,2017
002623,亚玛顿,2844000000.0,光伏辅材,28.44,MID,2011-11-09,2011
300864,南大环境,2850000000.0,综合环境治理,28.5,MID,2020-08-21,2020
301283,聚胶股份,2850000000.0,胶黏剂及胶带,28.5,MID,2022-09-01,2022
600838,上海九百,2850000000.0,多业态零售,28.5,MID,2000-03-14,2000
300719,安达维尔,2852000000.0,航空装备Ⅲ,28.52,MID,2017-11-08,2017
603657,春光科技,2853000000.0,家电零部件Ⅲ,28.53,MID,2018-07-27,2018
301019,宁波色母,2853000000.0,其他塑料制品,28.53,MID,2021-06-25,2021
000710,贝瑞基因,2856000000.0,诊断服务,28.56,MID,2001-09-04,2001
300411,金盾股份,2858000000.0,其他专用设备,28.58,MID,2016-03-07,2016
301089,拓新药业,2860000000.0,原料药,28.6,MID,2021-11-02,2021
301079,邵阳液压,2861000000.0,工程机械器件,28.61,MID,2021-11-01,2021
300941,创识科技,2867000000.0,其他计算机设备,28.67,MID,2021-02-08,2021
600192,长城电工,2871000000.0,输变电设备,28.71,MID,2000-04-04,2000
600130,波导股份,2873000000.0,消费电子零部件及组装,28.73,MID,2000-10-09,2000
600470,六国化工,2874000000.0,磷肥及磷化工,28.74,MID,2004-05-27,2004
301133,金钟股份,2874000000.0,车身附件及饰件,28.74,MID,2021-11-25,2021
301158,德石股份,2875000000.0,能源及重型设备,28.75,MID,2022-01-14,2022
000798,中水渔业,2876000000.0,海洋捕捞,28.76,MID,2000-09-08,2000
301591,肯特股份,2876000000.0,其他塑料制品,28.76,MID,2024-02-27,2024
600719,大连热电,2877000000.0,热力服务,28.77,MID,2001-02-23,2001
301178,天亿马,2878000000.0,IT服务Ⅲ,28.78,MID,2021-11-25,2021
002496,辉丰股份,2879000000.0,农药,28.79,MID,2010-12-24,2010
301255,通力科技,2882000000.0,金属制品,28.82,MID,2022-12-26,2022
300560,中富通,2883000000.0,通信工程及服务,28.83,MID,2016-10-31,2016
300945,曼卡龙,2883000000.0,钟表珠宝,28.83,MID,2021-02-09,2021
002394,联发股份,2884000000.0,棉纺,28.84,MID,2010-05-07,2010
603161,科华控股,2885000000.0,底盘与发动机系统,28.85,MID,2018-01-25,2018
002763,汇洁股份,2886000000.0,非运动服装,28.86,MID,2015-06-09,2015
603201,常润股份,2888000000.0,其他汽车零部件,28.88,MID,2022-07-28,2022
002403,爱仕达,2889000000.0,厨房小家电,28.89,MID,2010-07-23,2010
603330,天洋新材,2890000000.0,其他塑料制品,28.9,MID,2017-03-07,2017
300238,冠昊生物,2893000000.0,医疗耗材,28.93,MID,2012-06-21,2012
002762,金发拉比,2896000000.0,非运动服装,28.96,MID,2015-12-16,2015
301157,华塑科技,2896000000.0,其他电源设备Ⅲ,28.96,MID,2023-03-08,2023
603896,寿仙谷,2900000000.0,中药Ⅲ,29.0,MID,2017-05-09,2017
300591,万里马,2901000000.0,鞋帽及其他,29.01,MID,2017-01-09,2017
301309,万得凯,2901000000.0,金属制品,29.01,MID,2022-09-30,2022
001201,东瑞股份,2903000000.0,生猪养殖,29.03,MID,2021-04-27,2021
001360,南矿集团,2903000000.0,能源及重型设备,29.03,MID,2023-04-07,2023
601956,东贝集团,2903000000.0,家电零部件Ⅲ,29.03,MID,2020-12-24,2020
002933,新兴装备,2907000000.0,航空装备Ⅲ,29.07,MID,2018-08-30,2018
002355,兴民智通,2908000000.0,轮胎轮毂,29.08,MID,2010-08-20,2010
603051,鹿山新材,2909000000.0,胶黏剂及胶带,29.09,MID,2022-03-24,2022
603215,比依股份,2910000000.0,厨房小家电,29.1,MID,2022-02-17,2022
002614,奥佳华,2913000000.0,其他家电Ⅲ,29.13,MID,2011-11-08,2011
000802,北京文化,2914000000.0,影视动漫制作,29.14,MID,2001-01-18,2001
002995,天地在线,2916000000.0,营销代理,29.16,MID,2020-08-17,2020
603527,众源新材,2916000000.0,铜,29.16,MID,2017-09-06,2017
300562,乐心医疗,2918000000.0,医疗设备,29.18,MID,2016-11-18,2016
301161,唯万密封,2918000000.0,工程机械器件,29.18,MID,2022-09-13,2022
000576,甘化科工,2920000000.0,地面兵装Ⅲ,29.2,MID,2000-11-02,2000
603278,大业股份,2922000000.0,金属制品,29.22,MID,2017-11-10,2017
603958,哈森股份,2926000000.0,鞋帽及其他,29.26,MID,2016-08-02,2016
301046,能辉科技,2927000000.0,其他专业工程,29.27,MID,2021-08-16,2021
301552,科力装备,2928000000.0,车身附件及饰件,29.28,MID,2024-07-19,2024
003032,传智教育,2930000000.0,培训教育,29.3,MID,2021-01-13,2021
300135,宝利国际,2931000000.0,其他石化,29.31,MID,2011-05-31,2011
600738,丽尚国潮,2931000000.0,百货,29.31,MID,2000-12-01,2000
000020,深华发Ａ,2934000000.0,面板,29.34,MID,2002-03-19,2002
300600,国瑞科技,2934000000.0,航海装备Ⅲ,29.34,MID,2017-01-26,2017
300839,博汇股份,2939000000.0,其他石化,29.39,MID,2020-07-06,2020
002200,交投生态,2941000000.0,园林工程,29.41,MID,2008-08-25,2008
300940,南极光,2941000000.0,LED,29.41,MID,2021-02-02,2021
300187,永清环保,2944000000.0,综合环境治理,29.44,MID,2012-02-02,2012
601616,广电电气,2945000000.0,配电设备,29.45,MID,2011-02-28,2011
605588,冠石科技,2947000000.0,光学元件,29.47,MID,2021-08-11,2021
002313,日海智能,2950000000.0,通信终端及配件,29.5,MID,2010-07-05,2010
300375,鹏翎股份,2950000000.0,底盘与发动机系统,29.5,MID,2014-04-08,2014
301138,华研精机,2950000000.0,印刷包装机械,29.5,MID,2021-12-14,2021
300578,会畅科技,2952000000.0,通信应用增值服务,29.52,MID,2017-05-18,2017
300993,玉马科技,2952000000.0,其他家居用品,29.52,MID,2021-05-21,2021
300050,世纪鼎利,2953000000.0,通信工程及服务,29.53,MID,2010-08-27,2010
301117,佳缘科技,2955000000.0,安防设备,29.55,MID,2022-01-14,2022
300290,荣科科技,2956000000.0,IT服务Ⅲ,29.56,MID,2013-05-16,2013
002887,绿茵生态,2962000000.0,综合环境治理,29.62,MID,2017-07-31,2017
003015,日久光电,2965000000.0,光学元件,29.65,MID,2020-10-20,2020
001379,腾达科技,2968000000.0,金属制品,29.68,MID,2024-01-18,2024
300609,汇纳科技,2972000000.0,IT服务Ⅲ,29.72,MID,2017-02-17,2017
300753,爱朋医疗,2972000000.0,医疗设备,29.72,MID,2018-12-12,2018
600156,华升股份,2972000000.0,其他纺织,29.72,MID,2000-06-09,2000
301449,天溯计量,2974000000.0,检测服务,29.74,MID,2025-12-22,2025
603813,原尚股份,2974000000.0,公路货运,29.74,MID,2017-09-19,2017
300172,中电环保,2978000000.0,水务及水治理,29.78,MID,2011-02-14,2011
300333,兆日科技,2980000000.0,其他计算机设备,29.8,MID,2012-06-27,2012
000668,荣丰控股,2981000000.0,住宅开发,29.81,MID,2002-06-03,2002
001226,拓山重工,2981000000.0,工程机械器件,29.81,MID,2022-06-21,2022
002278,神开股份,2981000000.0,能源及重型设备,29.81,MID,2010-07-07,2010
001306,夏厦精密,2983000000.0,金属制品,29.83,MID,2023-11-15,2023
300056,中创环保,2984000000.0,大气治理,29.84,MID,2011-06-20,2011
600668,尖峰集团,2985000000.0,水泥制造,29.85,MID,2000-04-05,2000
301136,招标股份,2986000000.0,工程咨询服务Ⅲ,29.86,MID,2022-01-10,2022
002575,群兴玩具,2990000000.0,娱乐用品,29.9,MID,2013-03-05,2013
002686,亿利达,2990000000.0,制冷空调设备,29.9,MID,2012-12-04,2012
300897,山科智能,2991000000.0,仪器仪表,29.91,MID,2020-10-12,2020
002921,联诚精密,2994000000.0,其他汽车零部件,29.94,MID,2017-12-26,2017
603725,天安新材,2994000000.0,瓷砖地板,29.94,MID,2017-09-26,2017
605303,园林股份,2996000000.0,园林工程,29.96,MID,2021-02-26,2021
301220,亚香股份,2998000000.0,食品及饲料添加剂,29.98,MID,2022-06-21,2022
603266,天龙股份,3001000000.0,车身附件及饰件,30.01,MID,2017-01-09,2017
002811,郑中设计,3006000000.0,装修装饰Ⅲ,30.06,MID,2016-09-07,2016
000695,滨海能源,3010000000.0,电池化学品,30.1,MID,2002-06-14,2002
300853,申昊科技,3010000000.0,电网自动化设备,30.1,MID,2020-07-23,2020
300890,翔丰华,3011000000.0,电池化学品,30.11,MID,2020-09-16,2020
300927,江天化学,3011000000.0,其他化学原料,30.11,MID,2021-01-06,2021
002282,博深股份,3019000000.0,磨具磨料,30.19,MID,2010-05-17,2010
300289,利德曼,3019000000.0,体外诊断,30.19,MID,2012-06-18,2012
001299,美能能源,3020000000.0,燃气Ⅲ,30.2,MID,2022-10-28,2022
603284,林平发展,3020000000.0,大宗用纸,30.2,MID,2026-02-09,2026
603798,康普顿,3024000000.0,其他石化,30.24,MID,2016-04-07,2016
001206,依依股份,3025000000.0,生活用纸,30.25,MID,2021-05-28,2021
301587,中瑞股份,3026000000.0,锂电池,30.26,MID,2024-04-03,2024
000554,泰山石油,3027000000.0,油品石化贸易,30.27,MID,2000-05-22,2000
605138,盛泰集团,3028000000.0,非运动服装,30.28,MID,2021-10-26,2021
300546,雄帝科技,3034000000.0,其他计算机设备,30.34,MID,2016-09-27,2016
605068,明新旭腾,3036000000.0,车身附件及饰件,30.36,MID,2020-11-20,2020
300162,雷曼光电,3041000000.0,LED,30.41,MID,2011-09-07,2011
300094,国联水产,3046000000.0,水产养殖,30.46,MID,2010-12-23,2010
301226,祥明智能,3046000000.0,电机Ⅲ,30.46,MID,2022-03-24,2022
600969,郴电国际,3046000000.0,电能综合服务,30.46,MID,2004-06-23,2004
002826,易明医药,3049000000.0,化学制剂,30.49,MID,2016-12-15,2016
300478,杭州高新,3049000000.0,改性塑料,30.49,MID,2015-11-03,2015
300982,苏文电能,3049000000.0,基建市政工程,30.49,MID,2021-04-26,2021
301181,标榜股份,3049000000.0,其他汽车零部件,30.49,MID,2022-02-25,2022
301380,挖金客,3050000000.0,通信应用增值服务,30.5,MID,2022-10-24,2022
300582,英飞特,3051000000.0,LED,30.51,MID,2017-03-03,2017
301633,港迪技术,3052000000.0,工控设备,30.52,MID,2024-11-06,2024
605259,绿田机械,3053000000.0,其他专用设备,30.53,MID,2021-06-11,2021
003028,振邦智能,3055000000.0,家电零部件Ⅲ,30.55,MID,2020-12-25,2020
300247,融捷健康,3055000000.0,其他家电Ⅲ,30.55,MID,2012-08-14,2012
603276,恒兴新材,3059000000.0,其他化学制品,30.59,MID,2023-09-22,2023
002021,中捷资源,3060000000.0,纺织服装设备,30.6,MID,2006-04-25,2006
002952,亚世光电,3063000000.0,面板,30.63,MID,2019-03-27,2019
603258,电魂网络,3064000000.0,游戏Ⅲ,30.64,MID,2016-10-25,2016
301270,汉仪股份,3065000000.0,横向通用软件,30.65,MID,2022-08-30,2022
603382,海阳科技,3065000000.0,锦纶,30.65,MID,2025-06-11,2025
300225,金力泰,3067000000.0,涂料油墨,30.67,MID,2012-04-18,2012
600354,敦煌种业,3067000000.0,种子,30.67,MID,2004-08-16,2004
301329,信音电子,3070000000.0,消费电子零部件及组装,30.7,MID,2023-07-14,2023
300069,金利华电,3072000000.0,线缆部件及其他,30.72,MID,2010-11-19,2010
600749,西藏旅游,3073000000.0,自然景区,30.73,MID,2001-06-01,2001
600052,东望时代,3073000000.0,热力服务,30.73,MID,2001-05-21,2001
001259,利仁科技,3077000000.0,厨房小家电,30.77,MID,2022-08-30,2022
603116,红蜻蜓,3077000000.0,鞋帽及其他,30.77,MID,2015-07-01,2015
000803,山高环能,3078000000.0,电能综合服务,30.78,MID,2001-08-17,2001
301121,紫建电子,3079000000.0,锂电池,30.79,MID,2022-08-05,2022
002878,元隆雅图,3081000000.0,营销代理,30.81,MID,2017-06-09,2017
300673,佩蒂股份,3081000000.0,宠物食品,30.81,MID,2017-07-10,2017
001215,千味央厨,3082000000.0,预加工食品,30.82,MID,2021-09-03,2021
301100,风光股份,3083000000.0,其他化学制品,30.83,MID,2021-12-16,2021
000421,南京公用,3085000000.0,综合Ⅲ,30.85,MID,2000-10-10,2000
300686,智动力,3086000000.0,消费电子零部件及组装,30.86,MID,2017-08-03,2017
300092,科新机电,3087000000.0,能源及重型设备,30.87,MID,2011-03-15,2011
002849,威星智能,3089000000.0,仪器仪表,30.89,MID,2017-02-16,2017
002981,朝阳科技,3089000000.0,消费电子零部件及组装,30.89,MID,2020-04-16,2020
002972,科安达,3090000000.0,轨交设备Ⅲ,30.9,MID,2019-12-26,2019
603350,安乃达,3091000000.0,电机Ⅲ,30.91,MID,2024-07-02,2024
301223,中荣股份,3094000000.0,纸包装,30.94,MID,2022-10-25,2022
605566,福莱蒽特,3096000000.0,纺织化学制品,30.96,MID,2021-10-22,2021
002286,保龄宝,3097000000.0,其他农产品加工,30.97,MID,2010-04-28,2010
605399,晨光新材,3098000000.0,有机硅,30.98,MID,2020-08-03,2020
000788,北大医药,3099000000.0,化学制剂,30.99,MID,2000-12-26,2000
605218,伟时电子,3101000000.0,面板,31.01,MID,2020-09-25,2020
603577,汇金通,3103000000.0,线缆部件及其他,31.03,MID,2016-12-21,2016
300345,华民股份,3106000000.0,硅料硅片,31.06,MID,2013-02-18,2013
002451,摩恩电气,3107000000.0,线缆部件及其他,31.07,MID,2011-03-15,2011
600731,湖南海利,3107000000.0,农药,31.07,MID,2000-05-26,2000
002224,三 力 士,3112000000.0,其他橡胶制品,31.12,MID,2008-10-31,2008
300752,隆利科技,3112000000.0,LED,31.12,MID,2018-11-29,2018
002666,德联集团,3113000000.0,其他化学制品,31.13,MID,2012-04-11,2012
002798,帝欧水华,3114000000.0,瓷砖地板,31.14,MID,2016-09-01,2016
600280,中央商场,3114000000.0,百货,31.14,MID,2001-05-21,2001
600622,光大嘉宝,3119000000.0,住宅开发,31.19,MID,2000-05-23,2000
301499,维科精密,3119000000.0,汽车电子电气系统,31.19,MID,2023-07-20,2023
600293,三峡新材,3121000000.0,玻璃制造,31.21,MID,2001-08-22,2001
300998,宁波方正,3127000000.0,其他汽车零部件,31.27,MID,2021-06-01,2021
300551,古鳌科技,3129000000.0,其他计算机设备,31.29,MID,2016-11-03,2016
603999,读者传媒,3133000000.0,大众出版,31.33,MID,2015-12-14,2015
000509,华塑控股,3134000000.0,面板,31.34,MID,2002-05-22,2002
300270,中威电子,3134000000.0,安防设备,31.34,MID,2011-11-09,2011
603230,内蒙新华,3136000000.0,大众出版,31.36,MID,2021-12-23,2021
001318,阳光乳业,3138000000.0,乳品,31.38,MID,2022-05-19,2022
603656,泰禾智能,3138000000.0,其他专用设备,31.38,MID,2017-03-20,2017
603856,东宏股份,3139000000.0,管材,31.39,MID,2017-11-03,2017
003002,壶化股份,3142000000.0,民爆制品,31.42,MID,2020-09-21,2020
603139,康惠股份,3142000000.0,中药Ⅲ,31.42,MID,2017-04-24,2017
603600,永艺股份,3142000000.0,成品家居,31.42,MID,2015-02-09,2015
301315,威士顿,3144000000.0,横向通用软件,31.44,MID,2023-06-20,2023
603351,威尔药业,3145000000.0,原料药,31.45,MID,2019-01-29,2019
002548,金新农,3147000000.0,畜禽饲料,31.47,MID,2011-07-04,2011
000931,中 关 村,3148000000.0,化学制剂,31.48,MID,2001-04-24,2001
002094,青岛金王,3150000000.0,其他家居用品,31.5,MID,2007-11-27,2007
605186,健麾信息,3152000000.0,其他自动化设备,31.52,MID,2020-12-21,2020
002178,延华智能,3155000000.0,垂直应用软件,31.55,MID,2008-04-22,2008
002912,中新赛克,3155000000.0,其他计算机设备,31.55,MID,2017-11-20,2017
600716,凤凰股份,3155000000.0,住宅开发,31.55,MID,2001-02-26,2001
603095,越剑智能,3156000000.0,纺织服装设备,31.56,MID,2020-04-14,2020
605398,新炬网络,3160000000.0,IT服务Ⅲ,31.6,MID,2021-01-20,2021
300515,三德科技,3162000000.0,仪器仪表,31.62,MID,2016-06-13,2016
603409,汇通控股,3162000000.0,车身附件及饰件,31.62,MID,2025-03-03,2025
603898,好莱客,3164000000.0,定制家居,31.64,MID,2015-06-12,2015
003029,吉大正元,3166000000.0,垂直应用软件,31.66,MID,2020-12-23,2020
603535,嘉诚国际,3168000000.0,跨境物流,31.68,MID,2017-08-07,2017
603788,宁波高发,3168000000.0,底盘与发动机系统,31.68,MID,2015-02-06,2015
600467,好当家,3170000000.0,水产养殖,31.7,MID,2004-06-24,2004
603987,康德莱,3171000000.0,医疗耗材,31.71,MID,2016-11-18,2016
603948,建业股份,3172000000.0,其他化学制品,31.72,MID,2020-02-28,2020
000007,全新好,3173000000.0,商业物业经营,31.73,MID,2002-12-26,2002
300521,爱司凯,3174000000.0,印刷包装机械,31.74,MID,2016-08-08,2016
301313,凡拓数创,3174000000.0,其他数字媒体,31.74,MID,2022-09-29,2022
600512,腾达建设,3175000000.0,基建市政工程,31.75,MID,2003-07-09,2003
300879,大叶股份,3178000000.0,农用机械,31.78,MID,2020-08-31,2020
002369,卓翼科技,3181000000.0,消费电子零部件及组装,31.81,MID,2011-03-28,2011
002395,双象股份,3181000000.0,合成树脂,31.81,MID,2010-07-01,2010
001266,宏英智能,3184000000.0,工控设备,31.84,MID,2022-02-25,2022
300157,新锦动力,3184000000.0,其他通用设备,31.84,MID,2012-01-16,2012
600327,大东方,3185000000.0,百货,31.85,MID,2002-09-27,2002
301360,荣旗科技,3186000000.0,仪器仪表,31.86,MID,2023-04-24,2023
300817,双飞集团,3187000000.0,金属制品,31.87,MID,2020-02-17,2020
000514,渝 开 发,3189000000.0,住宅开发,31.89,MID,2000-09-20,2000
301575,艾芬达,3190000000.0,卫浴制品,31.9,MID,2025-09-09,2025
300095,华伍股份,3191000000.0,能源及重型设备,31.91,MID,2010-11-22,2010
300110,华仁药业,3192000000.0,化学制剂,31.92,MID,2011-08-17,2011
300288,朗玛信息,3194000000.0,IT服务Ⅲ,31.94,MID,2012-11-06,2012
301077,星华新材,3194000000.0,其他化学制品,31.94,MID,2021-09-29,2021
000701,厦门信达,3195000000.0,贸易Ⅲ,31.95,MID,2000-04-25,2000
603817,海峡环保,3198000000.0,水务及水治理,31.98,MID,2017-02-17,2017
001395,亚联机械,3203000000.0,其他专用设备,32.03,MID,2025-01-24,2025
603648,畅联股份,3204000000.0,端到端供应链服务,32.04,MID,2017-09-12,2017
301459,丰茂股份,3204000000.0,其他橡胶制品,32.04,MID,2023-12-12,2023
002646,天佑德酒,3204999999.9999995,白酒Ⅲ,32.05,MID,2011-12-22,2011
601999,出版传媒,3206000000.0,大众出版,32.06,MID,2008-05-30,2008
300078,思创智联,3208000000.0,IT服务Ⅲ,32.08,MID,2010-09-06,2010
301222,浙江恒威,3211999999.9999995,蓄电池及其他电池,32.12,MID,2022-03-08,2022
603313,梦百合,3211999999.9999995,成品家居,32.12,MID,2016-10-12,2016
603815,交建股份,3211999999.9999995,基建市政工程,32.12,MID,2019-11-01,2019
600853,龙建股份,3213000000.0000005,基建市政工程,32.13,MID,2000-10-27,2000
600865,百大集团,3213000000.0000005,百货,32.13,MID,2000-08-16,2000
000789,万年青,3214000000.0,水泥制造,32.14,MID,2000-06-07,2000
002404,嘉欣丝绸,3215000000.0,非运动服装,32.15,MID,2010-07-16,2010
300829,金丹科技,3215999999.9999995,食品及饲料添加剂,32.16,MID,2020-04-21,2020
301311,昆船智能,3215999999.9999995,其他通用设备,32.16,MID,2022-11-29,2022
603205,健尔康,3220000000.0000005,医疗耗材,32.2,MID,2024-11-06,2024
000731,四川美丰,3222000000.0,氮肥,32.22,MID,2000-06-20,2000
300399,天利科技,3227000000.0000005,IT服务Ⅲ,32.27,MID,2014-10-29,2014
300698,万马科技,3227000000.0000005,通信网络设备及器件,32.27,MID,2017-08-30,2017
600218,全柴动力,3228000000.0,底盘与发动机系统,32.28,MID,2000-05-25,2000
603396,金辰股份,3228000000.0,光伏加工设备,32.28,MID,2017-10-17,2017
301199,迈赫股份,3229000000.0,机器人,32.29,MID,2021-12-06,2021
300250,初灵信息,3229999999.9999995,IT服务Ⅲ,32.3,MID,2012-02-06,2012
001326,联域股份,3232000000.0,照明设备Ⅲ,32.32,MID,2023-11-08,2023
001256,炜冈科技,3236999999.9999995,印刷包装机械,32.37,MID,2022-12-02,2022
002599,盛通股份,3238000000.0000005,印刷,32.38,MID,2011-12-05,2011
001217,华尔泰,3239000000.0,其他化学原料,32.39,MID,2021-09-28,2021
603679,华体科技,3240999999.9999995,LED,32.41,MID,2017-06-20,2017
605108,同庆楼,3242000000.0,餐饮,32.42,MID,2020-07-15,2020
001230,劲旅环境,3243000000.0,固废治理,32.43,MID,2022-07-14,2022
300511,雪榕生物,3243000000.0,食用菌,32.43,MID,2016-05-10,2016
603038,华立股份,3243000000.0,其他建材Ⅲ,32.43,MID,2017-01-18,2017
300439,美康生物,3244000000.0,体外诊断,32.44,MID,2015-04-27,2015
600229,城市传媒,3244000000.0,大众出版,32.44,MID,2000-12-27,2000
600653,申华控股,3250000000.0,汽车经销商,32.5,MID,2001-03-30,2001
002037,保利联合,3252000000.0000005,民爆制品,32.52,MID,2005-09-20,2005
301169,零点有数,3253000000.0,其他专业服务,32.53,MID,2021-11-02,2021
301302,华如科技,3254000000.0,军工电子Ⅲ,32.54,MID,2022-06-22,2022
300370,安控科技,3256000000.0,仪器仪表,32.56,MID,2014-06-20,2014
301257,普蕊斯,3256000000.0,医疗研发外包,32.56,MID,2022-05-16,2022
605066,天正电气,3256000000.0,配电设备,32.56,MID,2020-08-06,2020
002199,东晶电子,3260000000.0,被动元件,32.6,MID,2008-12-16,2008
301289,国缆检测,3260000000.0,检测服务,32.6,MID,2022-06-21,2022
603759,海天股份,3260000000.0,水务及水治理,32.6,MID,2021-03-25,2021
300658,延江股份,3261000000.0,生活用纸,32.61,MID,2017-06-15,2017
301361,众智科技,3261999999.9999995,配电设备,32.62,MID,2022-11-15,2022
603811,诚意药业,3267000000.0,化学制剂,32.67,MID,2017-03-14,2017
301195,北路智控,3269000000.0,垂直应用软件,32.69,MID,2022-07-29,2022
600503,华丽家族,3269000000.0,住宅开发,32.69,MID,2004-02-03,2004
603375,盛景微,3274000000.0,模拟芯片设计,32.74,MID,2024-01-23,2024
003037,三和管桩,3277000000.0000005,水泥制品,32.77,MID,2021-02-03,2021
002927,泰永长征,3283000000.0,配电设备,32.83,MID,2018-02-26,2018
003025,思进智能,3283000000.0,机床工具,32.83,MID,2020-12-10,2020
002766,索菱股份,3285000000.0,汽车电子电气系统,32.85,MID,2016-01-14,2016
300160,秀强股份,3285000000.0,家电零部件Ⅲ,32.85,MID,2011-05-06,2011
600638,新黄浦,3286000000.0,住宅开发,32.86,MID,2000-04-17,2000
000736,中交发展,3286999999.9999995,住宅开发,32.87,MID,2002-09-24,2002
603316,诚邦股份,3290999999.9999995,园林工程,32.91,MID,2017-06-16,2017
301509,金凯生科,3290999999.9999995,医疗研发外包,32.91,MID,2023-08-02,2023
300955,嘉亨家化,3294000000.0,化妆品制造及其他,32.94,MID,2021-03-31,2021
600318,新力金融,3297000000.0,金融控股,32.97,MID,2003-07-09,2003
300805,电声股份,3297999999.9999995,营销代理,32.98,MID,2019-11-20,2019
603357,设计总院,3302000000.0000005,工程咨询服务Ⅲ,33.02,MID,2017-07-31,2017
600262,北方股份,3303000000.0,能源及重型设备,33.03,MID,2000-09-27,2000
301456,盘古智能,3306000000.0,风电零部件,33.06,MID,2023-07-13,2023
300132,青松股份,3311000000.0,化妆品制造及其他,33.11,MID,2011-04-15,2011
600539,狮头股份,3311999999.9999995,电商服务,33.12,MID,2003-01-15,2003
300962,中金辐照,3319000000.0,其他专业服务,33.19,MID,2021-04-08,2021
301025,读客文化,3319000000.0,大众出版,33.19,MID,2021-07-23,2021
000151,中成股份,3320000000.0000005,贸易Ⅲ,33.2,MID,2000-12-01,2000
002374,中锐股份,3321000000.0,金属包装,33.21,MID,2010-08-23,2010
300683,海特生物,3321000000.0,医疗研发外包,33.21,MID,2017-11-02,2017
300721,怡达股份,3322000000.0,其他化学制品,33.22,MID,2017-11-14,2017
001358,兴欣新材,3324000000.0,其他化学制品,33.24,MID,2023-12-20,2023
605077,华康股份,3324000000.0,食品及饲料添加剂,33.24,MID,2021-02-22,2021
002054,德美化工,3327000000.0000005,纺织化学制品,33.27,MID,2006-09-15,2006
300272,开能健康,3333000000.0,清洁小家电,33.33,MID,2012-07-02,2012
605388,均瑶健康,3339000000.0,乳品,33.39,MID,2020-08-17,2020
300812,易天股份,3340000000.0,消费电子零部件及组装,33.4,MID,2020-01-08,2020
301208,中亦科技,3343000000.0,IT服务Ⅲ,33.43,MID,2022-07-06,2022
002391,长青股份,3345000000.0000005,农药,33.45,MID,2010-04-28,2010
002453,华软科技,3347000000.0,其他化学制品,33.47,MID,2011-06-20,2011
605136,丽人丽妆,3347999999.9999995,电商服务,33.48,MID,2020-09-28,2020
301072,中捷精工,3352000000.0000005,底盘与发动机系统,33.52,MID,2021-09-28,2021
603255,鼎际得,3353000000.0,其他化学制品,33.53,MID,2022-08-17,2022
001282,三联锻造,3354999999.9999995,底盘与发动机系统,33.55,MID,2023-05-23,2023
300608,思特奇,3354999999.9999995,垂直应用软件,33.55,MID,2017-02-10,2017
000926,福星股份,3361000000.0,住宅开发,33.61,MID,2000-06-29,2000
301518,长华化学,3365000000.0,其他化学制品,33.65,MID,2023-08-02,2023
603390,通达电气,3365000000.0,汽车电子电气系统,33.65,MID,2019-11-22,2019
000546,金圆股份,3367000000.0,固废治理,33.67,MID,2002-04-04,2002
601366,利群股份,3369000000.0,多业态零售,33.69,MID,2017-04-18,2017
300154,瑞凌股份,3376000000.0,其他通用设备,33.76,MID,2011-02-21,2011
603665,康隆达,3378000000.0,鞋帽及其他,33.78,MID,2017-03-10,2017
301221,光庭信息,3378000000.0,汽车电子电气系统,33.78,MID,2021-12-21,2021
300599,雄塑科技,3381000000.0,管材,33.81,MID,2017-02-10,2017
000868,安凯客车,3382000000.0,商用载客车,33.82,MID,2000-10-13,2000
605058,澳弘电子,3382000000.0,印制电路板,33.82,MID,2020-10-20,2020
300230,永利股份,3383000000.0,其他塑料制品,33.83,MID,2011-12-19,2011
002184,海得控制,3385000000.0,工控设备,33.85,MID,2008-02-22,2008
002103,广博股份,3386999999.9999995,文化用品,33.87,MID,2008-05-22,2008
003001,中岩大地,3392000000.0,其他专业工程,33.92,MID,2020-10-12,2020
000659,珠海中富,3394000000.0,塑料包装,33.94,MID,2000-10-31,2000
600834,申通地铁,3394000000.0,公交,33.94,MID,2000-07-17,2000
300664,鹏鹞环保,3395000000.0000005,水务及水治理,33.95,MID,2018-01-04,2018
603192,汇得科技,3399000000.0,聚氨酯,33.99,MID,2018-08-27,2018
001396,誉帆科技,3401000000.0,基建市政工程,34.01,MID,2025-12-29,2025
002462,嘉事堂,3401000000.0,医药流通,34.01,MID,2011-02-11,2011
605158,华达新材,3401000000.0,其他金属新材料,34.01,MID,2020-08-04,2020
300542,新晨科技,3407000000.0,垂直应用软件,34.07,MID,2016-10-10,2016
600800,渤海化学,3408000000.0,其他石化,34.08,MID,2001-05-24,2001
002356,鹏飞绿能,3409000000.0000005,多业态零售,34.09,MID,2011-05-24,2011
002016,世荣兆业,3414000000.0,住宅开发,34.14,MID,2005-02-25,2005
300822,贝仕达克,3414000000.0,消费电子零部件及组装,34.14,MID,2020-03-12,2020
301668,昊创瑞通,3415999999.9999995,配电设备,34.16,MID,2025-09-25,2025
603381,永臻股份,3415999999.9999995,光伏辅材,34.16,MID,2024-06-26,2024
300691,联合光电,3417000000.0,安防设备,34.17,MID,2017-08-24,2017
001269,欧晶科技,3419000000.0,光伏辅材,34.19,MID,2022-09-29,2022
603630,拉芳家化,3421000000.0,品牌化妆品,34.21,MID,2017-03-10,2017
002457,青龙管业,3422000000.0,管材,34.22,MID,2010-08-11,2010
301038,深水规院,3422000000.0,工程咨询服务Ⅲ,34.22,MID,2021-08-03,2021
002593,日上集团,3424000000.0,钢结构,34.24,MID,2011-07-26,2011
002628,成都路桥,3429999999.9999995,基建市政工程,34.3,MID,2011-12-15,2011
300729,乐歌股份,3429999999.9999995,其他家居用品,34.3,MID,2017-11-30,2017
300911,亿田智能,3429999999.9999995,厨房电器,34.3,MID,2020-12-02,2020
301060,兰卫医学,3432000000.0,诊断服务,34.32,MID,2021-09-10,2021
000889,中嘉博创,3436000000.0,通信工程及服务,34.36,MID,2002-01-21,2002
002095,生 意 宝,3436999999.9999995,门户网站,34.37,MID,2006-12-28,2006
301383,天键股份,3436999999.9999995,消费电子零部件及组装,34.37,MID,2023-06-08,2023
603291,联合水务,3436999999.9999995,水务及水治理,34.37,MID,2023-03-24,2023
600980,北矿科技,3440000000.0,能源及重型设备,34.4,MID,2004-09-01,2004
000407,胜利股份,3440999999.9999995,燃气Ⅲ,34.41,MID,2001-02-28,2001
300190,维尔利,3442000000.0,综合环境治理,34.42,MID,2012-02-20,2012
000892,欢瑞世纪,3443000000.0,影视动漫制作,34.43,MID,2003-04-21,2003
002148,北纬科技,3447000000.0,通信应用增值服务,34.47,MID,2007-12-17,2007
300875,捷强装备,3449000000.0,地面兵装Ⅲ,34.49,MID,2020-09-18,2020
002868,绿康生化,3450000000.0,动物保健Ⅲ,34.5,MID,2017-05-10,2017
300880,迦南智能,3450000000.0,电工仪器仪表,34.5,MID,2020-08-31,2020
603101,汇嘉时代,3453000000.0,多业态零售,34.53,MID,2016-05-05,2016
603261,立航科技,3454000000.0,航空装备Ⅲ,34.54,MID,2022-03-16,2022
300907,康平科技,3454000000.0,电机Ⅲ,34.54,MID,2020-11-17,2020
002669,康达新材,3456000000.0,胶黏剂及胶带,34.56,MID,2013-02-28,2013
603109,神驰机电,3456000000.0,其他通用设备,34.56,MID,2019-12-30,2019
603232,格尔软件,3456000000.0,垂直应用软件,34.56,MID,2017-04-20,2017
603309,维力医疗,3456000000.0,医疗耗材,34.56,MID,2015-06-08,2015
300427,红相股份,3458000000.0,电网自动化设备,34.58,MID,2015-12-22,2015
601599,浙文影业,3458000000.0,其他纺织,34.58,MID,2012-02-06,2012
300921,南凌科技,3461000000.0,通信应用增值服务,34.61,MID,2020-12-21,2020
002879,长缆科技,3461999999.9999995,线缆部件及其他,34.62,MID,2017-07-06,2017
300736,百邦科技,3464000000.0,其他电子Ⅲ,34.64,MID,2018-01-10,2018
300402,宝色股份,3465000000.0,金属制品,34.65,MID,2015-02-11,2015
002269,美邦服饰,3467000000.0,非运动服装,34.67,MID,2008-11-24,2008
000570,苏常柴Ａ,3472000000.0,底盘与发动机系统,34.72,MID,2000-03-31,2000
000965,天保基建,3474000000.0,住宅开发,34.74,MID,2001-01-19,2001
002587,奥拓电子,3475000000.0,LED,34.75,MID,2011-12-13,2011
600857,宁波中百,3475000000.0,百货,34.75,MID,2000-07-10,2000
603569,长久物流,3476000000.0,公路货运,34.76,MID,2016-08-09,2016
002412,汉森制药,3477000000.0000005,中药Ⅲ,34.77,MID,2010-12-03,2010
002676,顺威股份,3478000000.0,家电零部件Ⅲ,34.78,MID,2013-05-17,2013
600506,统一股份,3479999999.9999995,炼油化工,34.8,MID,2003-04-09,2003
603559,中通国脉,3483000000.0,通信工程及服务,34.83,MID,2017-04-06,2017
300920,润阳科技,3484000000.0000005,其他塑料制品,34.84,MID,2020-12-24,2020
000716,黑芝麻,3486000000.0,零食,34.86,MID,2002-07-25,2002
002107,沃华医药,3486000000.0,中药Ⅲ,34.86,MID,2007-03-26,2007
605378,野马电池,3489000000.0,蓄电池及其他电池,34.89,MID,2021-04-09,2021
300011,鼎汉技术,3494000000.0,轨交设备Ⅲ,34.94,MID,2010-08-02,2010
300881,盛德鑫泰,3495000000.0000005,特钢Ⅲ,34.95,MID,2020-08-31,2020
300749,顶固集创,3496000000.0,定制家居,34.96,MID,2018-10-22,2018
002296,辉煌科技,3497999999.9999995,通信网络设备及器件,34.98,MID,2010-05-12,2010
300991,创益通,3497999999.9999995,其他电子Ⅲ,34.98,MID,2021-05-19,2021
002596,海南瑞泽,3500000000.0,水泥制品,35.0,MID,2012-07-25,2012
000607,华媒控股,3501000000.0,广告媒体,35.01,MID,2001-04-19,2001
300908,仲景食品,3503000000.0,调味发酵品Ⅲ,35.03,MID,2020-11-20,2020
603106,恒银科技,3503000000.0,其他计算机设备,35.03,MID,2017-09-20,2017
300448,浩云科技,3504000000.0,IT服务Ⅲ,35.04,MID,2015-05-04,2015
300530,领湃科技,3504000000.0,其他化学制品,35.04,MID,2016-08-24,2016
300830,金现代,3504999999.9999995,垂直应用软件,35.05,MID,2020-04-30,2020
002923,润都股份,3506000000.0,化学制剂,35.06,MID,2018-01-04,2018
300107,建新股份,3506000000.0,纺织化学制品,35.06,MID,2010-08-27,2010
600844,金煤科技,3507000000.0,煤化工,35.07,MID,2001-09-25,2001
300200,高盟新材,3508000000.0,聚氨酯,35.08,MID,2011-06-23,2011
600333,长春燃气,3508000000.0,燃气Ⅲ,35.08,MID,2001-05-15,2001
002962,五方光电,3509000000.0000005,光学元件,35.09,MID,2019-09-16,2019
300862,蓝盾光电,3510000000.0,仪器仪表,35.1,MID,2020-08-21,2020
002917,金奥博,3511000000.0,民爆制品,35.11,MID,2017-12-21,2017
300690,双一科技,3511999999.9999995,风电零部件,35.12,MID,2017-08-07,2017
603020,爱普股份,3511999999.9999995,食品及饲料添加剂,35.12,MID,2015-03-24,2015
603706,东方环宇,3513000000.0000005,燃气Ⅲ,35.13,MID,2018-07-06,2018
605369,拱东医疗,3515000000.0,医疗耗材,35.15,MID,2020-09-15,2020
603579,荣泰健康,3515999999.9999995,其他家电Ⅲ,35.16,MID,2017-01-10,2017
600520,三佳科技,3517000000.0,其他专用设备,35.17,MID,2002-11-06,2002
603138,海量数据,3517000000.0,IT服务Ⅲ,35.17,MID,2017-03-03,2017
300424,航新科技,3522999999.9999995,航空装备Ⅲ,35.23,MID,2015-07-23,2015
002693,双成药业,3525000000.0,化学制剂,35.25,MID,2013-01-04,2013
300978,东箭科技,3525000000.0,车身附件及饰件,35.25,MID,2021-04-23,2021
301281,科源制药,3525000000.0,原料药,35.25,MID,2023-04-18,2023
002086,东方海洋,3526000000.0,体外诊断,35.26,MID,2007-06-20,2007
603207,小方制药,3527000000.0000005,化学制剂,35.27,MID,2024-08-23,2024
300901,中胤时尚,3528000000.0,非运动服装,35.28,MID,2020-10-28,2020
300639,凯普生物,3529999999.9999995,体外诊断,35.3,MID,2017-04-11,2017
301446,福事特,3529999999.9999995,工程机械器件,35.3,MID,2023-07-24,2023
300798,锦鸡股份,3531000000.0,纺织化学制品,35.31,MID,2019-11-21,2019
002613,北玻股份,3533000000.0,玻璃制造,35.33,MID,2011-09-13,2011
301210,金杨精密,3533000000.0,锂电池,35.33,MID,2023-06-29,2023
603956,威派格,3533000000.0,其他专用设备,35.33,MID,2019-02-21,2019
300193,佳士科技,3534000000.0000005,其他通用设备,35.34,MID,2011-04-11,2011
000626,远大控股,3536000000.0,原材料供应链服务,35.36,MID,2001-02-06,2001
603566,普莱柯,3536999999.9999995,动物保健Ⅲ,35.37,MID,2015-05-22,2015
301073,君亭酒店,3539000000.0,酒店,35.39,MID,2021-10-13,2021
301172,君逸数码,3539000000.0,IT服务Ⅲ,35.39,MID,2023-07-25,2023
001390,古麒绒材,3540000000.0,其他纺织,35.4,MID,2025-05-28,2025
301068,大地海洋,3540000000.0,固废治理,35.4,MID,2021-10-18,2021
301186,超达装备,3543000000.0,其他汽车零部件,35.43,MID,2021-12-24,2021
603551,奥普科技,3543000000.0,卫浴电器,35.43,MID,2020-01-14,2020
603926,铁流股份,3544000000.0,底盘与发动机系统,35.44,MID,2017-05-09,2017
002853,皮阿诺,3549000000.0,定制家居,35.49,MID,2017-03-22,2017
300603,立昂技术,3551000000.0,通信工程及服务,35.51,MID,2017-09-21,2017
000721,西安饮食,3553000000.0,餐饮,35.53,MID,2000-12-26,2000
600579,中化装备,3554000000.0,其他专用设备,35.54,MID,2004-06-03,2004
603199,九华旅游,3556000000.0,自然景区,35.56,MID,2015-03-25,2015
002370,亚太药业,3557000000.0,化学制剂,35.57,MID,2010-10-11,2010
300213,佳讯飞鸿,3560000000.0,其他通信设备,35.6,MID,2012-04-27,2012
603105,芯能科技,3560000000.0,光伏发电,35.6,MID,2018-07-06,2018
600127,金健米业,3568000000.0,粮油加工,35.68,MID,2000-08-03,2000
300299,富春股份,3569000000.0,游戏Ⅲ,35.69,MID,2013-09-13,2013
603703,盛洋科技,3569000000.0,LED,35.69,MID,2015-08-28,2015
603716,塞力医疗,3570000000.0000005,医药流通,35.7,MID,2016-11-15,2016
300111,向日葵,3578000000.0,化学制剂,35.78,MID,2011-07-21,2011
603126,中材节能,3578000000.0,环保设备Ⅲ,35.78,MID,2014-10-30,2014
002615,哈尔斯,3588000000.0000005,其他家居用品,35.88,MID,2011-09-27,2011
002333,罗普斯金,3590999999.9999995,其他建材Ⅲ,35.91,MID,2010-03-11,2010
600212,绿能慧充,3590999999.9999995,其他电源设备Ⅲ,35.91,MID,2002-04-12,2002
603421,鼎信通讯,3594000000.0,通信网络设备及器件,35.94,MID,2016-10-10,2016
301332,德尔玛,3600000000.0,清洁小家电,36.0,MID,2023-05-17,2023
603081,大丰实业,3600000000.0,其他专用设备,36.0,MID,2017-04-19,2017
301002,崧盛股份,3608000000.0,输变电设备,36.08,MID,2021-06-04,2021
002339,积成电子,3614000000.0,电网自动化设备,36.14,MID,2010-04-23,2010
600805,悦达投资,3615999999.9999995,综合Ⅲ,36.16,MID,2000-06-20,2000
301016,雷尔伟,3622999999.9999995,轨交设备Ⅲ,36.23,MID,2021-07-13,2021
002187,广百股份,3624000000.0,百货,36.24,MID,2008-01-08,2008
300473,德尔股份,3624000000.0,其他汽车零部件,36.24,MID,2015-09-29,2015
002783,凯龙股份,3625000000.0,民爆制品,36.25,MID,2015-12-08,2015
301187,欧圣电气,3628000000.0,清洁小家电,36.28,MID,2022-04-21,2022
600830,香溢融通,3629999999.9999995,金融控股,36.3,MID,2000-04-19,2000
301398,星源卓镁,3633000000.0,车身附件及饰件,36.33,MID,2022-12-14,2022
002469,三维化学,3640000000.0,其他化学原料,36.4,MID,2011-02-01,2011
603639,海利尔,3640000000.0,农药,36.4,MID,2017-01-11,2017
002162,悦心健康,3642000000.0,瓷砖地板,36.42,MID,2008-04-17,2008
605189,富春染织,3645000000.0000005,印染,36.45,MID,2021-05-27,2021
603615,茶花股份,3649000000.0,其他家居用品,36.49,MID,2017-02-10,2017
002362,汉王科技,3650000000.0,垂直应用软件,36.5,MID,2010-03-11,2010
000055,方大集团,3651000000.0,其他建材Ⅲ,36.51,MID,2000-05-09,2000
300404,博济医药,3653000000.0,医疗研发外包,36.53,MID,2015-07-31,2015
000532,华金资本,3654000000.0,资产管理,36.54,MID,2000-09-06,2000
300816,艾可蓝,3654000000.0,其他汽车零部件,36.54,MID,2020-02-07,2020
300537,广信材料,3654999999.9999995,电子化学品Ⅲ,36.55,MID,2016-12-26,2016
300652,雷迪克,3654999999.9999995,轮胎轮毂,36.55,MID,2017-05-15,2017
300858,科拓生物,3654999999.9999995,食品及饲料添加剂,36.55,MID,2020-07-24,2020
000797,中国武夷,3660000000.0,住宅开发,36.6,MID,2000-06-12,2000
300231,银信科技,3660000000.0,IT服务Ⅲ,36.6,MID,2011-07-06,2011
603933,睿能科技,3669000000.0,其他电子Ⅲ,36.69,MID,2017-07-19,2017
002786,银宝山新,3672000000.0,其他专用设备,36.72,MID,2015-12-25,2015
002088,鲁阳节能,3672999999.9999995,耐火材料,36.73,MID,2007-04-11,2007
300120,经纬辉开,3676000000.0,面板,36.76,MID,2011-03-21,2011
603085,天成自控,3685000000.0,车身附件及饰件,36.85,MID,2015-07-28,2015
000518,四环生物,3686000000.0,其他生物制品,36.86,MID,2001-01-18,2001
002976,瑞玛精密,3688000000.0000005,其他汽车零部件,36.88,MID,2020-03-05,2020
002228,合兴包装,3689000000.0,纸包装,36.89,MID,2008-12-24,2008
001238,浙江正特,3694000000.0,娱乐用品,36.94,MID,2022-09-16,2022
301051,信濠光电,3695000000.0000005,消费电子零部件及组装,36.95,MID,2021-08-26,2021
603239,浙江仙通,3695000000.0000005,其他汽车零部件,36.95,MID,2016-12-30,2016
600794,保税科技,3696000000.0,仓储物流,36.96,MID,2001-02-12,2001
300518,新迅达,3697000000.0,电商服务,36.97,MID,2017-01-13,2017
600824,益民集团,3700000000.0,多业态零售,37.0,MID,2000-04-05,2000
300243,瑞丰高材,3701000000.0,其他塑料制品,37.01,MID,2012-03-27,2012
603669,灵康药业,3704000000.0,化学制剂,37.04,MID,2015-05-27,2015
300933,中辰股份,3704000000.0,线缆部件及其他,37.04,MID,2021-01-21,2021
600527,江南高纤,3706000000.0,其他纺织,37.06,MID,2004-02-13,2004
600960,渤海汽车,3707000000.0,底盘与发动机系统,37.07,MID,2005-03-14,2005
300522,世名科技,3708000000.0,涂料油墨,37.08,MID,2016-07-11,2016
002090,金智科技,3709000000.0000005,电网自动化设备,37.09,MID,2007-07-26,2007
300504,天邑股份,3710000000.0,通信终端及配件,37.1,MID,2018-03-29,2018
002973,侨银股份,3711000000.0,固废治理,37.11,MID,2020-01-03,2020
603386,骏亚科技,3714000000.0,印制电路板,37.14,MID,2018-01-19,2018
301102,兆讯传媒,3715000000.0,广告媒体,37.15,MID,2022-03-25,2022
300508,维宏股份,3715999999.9999995,其他计算机设备,37.16,MID,2016-04-22,2016
603113,金能科技,3715999999.9999995,其他化学原料,37.16,MID,2017-05-10,2017
000816,智慧农业,3719000000.0,底盘与发动机系统,37.19,MID,2000-09-06,2000
603636,南威软件,3720000000.0000005,IT服务Ⅲ,37.2,MID,2015-04-29,2015
000678,襄阳轴承,3722999999.9999995,底盘与发动机系统,37.23,MID,2001-08-13,2001
605055,迎丰股份,3727000000.0000005,印染,37.27,MID,2021-01-28,2021
300310,宜通世纪,3729000000.0,通信工程及服务,37.29,MID,2012-12-13,2012
300414,中光防雷,3729999999.9999995,其他通信设备,37.3,MID,2016-03-18,2016
600067,冠城新材,3729999999.9999995,线缆部件及其他,37.3,MID,2000-04-21,2000
603090,宏盛股份,3729999999.9999995,其他通用设备,37.3,MID,2016-11-25,2016
002900,哈三联,3733000000.0,化学制剂,37.33,MID,2017-09-21,2017
601188,龙江交通,3734000000.0000005,高速公路,37.34,MID,2010-04-01,2010
002564,天沃科技,3736000000.0,能源及重型设备,37.36,MID,2011-12-08,2011
603324,盛剑科技,3739000000.0,环保设备Ⅲ,37.39,MID,2021-04-06,2021
002365,永安药业,3740000000.0,原料药,37.4,MID,2010-03-12,2010
603607,京华激光,3745000000.0000005,综合包装,37.45,MID,2017-10-25,2017
002554,惠博普,3747999999.9999995,油气及炼化工程,37.48,MID,2011-05-13,2011
300889,爱克股份,3747999999.9999995,LED,37.48,MID,2020-09-29,2020
300466,赛摩智能,3749000000.0,仪器仪表,37.49,MID,2016-11-11,2016
300248,新开普,3758000000.0,其他计算机设备,37.58,MID,2012-03-07,2012
603719,良品铺子,3761000000.0,零食,37.61,MID,2020-02-24,2020
300557,理工光科,3765000000.0,仪器仪表,37.65,MID,2016-10-31,2016
605286,同力天启,3770000000.0000005,楼宇设备,37.7,MID,2021-04-02,2021
002474,榕基软件,3771000000.0,IT服务Ⅲ,37.71,MID,2010-12-30,2010
301112,信邦智能,3771000000.0,机器人,37.71,MID,2022-07-12,2022
300004,南风股份,3772999999.9999995,其他专用设备,37.73,MID,2010-07-15,2010
603339,四方科技,3775000000.0,制冷空调设备,37.75,MID,2016-05-19,2016
000822,山东海化,3777000000.0000005,纯碱,37.77,MID,2000-04-21,2000
002672,东江环保,3779999999.9999995,固废治理,37.8,MID,2012-09-19,2012
603520,司太立,3783000000.0,原料药,37.83,MID,2016-09-06,2016
000850,华茂股份,3784000000.0000005,棉纺,37.84,MID,2000-11-13,2000
301122,采纳股份,3786999999.9999995,医疗耗材,37.87,MID,2022-01-25,2022
603676,卫信康,3790000000.0,化学制剂,37.9,MID,2017-07-20,2017
300241,瑞丰光电,3790999999.9999995,LED,37.91,MID,2012-01-11,2012
003020,立方制药,3795000000.0000005,化学制剂,37.95,MID,2020-12-14,2020
603120,肯特催化,3797000000.0,其他化学制品,37.97,MID,2025-04-15,2025
001279,强邦新材,3797999999.9999995,印刷,37.98,MID,2024-10-10,2024
301026,浩通科技,3800000000.0,其他小金属,38.0,MID,2021-07-15,2021
002521,齐峰新材,3803000000.0,特种纸,38.03,MID,2010-12-24,2010
605337,李子园,3804000000.0,软饮料,38.04,MID,2021-02-05,2021
600684,珠江股份,3804999999.9999995,房地产综合服务,38.05,MID,2000-03-17,2000
603121,华培动力,3804999999.9999995,底盘与发动机系统,38.05,MID,2019-01-24,2019
300022,吉峰科技,3806000000.0,专业连锁Ⅲ,38.06,MID,2010-08-30,2010
300481,濮阳惠成,3809000000.0000005,电子化学品Ⅲ,38.09,MID,2015-07-28,2015
002772,众兴菌业,3811000000.0,食用菌,38.11,MID,2015-07-09,2015
301193,家联科技,3813000000.0000005,其他家居用品,38.13,MID,2021-12-08,2021
600530,交大昂立,3813000000.0000005,保健品,38.13,MID,2002-08-14,2002
300887,谱尼测试,3815000000.0,检测服务,38.15,MID,2020-09-15,2020
603918,金桥信息,3815000000.0,IT服务Ⅲ,38.15,MID,2015-10-20,2015
300318,博晖创新,3822999999.9999995,血液制品,38.23,MID,2012-11-12,2012
301356,天振股份,3822999999.9999995,瓷砖地板,38.23,MID,2022-11-11,2022
300384,三联虹普,3825000000.0,化学工程,38.25,MID,2015-01-20,2015
002322,理工能科,3827000000.0000005,垂直应用软件,38.27,MID,2010-07-12,2010
605208,永茂泰,3827000000.0000005,铝,38.27,MID,2021-03-05,2021
600714,金瑞矿业,3829999999.9999995,无机盐,38.3,MID,2001-03-08,2001
603978,深圳新星,3831000000.0,其他金属新材料,38.31,MID,2017-08-09,2017
603912,佳力图,3831000000.0,制冷空调设备,38.31,MID,2017-10-31,2017
002918,蒙娜丽莎,3835000000.0,瓷砖地板,38.35,MID,2017-12-18,2017
300952,恒辉安防,3836999999.9999995,鞋帽及其他,38.37,MID,2021-03-10,2021
000906,浙商中拓,3839000000.0,原材料供应链服务,38.39,MID,2000-12-19,2000
301277,新天地,3842000000.0,原料药,38.42,MID,2022-11-15,2022
301116,益客食品,3843000000.0,肉鸡养殖,38.43,MID,2022-01-17,2022
301237,和顺科技,3845000000.0000005,膜材料,38.45,MID,2022-03-22,2022
002688,金河生物,3847999999.9999995,动物保健Ⅲ,38.48,MID,2012-11-09,2012
600526,菲达环保,3847999999.9999995,环保设备Ⅲ,38.48,MID,2002-12-13,2002
600222,太龙药业,3854000000.0,中药Ⅲ,38.54,MID,2000-08-25,2000
300071,福石控股,3856000000.0,营销代理,38.56,MID,2012-08-20,2012
603062,麦加芯彩,3856000000.0,涂料油墨,38.56,MID,2023-11-06,2023
301108,洁雅股份,3858000000.0,生活用纸,38.58,MID,2021-12-02,2021
001210,金房能源,3859000000.0000005,热力服务,38.59,MID,2021-07-28,2021
000882,华联股份,3860000000.0,百货,38.6,MID,2000-11-13,2000
600798,宁波海运,3861000000.0,航运,38.61,MID,2001-01-03,2001
300584,海辰药业,3861999999.9999995,化学制剂,38.62,MID,2017-01-11,2017
000520,凤凰航运,3865999999.9999995,航运,38.66,MID,2003-02-14,2003
002930,宏川智慧,3865999999.9999995,仓储物流,38.66,MID,2018-04-11,2018
300840,酷特智能,3869000000.0,非运动服装,38.69,MID,2020-07-07,2020
605162,新中港,3870000000.0000005,热力服务,38.7,MID,2021-07-06,2021
002449,国星光电,3872000000.0,LED,38.72,MID,2010-10-12,2010
600076,康欣新材,3872000000.0,综合包装,38.72,MID,2001-03-19,2001
002005,德豪润达,3872999999.9999995,厨房小家电,38.73,MID,2005-11-11,2005
600135,乐凯胶片,3872999999.9999995,膜材料,38.73,MID,2000-05-24,2000
600379,宝光股份,3872999999.9999995,输变电设备,38.73,MID,2003-12-08,2003
002788,鹭燕医药,3874000000.0,医药流通,38.74,MID,2016-02-25,2016
002418,康盛股份,3875000000.0,家电零部件Ⅲ,38.75,MID,2011-04-28,2011
300021,大禹节水,3875000000.0,农业综合Ⅲ,38.75,MID,2009-12-22,2009
600727,鲁北化工,3875000000.0,钛白粉,38.75,MID,2002-03-26,2002
301075,多瑞医药,3882000000.0,化学制剂,38.82,MID,2021-10-14,2021
002160,常铝股份,3883000000.0,铝,38.83,MID,2008-11-07,2008
600792,云煤能源,3885000000.0,焦炭Ⅲ,38.85,MID,2001-03-26,2001
603107,上海汽配,3886000000.0,底盘与发动机系统,38.86,MID,2023-10-31,2023
000919,金陵药业,3886999999.9999995,化学制剂,38.87,MID,2000-03-17,2000
600628,新世界,3888000000.0000005,百货,38.88,MID,2000-05-26,2000
301190,善水科技,3889000000.0,其他化学原料,38.89,MID,2021-12-23,2021
301618,长联科技,3890000000.0,纺织化学制品,38.9,MID,2024-09-27,2024
300712,永福股份,3893000000.0,其他专业工程,38.93,MID,2017-10-30,2017
300859,西域旅游,3897999999.9999995,自然景区,38.98,MID,2020-08-11,2020
300878,维康药业,3899000000.0,中药Ⅲ,38.99,MID,2020-08-21,2020
603222,济民健康,3901000000.0,医疗耗材,39.01,MID,2015-05-12,2015
301273,瑞晨环保,3903000000.0,其他通用设备,39.03,MID,2022-10-24,2022
601368,绿城水务,3903000000.0,水务及水治理,39.03,MID,2015-06-19,2015
603315,福鞍股份,3904999999.9999995,大气治理,39.05,MID,2015-09-02,2015
002116,中国海诚,3907000000.0,其他专业工程,39.07,MID,2007-06-25,2007
300332,天壕能源,3908000000.0,燃气Ⅲ,39.08,MID,2013-06-20,2013
603869,XDST智知,3909000000.0000005,IT服务Ⅲ,39.09,MID,2015-08-12,2015
603519,立霸股份,3910000000.0,家电零部件Ⅲ,39.1,MID,2015-07-31,2015
300380,安硕信息,3921000000.0,垂直应用软件,39.21,MID,2014-01-27,2014
603928,兴业股份,3922000000.0,合成树脂,39.22,MID,2016-12-09,2016
301538,骏鼎达,3929000000.0,改性塑料,39.29,MID,2024-03-19,2024
002040,南 京 港,3932000000.0,港口,39.32,MID,2005-12-28,2005
301588,美新科技,3932000000.0,瓷砖地板,39.32,MID,2024-03-12,2024
603178,圣龙股份,3932000000.0,底盘与发动机系统,39.32,MID,2017-03-27,2017
003019,宸展光电,3935000000.0,面板,39.35,MID,2020-11-16,2020
002871,伟隆股份,3936000000.0,金属制品,39.36,MID,2017-05-10,2017
002644,佛慈制药,3936999999.9999995,中药Ⅲ,39.37,MID,2012-01-19,2012
603689,皖天然气,3938000000.0000005,燃气Ⅲ,39.38,MID,2017-01-09,2017
300354,东华测试,3940999999.9999995,仪器仪表,39.41,MID,2012-09-19,2012
301295,美硕科技,3947000000.0,输变电设备,39.47,MID,2023-06-27,2023
300774,倍杰特,3949000000.0,水务及水治理,39.49,MID,2021-08-03,2021
001216,华瓷股份,3950000000.0,其他家居用品,39.5,MID,2021-10-18,2021
300669,沪宁股份,3950000000.0,楼宇设备,39.5,MID,2017-06-28,2017
002991,甘源食品,3952000000.0000005,零食,39.52,MID,2020-07-30,2020
301595,太力科技,3953000000.0,其他家居用品,39.53,MID,2025-05-16,2025
603758,秦安股份,3954000000.0,底盘与发动机系统,39.54,MID,2017-06-07,2017
002903,宇环数控,3957000000.0,机床工具,39.57,MID,2017-10-13,2017
003007,直真科技,3957000000.0,垂直应用软件,39.57,MID,2020-09-22,2020
603058,永吉股份,3960000000.0,纸包装,39.6,MID,2017-01-10,2017
603015,弘讯科技,3961000000.0,工控设备,39.61,MID,2015-03-17,2015
605268,王力安防,3961000000.0,定制家居,39.61,MID,2021-02-23,2021
002161,远 望 谷,3965000000.0,其他电子Ⅲ,39.65,MID,2008-04-28,2008
603967,中创物流,3965999999.9999995,跨境物流,39.66,MID,2019-04-26,2019
002321,华英农业,3967000000.0,其他养殖,39.67,MID,2010-03-30,2010
300758,七彩化学,3971000000.0,涂料油墨,39.71,MID,2019-02-21,2019
301528,多浦乐,3976000000.0,仪器仪表,39.76,MID,2023-08-25,2023
000655,金岭矿业,3977000000.0000005,铁矿石,39.77,MID,2001-06-01,2001
603661,恒林股份,3977000000.0000005,成品家居,39.77,MID,2017-11-30,2017
300932,三友联众,3979999999.9999995,配电设备,39.8,MID,2021-01-21,2021
300317,珈伟新能,3985000000.0,光伏发电,39.85,MID,2013-07-31,2013
002843,泰嘉股份,3988000000.0000005,金属制品,39.88,MID,2017-01-19,2017
300572,安车检测,3989000000.0,检测服务,39.89,MID,2016-12-12,2016
603217,元利科技,3989000000.0,其他化学制品,39.89,MID,2019-06-19,2019
300662,科锐国际,3990999999.9999995,人力资源服务,39.91,MID,2017-08-14,2017
300894,火星人,3994000000.0,厨房电器,39.94,MID,2020-12-30,2020
603032,德新科技,3997999999.9999995,锂电专用设备,39.98,MID,2017-08-23,2017
000096,广聚能源,4002000000.0000005,油品石化贸易,40.02,MID,2000-10-13,2000
603035,常熟汽饰,4004000000.0,车身附件及饰件,40.04,MID,2017-01-04,2017
002845,同兴达,4006000000.0,面板,40.06,MID,2017-01-24,2017
300534,陇神戎发,4007000000.0,中药Ⅲ,40.07,MID,2016-10-12,2016
603007,顺景科技,4007000000.0,底盘与发动机系统,40.07,MID,2016-09-29,2016
605088,冠盛股份,4015999999.9999995,底盘与发动机系统,40.16,MID,2020-08-14,2020
300494,盛天网络,4017000000.0,游戏Ⅲ,40.17,MID,2015-12-30,2015
600725,云维股份,4018000000.0,贸易Ⅲ,40.18,MID,2001-11-16,2001
000505,京粮控股,4020000000.0000005,粮油加工,40.2,MID,2001-10-26,2001
300234,开尔新材,4020000000.0000005,其他建材Ⅲ,40.2,MID,2011-11-02,2011
301370,国科恒泰,4024000000.0,医疗耗材,40.24,MID,2023-07-11,2023
000526,学大教育,4025000000.0,培训教育,40.25,MID,2002-07-16,2002
605086,龙高股份,4025000000.0,非金属材料Ⅲ,40.25,MID,2021-04-15,2021
603069,海汽集团,4026000000.0,公交,40.26,MID,2016-08-04,2016
600822,上海物贸,4027000000.0000005,汽车经销商,40.27,MID,2000-11-23,2000
300447,全信股份,4029000000.0,军工电子Ⅲ,40.29,MID,2015-09-11,2015
600261,阳光照明,4032000000.0,照明设备Ⅲ,40.32,MID,2000-09-28,2000
002724,海洋王,4035000000.0,照明设备Ⅲ,40.35,MID,2015-02-13,2015
603682,锦和商管,4035000000.0,商业物业经营,40.35,MID,2020-04-20,2020
603960,克来机电,4035000000.0,其他自动化设备,40.35,MID,2017-06-07,2017
300445,康斯特,4036000000.0,仪器仪表,40.36,MID,2015-04-23,2015
301149,隆华新材,4042000000.0,其他化学制品,40.42,MID,2021-11-09,2021
603322,超讯科技,4044000000.0,通信工程及服务,40.44,MID,2016-08-31,2016
300654,世纪天鸿,4046000000.0,教育出版,40.46,MID,2017-09-25,2017
600505,西昌电力,4047000000.0,电能综合服务,40.47,MID,2002-11-04,2002
603016,新宏泰,4049000000.0,配电设备,40.49,MID,2017-03-27,2017
603206,嘉环科技,4050000000.0,通信工程及服务,40.5,MID,2022-05-05,2022
002735,王子新材,4053000000.0,塑料包装,40.53,MID,2015-11-05,2015
300061,旗天科技,4053000000.0,营销代理,40.53,MID,2010-11-22,2010
002616,长青集团,4056000000.0,其他能源发电,40.56,MID,2012-03-07,2012
300434,金石亚药,4058000000.0,化学制剂,40.58,MID,2015-10-26,2015
603165,荣晟环保,4059000000.0000005,大宗用纸,40.59,MID,2017-01-17,2017
002197,证通电子,4067000000.0,其他计算机设备,40.67,MID,2008-03-20,2008
002480,新筑股份,4069000000.0,光伏发电,40.69,MID,2010-12-07,2010
300563,神宇股份,4069000000.0,通信线缆及配套,40.69,MID,2016-11-11,2016
603966,法兰泰克,4069000000.0,能源及重型设备,40.69,MID,2017-02-03,2017
300040,九洲集团,4072999999.9999995,电能综合服务,40.73,MID,2010-12-31,2010
600152,维科技术,4074000000.0,锂电池,40.74,MID,2000-08-17,2000
002571,德力股份,4076000000.0,其他家居用品,40.76,MID,2012-12-10,2012
301419,阿莱德,4076000000.0,通信网络设备及器件,40.76,MID,2023-02-08,2023
603097,江苏华辰,4077000000.0000005,输变电设备,40.77,MID,2022-05-11,2022
300121,阳谷华泰,4078000000.0,橡胶助剂,40.78,MID,2010-12-06,2010
603150,万朗磁塑,4081000000.0,其他塑料制品,40.81,MID,2022-01-21,2022
002758,浙农股份,4083000000.0,综合Ⅲ,40.83,MID,2015-06-25,2015
001312,福恩股份,4086000000.0,其他纺织,40.86,MID,2026-04-20,2026
603167,渤海轮渡,4086000000.0,航运,40.86,MID,2012-09-05,2012
300577,开润股份,4086999999.9999995,鞋帽及其他,40.87,MID,2016-12-20,2016
603122,合富中国,4088000000.0000005,其他医疗服务,40.88,MID,2022-02-18,2022
000530,冰山冷热,4090000000.0,制冷空调设备,40.9,MID,2000-06-29,2000
002983,芯瑞达,4092000000.0,LED,40.92,MID,2020-04-27,2020
002035,华帝股份,4094000000.0,厨房电器,40.94,MID,2005-01-25,2005
603998,方盛制药,4097000000.0,中药Ⅲ,40.97,MID,2015-03-31,2015
002846,英联股份,4099000000.0,金属包装,40.99,MID,2017-02-06,2017
002989,中天精装,4099000000.0,装修装饰Ⅲ,40.99,MID,2020-06-11,2020
300588,熙菱信息,4104999999.9999995,安防设备,41.05,MID,2017-01-11,2017
301132,满坤科技,4104999999.9999995,印制电路板,41.05,MID,2022-08-09,2022
300781,因赛集团,4108000000.0,营销代理,41.08,MID,2019-06-12,2019
603439,三力制药,4111000000.0,中药Ⅲ,41.11,MID,2020-04-27,2020
001316,润贝航科,4113000000.0000005,油品石化贸易,41.13,MID,2022-06-23,2022
002225,濮耐股份,4115000000.0,耐火材料,41.15,MID,2008-11-12,2008
000428,华天酒店,4115999999.9999995,酒店,41.16,MID,2000-11-06,2000
001223,欧克科技,4117000000.0,其他自动化设备,41.17,MID,2022-12-09,2022
002443,金洲管道,4117000000.0,特钢Ⅲ,41.17,MID,2011-07-22,2011
002117,东港股份,4122000000.0,印刷,41.22,MID,2007-04-17,2007
002137,实益达,4122999999.9999995,LED,41.23,MID,2008-04-01,2008
002589,瑞康医药,4122999999.9999995,医药流通,41.23,MID,2011-11-28,2011
301501,恒鑫生活,4126000000.0,其他家居用品,41.26,MID,2025-03-18,2025
000017,深中华A,4128000000.0,钟表珠宝,41.28,MID,2004-09-10,2004
301590,优优绿能,4128000000.0,其他电源设备Ⅲ,41.28,MID,2025-06-04,2025
603916,苏博特,4128000000.0,水泥制品,41.28,MID,2017-11-09,2017
002996,顺博合金,4129999999.9999995,铝,41.3,MID,2020-08-27,2020
301008,宏昌科技,4132000000.0,家电零部件Ⅲ,41.32,MID,2021-06-10,2021
603683,晶华新材,4133000000.0,胶黏剂及胶带,41.33,MID,2017-10-19,2017
301115,联检科技,4135000000.0,检测服务,41.35,MID,2022-08-30,2022
603681,永冠新材,4136999999.9999995,胶黏剂及胶带,41.37,MID,2019-03-25,2019
002520,日发精机,4140999999.9999995,机床工具,41.41,MID,2011-10-18,2011
300882,万胜智能,4144000000.0,电工仪器仪表,41.44,MID,2020-09-09,2020
603803,瑞斯康达,4147000000.0,通信终端及配件,41.47,MID,2017-04-24,2017
300871,回盛生物,4147000000.0,动物保健Ⅲ,41.47,MID,2020-08-21,2020
002427,尤夫股份,4149000000.0,涤纶,41.49,MID,2011-04-19,2011
603976,正川股份,4149000000.0,医疗耗材,41.49,MID,2017-08-21,2017
300711,广哈通信,4153000000.0,其他通信设备,41.53,MID,2017-10-31,2017
301033,迈普医学,4153000000.0,医疗耗材,41.53,MID,2021-08-06,2021
002677,浙江美大,4154000000.0,厨房电器,41.54,MID,2012-09-03,2012
600880,博瑞传播,4154999999.9999995,教育运营及其他,41.55,MID,2001-04-30,2001
301007,德迈仕,4160000000.0,底盘与发动机系统,41.6,MID,2021-06-17,2021
301448,开创电气,4163000000.0000005,其他通用设备,41.63,MID,2023-06-16,2023
300643,万通智控,4164000000.0,其他汽车零部件,41.64,MID,2017-05-04,2017
002285,世联行,4165000000.0,房产租赁经纪,41.65,MID,2009-10-30,2009
300386,飞天诚信,4168000000.0,其他计算机设备,41.68,MID,2014-06-25,2014
603726,朗迪集团,4171000000.0,家电零部件Ⅲ,41.71,MID,2016-04-28,2016
300210,森远股份,4174000000.0,环保设备Ⅲ,41.74,MID,2011-07-06,2011
300973,立高食品,4174000000.0,烘焙食品,41.74,MID,2021-04-14,2021
300553,集智股份,4176000000.0,仪器仪表,41.76,MID,2016-10-20,2016
301325,曼恩斯特,4182000000.0,锂电专用设备,41.82,MID,2023-05-11,2023
300833,浩洋股份,4183000000.0,其他专用设备,41.83,MID,2020-05-19,2020
300349,金卡智能,4185000000.0,仪器仪表,41.85,MID,2013-06-20,2013
605577,龙版传媒,4186999999.9999995,教育出版,41.87,MID,2021-08-23,2021
002823,凯中精密,4190000000.0,电机Ⅲ,41.9,MID,2016-12-16,2016
300793,佳禾智能,4190000000.0,消费电子零部件及组装,41.9,MID,2019-10-17,2019
301096,百诚医药,4194000000.0,医疗研发外包,41.94,MID,2021-12-24,2021
603004,鼎龙科技,4202000000.0000005,其他化学制品,42.02,MID,2023-12-26,2023
300559,佳发教育,4203000000.0,垂直应用软件,42.03,MID,2016-10-31,2016
600796,钱江生化,4203000000.0,水务及水治理,42.03,MID,2001-04-10,2001
600071,凤凰光学,4204000000.0,光学元件,42.04,MID,2001-02-07,2001
603666,亿嘉和,4207000000.0,机器人,42.07,MID,2018-06-11,2018
300571,平治信息,4210000000.0,通信应用增值服务,42.1,MID,2016-12-19,2016
600558,大西洋,4210000000.0,金属制品,42.1,MID,2001-10-09,2001
002367,康力电梯,4211999999.9999995,楼宇设备,42.12,MID,2010-06-28,2010
301055,张小泉,4211999999.9999995,其他家居用品,42.12,MID,2021-09-03,2021
603344,星德胜,4214000000.0,电机Ⅲ,42.14,MID,2024-03-19,2024
603348,文灿股份,4220000000.0000005,其他汽车零部件,42.2,MID,2018-04-26,2018
002765,蓝黛科技,4226000000.0,底盘与发动机系统,42.26,MID,2015-08-26,2015
002866,传艺科技,4229999999.9999995,消费电子零部件及组装,42.3,MID,2017-08-14,2017
600168,武汉控股,4232000000.0,水务及水治理,42.32,MID,2001-02-28,2001
301391,卡莱特,4236999999.9999995,其他计算机设备,42.37,MID,2022-11-30,2022
300485,赛升药业,4239000000.0,其他生物制品,42.39,MID,2015-06-25,2015
603325,博隆技术,4240000000.0,能源及重型设备,42.4,MID,2024-01-09,2024
300629,新劲刚,4242000000.0,军工电子Ⅲ,42.42,MID,2017-05-26,2017
603697,有友食品,4243000000.0,零食,42.43,MID,2019-05-07,2019
603528,多伦科技,4243000000.0,垂直应用软件,42.43,MID,2016-05-04,2016
300656,民德电子,4244000000.0,其他电子Ⅲ,42.44,MID,2017-08-24,2017
300062,中能电气,4246000000.0,输变电设备,42.46,MID,2010-11-04,2010
002829,星网宇达,4247999999.9999995,航天装备Ⅲ,42.48,MID,2016-12-12,2016
603598,引力传媒,4247999999.9999995,营销代理,42.48,MID,2016-02-23,2016
300795,米奥会展,4250000000.0,会展服务,42.5,MID,2019-10-23,2019
300228,富瑞特装,4254000000.0,金属制品,42.54,MID,2011-09-14,2011
001380,华纬科技,4258000000.0,底盘与发动机系统,42.58,MID,2023-05-15,2023
002584,西陇科学,4260000000.0,电子化学品Ⅲ,42.6,MID,2012-05-16,2012
300271,华宇软件,4261999999.9999995,IT服务Ⅲ,42.62,MID,2012-08-17,2012
002177,御银股份,4263000000.0000005,其他计算机设备,42.63,MID,2008-01-17,2008
600609,金杯汽车,4265999999.9999995,车身附件及饰件,42.66,MID,2001-03-23,2001
603209,兴通股份,4267000000.0,航运,42.67,MID,2022-03-23,2022
600976,健民集团,4268000000.0,中药Ⅲ,42.68,MID,2004-08-10,2004
603611,诺力股份,4271000000.0,工程机械整机,42.71,MID,2015-06-02,2015
301058,中粮科工,4271000000.0,工程咨询服务Ⅲ,42.71,MID,2021-09-08,2021
002454,松芝股份,4272000000.0,汽车电子电气系统,42.72,MID,2010-10-14,2010
605300,佳禾食品,4276000000.0,乳品,42.76,MID,2021-04-29,2021
603790,雅运股份,4277000000.0000005,纺织化学制品,42.77,MID,2018-09-27,2018
301201,诚达药业,4278000000.0,医疗研发外包,42.78,MID,2022-01-19,2022
603110,东方材料,4278000000.0,涂料油墨,42.78,MID,2017-10-16,2017
301202,朗威股份,4279000000.0,其他通信设备,42.79,MID,2023-07-04,2023
301507,民生健康,4279000000.0,化学制剂,42.79,MID,2023-09-04,2023
300552,万集科技,4284000000.0000005,其他计算机设备,42.84,MID,2016-10-20,2016
603018,华设集团,4284000000.0000005,工程咨询服务Ⅲ,42.84,MID,2015-01-07,2015
300099,尤洛卡,4290999999.9999995,能源及重型设备,42.91,MID,2011-04-29,2011
000558,天府文旅,4293000000.0,旅游综合,42.93,MID,2001-06-18,2001
603767,中马传动,4293000000.0,底盘与发动机系统,42.93,MID,2017-06-12,2017
603060,国检集团,4293000000.0,检测服务,42.93,MID,2016-11-08,2016
600173,卧龙新能,4294000000.0,住宅开发,42.94,MID,2001-08-03,2001
300471,厚普股份,4297000000.0,其他专用设备,42.97,MID,2015-06-25,2015
002919,名臣健康,4298000000.0,游戏Ⅲ,42.98,MID,2017-12-19,2017
603822,XDST嘉澳,4302000000.0,其他化学制品,43.02,MID,2016-09-02,2016
002441,众业达,4302000000.0,配电设备,43.02,MID,2010-09-20,2010
605028,世茂能源,4312000000.0,热力服务,43.12,MID,2021-07-22,2021
300917,特发服务,4316000000.0,物业管理,43.16,MID,2020-12-18,2020
002026,山东威达,4317000000.0,金属制品,43.17,MID,2005-03-22,2005
300847,中船汉光,4322000000.0,其他计算机设备,43.22,MID,2020-07-08,2020
600758,辽宁能源,4323000000.0,焦煤,43.23,MID,2000-11-20,2000
002627,三峡旅游,4326000000.0,旅游综合,43.26,MID,2011-12-16,2011
300767,震安科技,4332000000.0,其他橡胶制品,43.32,MID,2019-03-28,2019
000665,湖北广电,4333000000.0,电视广播Ⅲ,43.33,MID,2001-03-07,2001
300818,耐普矿机,4333000000.0,磨具磨料,43.33,MID,2020-02-11,2020
300532,今天国际,4335000000.0,IT服务Ⅲ,43.35,MID,2016-08-17,2016
600658,电子城,4340000000.0,产业地产,43.4,MID,2000-06-15,2000
301557,常友科技,4342000000.0,风电零部件,43.42,MID,2025-03-03,2025
001338,永顺泰,4345000000.0,其他农产品加工,43.45,MID,2022-11-15,2022
600876,凯盛新能,4345000000.0,玻璃制造,43.45,MID,2001-06-26,2001
002235,安妮股份,4347000000.0,特种纸,43.47,MID,2009-04-17,2009
603286,日盈电子,4347000000.0,底盘与发动机系统,43.47,MID,2017-07-21,2017
300867,圣元环保,4348000000.0,固废治理,43.48,MID,2020-08-21,2020
603158,腾龙股份,4348000000.0,底盘与发动机系统,43.48,MID,2015-05-15,2015
600513,联环药业,4350000000.0,化学制剂,43.5,MID,2003-07-21,2003
301213,观想科技,4351000000.0,军工电子Ⅲ,43.51,MID,2021-12-17,2021
301180,万祥科技,4352000000.0,消费电子零部件及组装,43.52,MID,2021-11-15,2021
600860,京城股份,4353000000.0,金属制品,43.53,MID,2001-03-14,2001
301348,蓝箭电子,4356000000.0,集成电路封测,43.56,MID,2023-08-09,2023
300606,金太阳,4358000000.0,磨具磨料,43.58,MID,2017-02-07,2017
603137,恒尚节能,4359000000.0,装修装饰Ⅲ,43.59,MID,2023-05-05,2023
000720,新能泰山,4360000000.0,线缆部件及其他,43.6,MID,2001-06-04,2001
300968,格林精密,4361000000.0,消费电子零部件及组装,43.61,MID,2021-04-14,2021
600382,广东明珠,4361000000.0,铁矿石,43.61,MID,2001-06-27,2001
301230,泓博医药,4362000000.0,医疗研发外包,43.62,MID,2022-10-31,2022
300663,科蓝软件,4363000000.0,垂直应用软件,43.63,MID,2017-06-07,2017
301596,瑞迪智驱,4363000000.0,金属制品,43.63,MID,2024-05-10,2024
300105,龙源技术,4364000000.0,火电设备,43.64,MID,2010-08-24,2010
603558,健盛集团,4365000000.0,棉纺,43.65,MID,2015-06-29,2015
301211,亨迪药业,4368000000.0,原料药,43.68,MID,2021-12-21,2021
600283,钱江水利,4374000000.0,水务及水治理,43.74,MID,2001-02-06,2001
600288,大恒科技,4377000000.0,横向通用软件,43.77,MID,2001-06-04,2001
603988,中电电机,4379000000.0,电机Ⅲ,43.79,MID,2014-12-09,2014
002522,浙江众成,4384000000.0,膜材料,43.84,MID,2011-01-31,2011
300869,康泰医学,4388000000.0,医疗设备,43.88,MID,2020-08-21,2020
600182,XDS佳通,4389000000.0,轮胎轮毂,43.89,MID,2001-09-04,2001
002401,中远海科,4389000000.0,IT服务Ⅲ,43.89,MID,2010-09-15,2010
601065,江盐集团,4390000000.0,纯碱,43.9,MID,2023-04-07,2023
301141,中科磁业,4392000000.0,磁性材料,43.92,MID,2023-03-31,2023
000819,岳阳兴长,4393000000.0,其他石化,43.93,MID,2000-06-09,2000
300194,福安药业,4402000000.0,化学制剂,44.02,MID,2012-01-09,2012
002059,云南旅游,4404000000.0,人工景区,44.04,MID,2008-01-31,2008
300715,凯伦股份,4404000000.0,防水材料,44.04,MID,2017-11-02,2017
002393,力生制药,4415000000.0,化学制剂,44.15,MID,2010-05-04,2010
300668,杰恩股份,4418000000.0,工程咨询服务Ⅲ,44.18,MID,2017-06-16,2017
300407,凯发电气,4421000000.0,电网自动化设备,44.21,MID,2015-05-29,2015
300541,先进数通,4421000000.0,IT服务Ⅲ,44.21,MID,2016-09-12,2016
301516,中远通,4424000000.0,其他电源设备Ⅲ,44.24,MID,2023-12-07,2023
300523,辰安科技,4427000000.0,IT服务Ⅲ,44.27,MID,2016-11-30,2016
300745,欣锐科技,4428000000.0,汽车电子电气系统,44.28,MID,2018-05-22,2018
601218,吉鑫科技,4428000000.0,风电零部件,44.28,MID,2011-05-30,2011
603387,基蛋生物,4433000000.0,体外诊断,44.33,MID,2017-07-14,2017
300860,锋尚文化,4436000000.0,会展服务,44.36,MID,2020-08-21,2020
301218,华是科技,4436000000.0,IT服务Ⅲ,44.36,MID,2022-03-11,2022
300389,艾比森,4437000000.0,LED,44.37,MID,2014-08-08,2014
603070,万控智造,4439000000.0,配电设备,44.39,MID,2022-03-09,2022
300441,鲍斯股份,4440000000.0,其他通用设备,44.4,MID,2016-04-22,2016
300149,睿智医药,4452000000.0,医疗研发外包,44.52,MID,2012-09-03,2012
000936,华西股份,4457000000.0,涤纶,44.57,MID,2000-06-09,2000
002880,卫光生物,4463000000.0,血液制品,44.63,MID,2017-08-15,2017
603216,梦天家居,4463000000.0,定制家居,44.63,MID,2021-12-27,2021
002556,辉隆股份,4469000000.0,农业综合Ⅲ,44.69,MID,2011-04-06,2011
000417,合百集团,4477000000.0,多业态零售,44.77,MID,2000-04-18,2000
300177,中海达,4480000000.0,军工电子Ⅲ,44.8,MID,2011-06-20,2011
600088,中视传媒,4482000000.0,影视动漫制作,44.82,MID,2000-08-28,2000
300189,神农种业,4485000000.0,种子,44.85,MID,2012-04-24,2012
000886,海南高速,4489000000.0,高速公路,44.89,MID,2000-05-17,2000
002728,特一药业,4491000000.0,中药Ⅲ,44.91,MID,2015-02-10,2015
603777,来伊份,4491000000.0,零食,44.91,MID,2016-10-11,2016
001317,三羊马,4492000000.0,铁路运输,44.92,MID,2021-12-06,2021
600101,明星电力,4492000000.0,电能综合服务,44.92,MID,2000-04-03,2000
001207,联科科技,4493000000.0,炭黑,44.93,MID,2021-06-22,2021
300491,通合科技,4493000000.0,其他电源设备Ⅲ,44.93,MID,2016-05-13,2016
002986,宇新股份,4497000000.0,其他石化,44.97,MID,2020-06-01,2020
300936,中英科技,4499000000.0,印制电路板,44.99,MID,2021-01-25,2021
300695,兆丰股份,4504000000.0,轮胎轮毂,45.04,MID,2017-09-07,2017
600626,申达股份,4504000000.0,车身附件及饰件,45.04,MID,2000-06-08,2000
301256,华融化学,4507000000.0,无机盐,45.07,MID,2022-03-21,2022
600351,亚宝药业,4512000000.0,中药Ⅲ,45.12,MID,2003-02-14,2003
600523,贵航股份,4512000000.0,其他汽车零部件,45.12,MID,2002-08-06,2002
002264,新 华 都,4513000000.0,营销代理,45.13,MID,2009-06-26,2009
603221,爱丽家居,4513000000.0,瓷砖地板,45.13,MID,2020-03-20,2020
603711,香飘飘,4513000000.0,软饮料,45.13,MID,2017-11-29,2017
002573,清新环境,4515000000.0,水务及水治理,45.15,MID,2012-04-27,2012
002560,通达股份,4515000000.0,线缆部件及其他,45.15,MID,2011-09-29,2011
600207,安彩高科,4521000000.0,光伏辅材,45.21,MID,2000-09-21,2000
000608,阳光股份,4522000000.0,商业地产,45.22,MID,2001-05-17,2001
000782,恒申新材,4525000000.0,锦纶,45.25,MID,2000-09-29,2000
000713,国投丰乐,4526000000.0,种子,45.26,MID,2000-11-08,2000
300215,电科院,4532000000.0,检测服务,45.32,MID,2011-07-01,2011
300797,钢研纳克,4535000000.0,检测服务,45.35,MID,2019-10-31,2019
301368,丰立智能,4541000000.0,金属制品,45.41,MID,2022-12-14,2022
300490,华自科技,4545000000.0,电网自动化设备,45.45,MID,2016-08-01,2016
000863,三湘印象,4546000000.0,住宅开发,45.46,MID,2006-02-15,2006
300016,北陆药业,4549000000.0,化学制剂,45.49,MID,2010-03-15,2010
300461,田中精机,4553000000.0,其他自动化设备,45.53,MID,2016-03-30,2016
002483,润邦股份,4556000000.0,能源及重型设备,45.56,MID,2011-05-25,2011
603210,泰鸿万立,4561000000.0,其他汽车零部件,45.61,MID,2025-04-08,2025
603334,丰倍生物,4562000000.0,其他化学制品,45.62,MID,2025-11-04,2025
603191,望变电气,4563000000.0,输变电设备,45.63,MID,2022-04-27,2022
002658,雪迪龙,4565000000.0,环保设备Ⅲ,45.65,MID,2012-03-23,2012
300259,新天科技,4574000000.0,仪器仪表,45.74,MID,2011-10-11,2011
301110,青木科技,4576000000.0,电商服务,45.76,MID,2022-03-10,2022
601113,华鼎股份,4577000000.0,锦纶,45.77,MID,2011-09-16,2011
301322,绿通科技,4578000000.0,其他运输设备,45.78,MID,2023-03-03,2023
605338,巴比食品,4581000000.0,预加工食品,45.81,MID,2020-10-09,2020
603088,宁波精达,4582000000.0,机床工具,45.82,MID,2014-12-03,2014
301028,鼎熔岩,4586000000.0,其他通用设备,45.86,MID,2021-07-19,2021
300219,鸿利智汇,4587000000.0,LED,45.87,MID,2012-04-24,2012
603660,苏州科达,4589000000.0,其他计算机设备,45.89,MID,2016-12-02,2016
002637,赞宇科技,4591000000.0,其他化学制品,45.91,MID,2012-03-23,2012
300692,中赋科技,4599000000.0,水务及水治理,45.99,MID,2017-08-30,2017
000691,亚太实业,4602000000.0,其他化学原料,46.02,MID,2002-07-17,2002
603980,吉华集团,4602000000.0,纺织化学制品,46.02,MID,2017-06-22,2017
300688,创业黑马,4603000000.0,培训教育,46.03,MID,2017-09-07,2017
301259,艾布鲁,4603000000.0,综合环境治理,46.03,MID,2022-04-25,2022
600121,郑州煤电,4606000000.0,动力煤,46.06,MID,2000-10-20,2000
600191,华资实业,4607000000.0,其他农产品加工,46.07,MID,2001-02-12,2001
301076,新瀚新材,4609000000.0,其他化学制品,46.09,MID,2021-10-08,2021
000753,漳州发展,4610000000.0,综合Ⅲ,46.1,MID,2000-05-19,2000
002291,遥望科技,4610000000.0,营销代理,46.1,MID,2010-04-12,2010
301252,同星科技,4611000000.0,家电零部件Ⅲ,46.11,MID,2023-05-24,2023
600551,时代出版,4611000000.0,大众出版,46.11,MID,2003-08-07,2003
603701,德宏股份,4613000000.0,底盘与发动机系统,46.13,MID,2016-05-16,2016
600681,百川能源,4613000000.0,燃气Ⅲ,46.13,MID,2004-11-02,2004
000507,珠海港,4617000000.0,风力发电,46.17,MID,2000-06-19,2000
603610,麒盛科技,4617000000.0,成品家居,46.17,MID,2019-10-28,2019
301234,五洲医疗,4617000000.0,医疗耗材,46.17,MID,2022-07-18,2022
300943,春晖智控,4621000000.0,金属制品,46.21,MID,2021-03-02,2021
300755,华致酒行,4622000000.0,专业连锁Ⅲ,46.22,MID,2019-01-28,2019
002570,贝因美,4623000000.0,乳品,46.23,MID,2011-09-28,2011
600178,东安动力,4623000000.0,底盘与发动机系统,46.23,MID,2000-05-23,2000
002582,好想你,4625000000.0,零食,46.25,MID,2011-12-06,2011
600679,上海凤凰,4626000000.0,其他运输设备,46.26,MID,2000-08-07,2000
001332,锡装股份,4627000000.0,能源及重型设备,46.27,MID,2022-09-19,2022
301003,江苏博云,4629000000.0,改性塑料,46.29,MID,2021-05-31,2021
300388,节能国祯,4631000000.0,水务及水治理,46.31,MID,2014-10-10,2014
600990,四创电子,4632000000.0,军工电子Ⅲ,46.32,MID,2005-02-04,2005
603391,力聚热能,4632000000.0,能源及重型设备,46.32,MID,2024-07-30,2024
300533,冰川网络,4635000000.0,游戏Ⅲ,46.35,MID,2016-08-17,2016
300539,横河精密,4635000000.0,其他塑料制品,46.35,MID,2016-08-30,2016
002886,沃特股份,4640000000.0,改性塑料,46.4,MID,2017-06-29,2017
301622,英思特,4640000000.0,磁性材料,46.4,MID,2024-12-03,2024
605580,恒盛能源,4642000000.0,热力服务,46.42,MID,2021-08-18,2021
603212,赛伍技术,4646000000.0,光伏辅材,46.46,MID,2020-04-29,2020
002757,南兴股份,4648000000.0,其他专用设备,46.48,MID,2015-10-08,2015
300355,蒙草生态,4652000000.0,园林工程,46.52,MID,2013-04-03,2013
600469,风神股份,4655000000.0,轮胎轮毂,46.55,MID,2004-09-28,2004
002641,公元股份,4658000000.0,管材,46.58,MID,2011-12-09,2011
000011,深物业A,4661000000.0,住宅开发,46.61,MID,2000-11-23,2000
002479,富春环保,4662000000.0,热力服务,46.62,MID,2010-12-06,2010
601002,晋亿实业,4667000000.0,金属制品,46.67,MID,2007-03-14,2007
301333,诺思格,4669000000.0,医疗研发外包,46.69,MID,2022-08-01,2022
605287,德才股份,4670000000.0,装修装饰Ⅲ,46.7,MID,2021-07-05,2021
000993,闽东电力,4671000000.0,水力发电,46.71,MID,2000-12-01,2000
000925,众合科技,4687000000.0,轨交设备Ⅲ,46.87,MID,2003-03-21,2003
600495,晋西车轴,4688000000.0,轨交设备Ⅲ,46.88,MID,2004-09-10,2004
002482,广田集团,4689000000.0,装修装饰Ⅲ,46.89,MID,2010-12-23,2010
002526,山东矿机,4689000000.0,能源及重型设备,46.89,MID,2011-10-24,2011
002455,百川股份,4696000000.0,其他化学制品,46.96,MID,2010-10-21,2010
600571,信雅达,4700000000.0,IT服务Ⅲ,47.0,MID,2003-09-15,2003
603408,建霖家居,4700000000.0,卫浴制品,47.0,MID,2020-07-29,2020
300590,移为通信,4701000000.0,通信终端及配件,47.01,MID,2017-06-19,2017
002523,天桥起重,4703000000.0,能源及重型设备,47.03,MID,2011-06-09,2011
301556,托普云农,4707000000.0,IT服务Ⅲ,47.07,MID,2024-10-16,2024
300161,华中数控,4711000000.0,机床工具,47.11,MID,2011-11-30,2011
002876,三利谱,4714000000.0,面板,47.14,MID,2017-05-26,2017
002953,日丰股份,4714000000.0,线缆部件及其他,47.14,MID,2019-05-08,2019
002033,丽江股份,4715000000.0,自然景区,47.15,MID,2005-04-14,2005
002375,亚厦股份,4717000000.0,装修装饰Ⅲ,47.17,MID,2010-06-11,2010
605299,舒华体育,4717000000.0,娱乐用品,47.17,MID,2020-12-14,2020
300055,万邦达,4719000000.0,其他石化,47.19,MID,2010-06-08,2010
301468,博盈特焊,4723000000.0,其他通用设备,47.23,MID,2023-07-21,2023
301048,金鹰重工,4725000000.0,轨交设备Ⅲ,47.25,MID,2021-08-17,2021
300183,东软载波,4728000000.0,其他通信设备,47.28,MID,2011-07-21,2011
300589,江龙船艇,4728000000.0,航海装备Ⅲ,47.28,MID,2017-01-12,2017
000759,中百集团,4730000000.0,超市,47.3,MID,2000-11-30,2000
301513,尚水智能,4733000000.0,锂电专用设备,47.33,MID,2026-04-16,2026
600790,轻纺城,4735000000.0,商业物业经营,47.35,MID,2000-12-19,2000
300727,润禾材料,4739000000.0,有机硅,47.39,MID,2017-11-24,2017
300733,西菱动力,4739000000.0,底盘与发动机系统,47.39,MID,2018-01-15,2018
600479,千金药业,4740000000.0,中药Ⅲ,47.4,MID,2004-06-22,2004
000571,新大洲A,4741000000.0,动力煤,47.41,MID,2001-09-20,2001
301282,金禄电子,4742000000.0,印制电路板,47.42,MID,2022-08-25,2022
002238,天威视讯,4743000000.0,电视广播Ⅲ,47.43,MID,2009-01-21,2009
603187,海容冷链,4745000000.0,制冷空调设备,47.45,MID,2018-11-28,2018
002406,远东传动,4746000000.0,底盘与发动机系统,47.46,MID,2010-07-01,2010
600234,科新发展,4754000000.0,装修装饰Ⅲ,47.54,MID,2002-07-23,2002
300291,百纳千成,4757000000.0,影视动漫制作,47.57,MID,2013-01-24,2013
002112,三变科技,4762000000.0,输变电设备,47.62,MID,2008-07-22,2008
600336,澳柯玛,4764000000.0,冰洗,47.64,MID,2001-05-22,2001
002590,万安科技,4765000000.0,底盘与发动机系统,47.65,MID,2011-08-04,2011
002045,国光电器,4770000000.0,品牌消费电子,47.7,MID,2005-10-31,2005
002662,峰璟股份,4770000000.0,车身附件及饰件,47.7,MID,2012-12-05,2012
600784,鲁银投资,4770000000.0,无机盐,47.7,MID,2001-09-19,2001
603511,爱慕股份,4773000000.0,非运动服装,47.73,MID,2021-05-28,2021
301168,通灵股份,4776000000.0,光伏电池组件,47.76,MID,2021-12-09,2021
300421,力星股份,4778000000.0,金属制品,47.78,MID,2015-04-22,2015
003000,劲仔食品,4779000000.0,零食,47.79,MID,2020-09-11,2020
301206,三元生物,4783000000.0,食品及饲料添加剂,47.83,MID,2022-02-09,2022
002344,海宁皮城,4784000000.0,商业物业经营,47.84,MID,2010-07-06,2010
300885,海昌新材,4789000000.0,金属制品,47.89,MID,2020-09-09,2020
603353,和顺石油,4789000000.0,油品石化贸易,47.89,MID,2020-04-03,2020
002642,荣联科技,4796000000.0,IT服务Ⅲ,47.96,MID,2013-01-14,2013
003004,声迅股份,4798000000.0,安防设备,47.98,MID,2020-11-27,2020
600814,杭州解百,4800000000.0,百货,48.0,MID,2000-09-29,2000
300300,海峡创新,4801000000.0,IT服务Ⅲ,48.01,MID,2013-01-24,2013
603131,上海沪工,4801000000.0,其他通用设备,48.01,MID,2016-10-20,2016
002134,天津普林,4805000000.0,印制电路板,48.05,MID,2007-12-21,2007
605368,蓝天燃气,4809000000.0,燃气Ⅲ,48.09,MID,2021-01-29,2021
601566,九牧王,4815000000.0,非运动服装,48.15,MID,2011-06-22,2011
002165,红 宝 丽,4816000000.0,聚氨酯,48.16,MID,2008-02-15,2008
300622,博士眼镜,4820000000.0,专业连锁Ⅲ,48.2,MID,2017-03-14,2017
300087,荃银高科,4822000000.0,种子,48.22,MID,2011-06-07,2011
300788,中信出版,4824000000.0,大众出版,48.24,MID,2019-07-04,2019
300831,派瑞股份,4826000000.0,分立器件,48.26,MID,2020-05-07,2020
002146,荣盛发展,4826000000.0,住宅开发,48.26,MID,2007-11-09,2007
301520,万邦医药,4826000000.0,医疗研发外包,48.26,MID,2023-09-22,2023
002889,东方嘉盛,4827000000.0,端到端供应链服务,48.27,MID,2017-07-28,2017
002066,瑞泰科技,4830000000.0,耐火材料,48.3,MID,2006-09-29,2006
600197,伊力特,4831000000.0,白酒Ⅲ,48.31,MID,2000-03-27,2000
001388,信通电子,4837000000.0,电网自动化设备,48.37,MID,2025-06-30,2025
002047,宝鹰股份,4837000000.0,装修装饰Ⅲ,48.37,MID,2006-08-31,2006
600073,光明肉业,4839000000.0,肉制品,48.39,MID,2000-08-28,2000
301239,普瑞眼科,4845000000.0,医院,48.45,MID,2022-07-04,2022
603285,键邦股份,4846000000.0,其他化学制品,48.46,MID,2024-07-04,2024
000045,深纺织Ａ,4852000000.0,面板,48.52,MID,2001-02-12,2001
002609,捷顺科技,4852000000.0,IT服务Ⅲ,48.52,MID,2011-09-20,2011
300320,海达股份,4852000000.0,其他橡胶制品,48.52,MID,2012-10-19,2012
002940,昂利康,4854000000.0,化学制剂,48.54,MID,2018-11-05,2018
600231,凌钢股份,4854000000.0,长材,48.54,MID,2000-11-27,2000
600308,华泰股份,4854000000.0,大宗用纸,48.54,MID,2001-01-05,2001
002805,丰元股份,4856000000.0,电池化学品,48.56,MID,2016-07-06,2016
603365,水星家纺,4856000000.0,家纺,48.56,MID,2017-11-17,2017
300368,汇金股份,4861000000.0,其他计算机设备,48.61,MID,2014-07-28,2014
600843,上工申贝,4864000000.0,纺织服装设备,48.64,MID,2000-11-17,2000
002124,天邦食品,4866000000.0,生猪养殖,48.66,MID,2007-07-23,2007
603318,水发燃气,4870000000.0,燃气Ⅲ,48.7,MID,2016-01-13,2016
000726,鲁  泰Ａ,4872000000.0,棉纺,48.72,MID,2001-05-31,2001
301491,汉桑科技,4881000000.0,消费电子零部件及组装,48.81,MID,2025-08-05,2025
600593,大连圣亚,4890000000.0,人工景区,48.9,MID,2003-01-16,2003
002189,中光学,4892000000.0,军工电子Ⅲ,48.92,MID,2008-09-24,2008
002657,中科金财,4893000000.0,IT服务Ⅲ,48.93,MID,2012-06-11,2012
600817,宇通重工,4895000000.0,环保设备Ⅲ,48.95,MID,2005-03-17,2005
002166,莱茵生物,4902000000.0,食品及饲料添加剂,49.02,MID,2008-04-24,2008
300246,宝莱特,4903000000.0,医疗设备,49.03,MID,2011-07-22,2011
603312,西典新能,4904000000.0,输变电设备,49.04,MID,2024-01-10,2024
603499,翔港科技,4906000000.0,纸包装,49.06,MID,2017-10-16,2017
002543,万和电气,4908000000.0,卫浴电器,49.08,MID,2011-03-28,2011
300873,海晨股份,4911000000.0,端到端供应链服务,49.11,MID,2020-08-21,2020
300632,光莆股份,4916000000.0,LED,49.16,MID,2017-04-05,2017
301182,凯旺科技,4916000000.0,安防设备,49.16,MID,2021-12-22,2021
601279,英利汽车,4916000000.0,其他汽车零部件,49.16,MID,2021-04-14,2021
301235,华康洁净,4917000000.0,医疗设备,49.17,MID,2022-01-27,2022
600284,浦东建设,4919000000.0,基建市政工程,49.19,MID,2004-08-26,2004
300233,金城医药,4921000000.0,化学制剂,49.21,MID,2011-11-23,2011
601011,宝泰隆,4923000000.0,焦炭Ⅲ,49.23,MID,2011-04-21,2011
301525,儒竞科技,4926000000.0,制冷空调设备,49.26,MID,2023-08-29,2023
600939,重庆建工,4927000000.0,房屋建设Ⅲ,49.27,MID,2017-02-20,2017
003026,中晶科技,4935000000.0,半导体材料,49.35,MID,2020-12-17,2020
300286,安科瑞,4935000000.0,电工仪器仪表,49.35,MID,2012-01-20,2012
002301,齐心集团,4938000000.0,文化用品,49.38,MID,2011-04-15,2011
300158,振东制药,4942000000.0,中药Ⅲ,49.42,MID,2011-08-05,2011
002307,北新路桥,4946000000.0,基建市政工程,49.46,MID,2009-12-25,2009
600199,金种子酒,4947000000.0,白酒Ⅲ,49.47,MID,2000-05-30,2000
603111,康尼机电,4957000000.0,轨交设备Ⅲ,49.57,MID,2015-05-15,2015
002632,道明光学,4959000000.0,膜材料,49.59,MID,2012-06-07,2012
600605,汇通能源,4959000000.0,商业物业经营,49.59,MID,2000-08-11,2000
001356,富岭股份,4962000000.0,其他家居用品,49.62,MID,2025-01-22,2025
603590,康辰药业,4966000000.0,其他生物制品,49.66,MID,2018-08-24,2018
600979,广安爱众,4968000000.0,电能综合服务,49.68,MID,2005-06-06,2005
000852,石化机械,4970000000.0,能源及重型设备,49.7,MID,2000-11-15,2000
001313,粤海饲料,4970000000.0,水产饲料,49.7,MID,2022-02-15,2022
300569,天能重工,4970000000.0,风电零部件,49.7,MID,2016-12-01,2016
605377,华旺科技,4971000000.0,特种纸,49.71,MID,2020-12-25,2020
002201,九鼎新材,4972000000.0,玻纤制造,49.72,MID,2008-12-09,2008
002229,鸿博股份,4972000000.0,印刷,49.72,MID,2008-07-09,2008
605228,神通科技,4973000000.0,车身附件及饰件,49.73,MID,2021-01-19,2021
300507,苏奥传感,4980000000.0,底盘与发动机系统,49.8,MID,2016-05-11,2016
300918,南山智尚,4980000000.0,其他纺织,49.8,MID,2020-12-21,2020
002638,勤上股份,4985000000.0,照明设备Ⅲ,49.85,MID,2013-06-14,2013
003040,楚天龙,4985000000.0,通信终端及配件,49.85,MID,2021-03-19,2021
603336,宏辉果蔬,4985000000.0,其他种植业,49.85,MID,2016-12-16,2016
600984,建设机械,4990000000.0,工程机械整机,49.9,MID,2005-05-18,2005
002707,众信旅游,4992000000.0,旅游综合,49.92,MID,2015-02-16,2015
002902,铭普光磁,4999000000.0,通信网络设备及器件,49.99,MID,2017-10-19,2017
603310,巍华新材,5001000000.0,氟化工,50.01,MID,2024-08-13,2024
003033,征和工业,5003000000.0,摩托车,50.03,MID,2021-01-08,2021
301305,朗坤科技,5004000000.0,固废治理,50.04,MID,2023-05-22,2023
605050,福然德,5007000000.0,原材料供应链服务,50.07,MID,2020-09-23,2020
300545,联得装备,5009000000.0,面板,50.09,MID,2016-09-27,2016
002383,合众思壮,5012000000.0,军工电子Ⅲ,50.12,MID,2011-03-04,2011
002562,兄弟科技,5017000000.0,食品及饲料添加剂,50.17,MID,2011-05-13,2011
001229,魅视科技,5019000000.0,其他计算机设备,50.19,MID,2022-08-05,2022
002749,国光股份,5019000000.0,农药,50.19,MID,2015-03-19,2015
002988,豪美新材,5019000000.0,铝,50.19,MID,2020-05-15,2020
603269,海鸥股份,5019000000.0,其他通用设备,50.19,MID,2017-05-24,2017
300192,科德教育,5027000000.0,培训教育,50.27,MID,2012-06-28,2012
300611,美力科技,5032000000.0,底盘与发动机系统,50.32,MID,2017-02-17,2017
300227,光韵达,5034000000.0,激光设备,50.34,MID,2011-10-25,2011
603170,宝立食品,5036000000.0,调味发酵品Ⅲ,50.36,MID,2022-07-14,2022
002774,快意电梯,5040000000.0,楼宇设备,50.4,MID,2017-03-28,2017
600279,重庆港,5044000000.0,港口,50.44,MID,2001-02-19,2001
301558,三态股份,5049000000.0,跨境电商,50.49,MID,2023-09-27,2023
002376,新北洋,5050000000.0,其他计算机设备,50.5,MID,2010-07-13,2010
002111,威海广泰,5054000000.0,航空装备Ⅲ,50.54,MID,2007-07-26,2007
603380,易德龙,5054000000.0,消费电子零部件及组装,50.54,MID,2017-06-21,2017
600569,安阳钢铁,5055000000.0,板材,50.55,MID,2002-03-29,2002
000521,长虹美菱,5057000000.0,冰洗,50.57,MID,2000-06-22,2000
301148,嘉戎技术,5057000000.0,水务及水治理,50.57,MID,2022-05-09,2022
600825,新华传媒,5057000000.0,大众出版,50.57,MID,2000-10-24,2000
603373,安邦护卫,5058000000.0,其他专业服务,50.58,MID,2023-12-19,2023
603727,博迈科,5060000000.0,油气及炼化工程,50.6,MID,2016-11-21,2016
300626,华瑞股份,5063000000.0,电机Ⅲ,50.63,MID,2017-03-17,2017
000888,峨眉山Ａ,5064000000.0,自然景区,50.64,MID,2000-05-23,2000
300453,三鑫医疗,5064000000.0,医疗耗材,50.64,MID,2015-05-28,2015
300528,幸福蓝海,5064000000.0,院线,50.64,MID,2016-08-05,2016
002328,新朋股份,5071000000.0,其他汽车零部件,50.71,MID,2010-04-22,2010
301017,漱玉平民,5082000000.0,线下药店,50.82,MID,2021-07-02,2021
002196,方正电机,5083000000.0,电机Ⅲ,50.83,MID,2008-08-20,2008
605009,豪悦护理,5084000000.0,生活用纸,50.84,MID,2020-09-10,2020
000430,张家界,5085000000.0,自然景区,50.85,MID,2001-04-03,2001
300592,华凯易佰,5086000000.0,跨境电商,50.86,MID,2017-02-24,2017
600868,梅雁吉祥,5087000000.0,水力发电,50.87,MID,2000-08-15,2000
600743,华远控股,5091000000.0,商业物业经营,50.91,MID,2001-12-05,2001
301268,铭利达,5091000000.0,金属制品,50.91,MID,2022-04-06,2022
603173,福斯达,5096000000.0,能源及重型设备,50.96,MID,2023-01-20,2023
002870,香山股份,5097000000.0,汽车电子电气系统,50.97,MID,2017-07-18,2017
603897,长城科技,5097000000.0,线缆部件及其他,50.97,MID,2018-04-16,2018
600769,祥龙电业,5100000000.0,水务及水治理,51.0,MID,2001-02-08,2001
300293,蓝英装备,5104000000.0,其他专用设备,51.04,MID,2012-07-23,2012
600217,中再资环,5106000000.0,固废治理,51.06,MID,2002-01-30,2002
300801,泰和科技,5107000000.0,其他化学制品,51.07,MID,2019-11-27,2019
600237,铜峰电子,5107000000.0,被动元件,51.07,MID,2000-12-22,2000
600138,中青旅,5110000000.0,人工景区,51.1,MID,2000-04-27,2000
002419,天虹股份,5113000000.0,百货,51.13,MID,2010-06-09,2010
300505,川金诺,5113000000.0,磷肥及磷化工,51.13,MID,2016-03-21,2016
300261,雅本化学,5115000000.0,农药,51.15,MID,2012-01-09,2012
300996,普联软件,5118000000.0,垂直应用软件,51.18,MID,2021-06-02,2021
300964,本川智能,5121000000.0,印制电路板,51.21,MID,2021-08-04,2021
600300,维维股份,5126000000.0,软饮料,51.26,MID,2000-11-20,2000
002567,唐人神,5130000000.0,畜禽饲料,51.3,MID,2012-02-28,2012
300278,华昌达,5132000000.0,工控设备,51.32,MID,2016-01-05,2016
600981,苏豪汇鸿,5135000000.0,贸易Ⅲ,51.35,MID,2005-05-27,2005
301092,争光股份,5137000000.0,合成树脂,51.37,MID,2021-11-01,2021
600819,耀皮玻璃,5138000000.0,玻璃制造,51.38,MID,2000-10-27,2000
301012,扬电科技,5141000000.0,输变电设备,51.41,MID,2021-06-23,2021
002631,德尔未来,5142000000.0,定制家居,51.42,MID,2012-07-11,2012
600189,泉阳泉,5142000000.0,软饮料,51.42,MID,2001-07-18,2001
002777,久远银海,5144000000.0,IT服务Ⅲ,51.44,MID,2016-01-14,2016
002481,双塔食品,5145000000.0,其他农产品加工,51.45,MID,2011-04-19,2011
601086,国芳集团,5148000000.0,百货,51.48,MID,2017-09-28,2017
300547,川环科技,5149000000.0,底盘与发动机系统,51.49,MID,2016-09-29,2016
603275,众辰科技,5150000000.0,工控设备,51.5,MID,2023-08-22,2023
000652,泰达股份,5151000000.0,综合Ⅲ,51.51,MID,2001-03-08,2001
300400,劲拓股份,5153000000.0,其他自动化设备,51.53,MID,2014-10-09,2014
300082,奥克股份,5155000000.0,其他化学原料,51.55,MID,2010-06-25,2010
300307,慈星股份,5156000000.0,纺织服装设备,51.56,MID,2012-05-25,2012
601177,杭齿前进,5158000000.0,金属制品,51.58,MID,2010-10-21,2010
300066,三川智慧,5159000000.0,仪器仪表,51.59,MID,2010-06-09,2010
603012,创力集团,5159000000.0,能源及重型设备,51.59,MID,2015-03-26,2015
002746,仙坛股份,5163000000.0,肉鸡养殖,51.63,MID,2015-03-11,2015
300287,飞利信,5167000000.0,IT服务Ⅲ,51.67,MID,2012-08-24,2012
300791,仙乐健康,5171000000.0,保健品,51.71,MID,2019-09-24,2019
601199,江南水务,5172000000.0,水务及水治理,51.72,MID,2011-05-05,2011
002793,罗欣药业,5177000000.0,化学制剂,51.77,MID,2016-04-29,2016
603130,云中马,5184000000.0,其他纺织,51.84,MID,2022-11-17,2022
300221,银禧科技,5192000000.0,改性塑料,51.92,MID,2011-09-19,2011
000523,红棉股份,5194000000.0,综合Ⅲ,51.94,MID,2000-11-10,2000
301548,崇德科技,5197000000.0,金属制品,51.97,MID,2023-09-19,2023
002649,博彦科技,5199000000.0,IT服务Ⅲ,51.99,MID,2012-04-19,2012
300856,科思股份,5209000000.0,化妆品制造及其他,52.09,MID,2020-07-21,2020
603098,森特股份,5212000000.0,钢结构,52.12,MID,2016-12-16,2016
300429,强力新材,5215000000.0,电子化学品Ⅲ,52.15,MID,2015-08-07,2015
300397,天和防务,5218000000.0,军工电子Ⅲ,52.18,MID,2014-11-10,2014
003041,真爱美家,5219000000.0,家纺,52.19,MID,2021-04-16,2021
301397,溯联股份,5226000000.0,底盘与发动机系统,52.26,MID,2023-06-27,2023
603901,永创智能,5231000000.0,印刷包装机械,52.31,MID,2015-06-25,2015
603686,福龙马,5234000000.0,综合环境治理,52.34,MID,2015-04-29,2015
301085,亚康股份,5234000000.0,IT服务Ⅲ,52.34,MID,2021-10-15,2021
001376,百通能源,5236000000.0,热力服务,52.36,MID,2023-11-02,2023
300465,高伟达,5241000000.0,垂直应用软件,52.41,MID,2015-10-20,2015
002695,煌上煌,5243000000.0,熟食,52.43,MID,2012-09-25,2012
301508,中机认检,5243000000.0,检测服务,52.43,MID,2023-11-30,2023
300587,天铁科技,5245000000.0,其他橡胶制品,52.45,MID,2017-01-04,2017
600603,广汇物流,5245000000.0,原材料供应链服务,52.45,MID,2001-11-28,2001
600829,人民同泰,5248000000.0,医药流通,52.48,MID,2001-02-16,2001
002300,太阳电缆,5251000000.0,线缆部件及其他,52.51,MID,2009-11-03,2009
300451,创业慧康,5252000000.0,垂直应用软件,52.52,MID,2015-09-07,2015
601518,吉林高速,5256000000.0,高速公路,52.56,MID,2010-05-31,2010
000862,银星能源,5260000000.0,风力发电,52.6,MID,2001-12-10,2001
300619,金银河,5261000000.0,锂电专用设备,52.61,MID,2017-02-28,2017
002907,华森制药,5266000000.0,中药Ⅲ,52.66,MID,2017-10-25,2017
002577,雷柏科技,5269000000.0,其他计算机设备,52.69,MID,2011-12-08,2011
002685,华东重机,5270000000.0,工程机械整机,52.7,MID,2013-05-06,2013
603270,金帝股份,5270000000.0,金属制品,52.7,MID,2023-08-31,2023
002358,森源电气,5272000000.0,输变电设备,52.72,MID,2011-01-10,2011
300939,秋田微,5275000000.0,面板,52.75,MID,2021-01-27,2021
000560,我爱我家,5276000000.0,房产租赁经纪,52.76,MID,2002-07-25,2002
002274,华昌化工,5286000000.0,煤化工,52.86,MID,2008-12-04,2008
300006,莱美药业,5290000000.0,化学制剂,52.9,MID,2010-05-17,2010
002553,南方精工,5291000000.0,底盘与发动机系统,52.91,MID,2011-08-29,2011
002959,小熊电器,5295000000.0,厨房小家电,52.95,MID,2019-08-22,2019
301120,新特电气,5295000000.0,输变电设备,52.95,MID,2022-04-18,2022
301387,光大同创,5297000000.0,消费电子零部件及组装,52.97,MID,2023-04-17,2023
301053,远信工业,5299000000.0,纺织服装设备,52.99,MID,2021-08-31,2021
300203,聚光科技,5300000000.0,仪器仪表,53.0,MID,2011-08-11,2011
002191,劲嘉股份,5302000000.0,纸包装,53.02,MID,2008-07-08,2008
301330,熵基科技,5305000000.0,安防设备,53.05,MID,2022-08-16,2022
002334,英威腾,5307000000.0,工控设备,53.07,MID,2010-03-04,2010
000411,英特集团,5310000000.0,医药流通,53.1,MID,2001-12-25,2001
603848,好太太,5312000000.0,成品家居,53.12,MID,2017-11-30,2017
300351,永贵电器,5313000000.0,轨交设备Ⅲ,53.13,MID,2013-04-19,2013
603887,城地香江,5316000000.0,IT服务Ⅲ,53.16,MID,2017-02-08,2017
000920,沃顿科技,5317000000.0,膜材料,53.17,MID,2001-10-09,2001
002951,金时科技,5318000000.0,其他电源设备Ⅲ,53.18,MID,2019-03-19,2019
002915,中欣氟材,5324000000.0,氟化工,53.24,MID,2017-12-11,2017
300581,晨曦航空,5325000000.0,航空装备Ⅲ,53.25,MID,2016-12-19,2016
000717,中南股份,5332000000.0,长材,53.32,MID,2000-09-07,2000
300197,节能铁汉,5338000000.0,园林工程,53.38,MID,2012-07-23,2012
603333,福华尚纬,5339000000.0,线缆部件及其他,53.39,MID,2012-07-11,2012
300836,佰奥智能,5347000000.0,其他专用设备,53.47,MID,2020-05-27,2020
000557,西部创业,5352000000.0,铁路运输,53.52,MID,2006-06-06,2006
300705,九典制药,5353000000.0,化学制剂,53.53,MID,2017-10-09,2017
600278,东方创业,5370000000.0,贸易Ⅲ,53.7,MID,2000-12-15,2000
600592,龙溪股份,5370000000.0,金属制品,53.7,MID,2003-01-24,2003
000042,中洲控股,5372000000.0,住宅开发,53.72,MID,2001-03-29,2001
603776,永安行,5374000000.0,摩托车,53.74,MID,2017-09-06,2017
002640,跨境通,5375000000.0,跨境电商,53.75,MID,2012-08-28,2012
300249,依米康,5377000000.0,其他计算机设备,53.77,MID,2012-02-03,2012
300963,中洲特材,5380000000.0,其他金属新材料,53.8,MID,2021-04-08,2021
000404,长虹华意,5387000000.0,家电零部件Ⅲ,53.87,MID,2000-06-08,2000
300531,优博讯,5391000000.0,其他计算机设备,53.91,MID,2016-08-15,2016
300463,迈克生物,5394000000.0,体外诊断,53.94,MID,2015-05-28,2015
603153,上海建科,5394000000.0,工程咨询服务Ⅲ,53.94,MID,2023-03-10,2023
300403,汉宇集团,5403000000.0,家电零部件Ⅲ,54.03,MID,2014-10-29,2014
301265,华新科技,5405000000.0,固废治理,54.05,MID,2022-12-15,2022
600815,厦工股份,5411000000.0,工程机械整机,54.11,MID,2000-05-15,2000
002068,黑猫股份,5412000000.0,炭黑,54.12,MID,2006-11-20,2006
301004,嘉益股份,5412000000.0,其他家居用品,54.12,MID,2021-06-24,2021
301261,恒工精密,5414000000.0,金属制品,54.14,MID,2023-07-07,2023
600081,东风科技,5414000000.0,车身附件及饰件,54.14,MID,2000-05-24,2000
301613,新铝时代,5418000000.0,其他汽车零部件,54.18,MID,2024-10-25,2024
002327,富安娜,5420000000.0,家纺,54.2,MID,2010-01-18,2010
000501,武商集团,5421000000.0,百货,54.21,MID,2000-08-31,2000
300046,台基股份,5426000000.0,分立器件,54.26,MID,2010-09-01,2010
601008,连云港,5434000000.0,港口,54.34,MID,2007-05-29,2007
603366,日出东方,5439000000.0,卫浴电器,54.39,MID,2012-05-22,2012
002791,坚朗五金,5443000000.0,其他建材Ⅲ,54.43,MID,2016-03-28,2016
300848,美瑞新材,5443000000.0,聚氨酯,54.43,MID,2020-07-17,2020
300036,超图软件,5445000000.0,横向通用软件,54.45,MID,2010-04-29,2010
300648,星云股份,5448000000.0,锂电专用设备,54.48,MID,2017-04-24,2017
605555,德昌股份,5455000000.0,清洁小家电,54.55,MID,2021-10-26,2021
301408,华人健康,5460000000.0,线下药店,54.6,MID,2023-02-28,2023
002530,金财互联,5462000000.0,其他通用设备,54.62,MID,2011-09-07,2011
300586,美联新材,5462000000.0,改性塑料,54.62,MID,2017-05-23,2017
300737,科顺股份,5462000000.0,防水材料,54.62,MID,2018-02-07,2018
300232,洲明科技,5470000000.0,LED,54.7,MID,2011-10-28,2011
003012,东鹏控股,5473000000.0,瓷砖地板,54.73,MID,2020-10-16,2020
300985,致远新能,5474000000.0,金属制品,54.74,MID,2021-04-28,2021
603668,天马科技,5478000000.0,水产饲料,54.78,MID,2017-01-16,2017
002997,瑞鹄模具,5484000000.0,其他汽车零部件,54.84,MID,2020-09-02,2020
300488,恒锋工具,5484000000.0,金属制品,54.84,MID,2016-01-22,2016
002263,大东南,5485000000.0,膜材料,54.85,MID,2010-07-30,2010
603855,华荣股份,5485000000.0,其他专用设备,54.85,MID,2017-05-23,2017
301349,信德新材,5486000000.0,电池化学品,54.86,MID,2022-09-08,2022
300369,绿盟科技,5488000000.0,横向通用软件,54.88,MID,2014-06-23,2014
300792,壹网壹创,5490000000.0,电商服务,54.9,MID,2019-09-26,2019
001400,江顺科技,5504000000.0,其他专用设备,55.04,MID,2025-04-23,2025
600425,青松建化,5504000000.0,水泥制造,55.04,MID,2003-11-14,2003
600694,大商股份,5504000000.0,多业态零售,55.04,MID,2000-07-20,2000
300138,晨光生物,5507000000.0,其他农产品加工,55.07,MID,2010-12-20,2010
605018,长华集团,5509000000.0,其他汽车零部件,55.09,MID,2020-09-28,2020
300981,中红医疗,5511000000.0,医疗耗材,55.11,MID,2021-04-26,2021
600742,富维股份,5513000000.0,车身附件及饰件,55.13,MID,2000-04-04,2000
301303,真兰仪表,5515000000.0,仪器仪表,55.15,MID,2023-02-17,2023
301251,威尔高,5517000000.0,印制电路板,55.17,MID,2023-09-05,2023
002708,光洋股份,5520000000.0,底盘与发动机系统,55.2,MID,2014-06-04,2014
300128,锦富技术,5521000000.0,锂电专用设备,55.21,MID,2011-06-22,2011
601116,三江购物,5521000000.0,超市,55.21,MID,2011-03-28,2011
001328,登康口腔,5523000000.0,洗护用品,55.23,MID,2023-04-07,2023
605339,南侨食品,5524000000.0,烘焙食品,55.24,MID,2021-05-17,2021
300292,吴通控股,5528000000.0,通信应用增值服务,55.28,MID,2013-10-16,2013
301367,瑞迈特,5528000000.0,医疗设备,55.28,MID,2022-10-31,2022
301379,天山电子,5533000000.0,面板,55.33,MID,2022-10-31,2022
605366,宏柏新材,5533000000.0,其他化学制品,55.33,MID,2020-08-11,2020
601700,风范股份,5534000000.0,线缆部件及其他,55.34,MID,2011-12-01,2011
301628,强达电路,5539000000.0,印制电路板,55.39,MID,2024-10-30,2024
300689,澄天伟业,5548000000.0,通信终端及配件,55.48,MID,2017-08-08,2017
600756,浪潮软件,5552000000.0,IT服务Ⅲ,55.52,MID,2000-10-09,2000
603889,新澳股份,5553000000.0,其他纺织,55.53,MID,2015-06-24,2015
603135,中重科技,5569000000.0,能源及重型设备,55.69,MID,2023-04-07,2023
301517,陕西华达,5573000000.0,军工电子Ⅲ,55.73,MID,2023-10-27,2023
002154,报 喜 鸟,5575000000.0,非运动服装,55.75,MID,2007-09-26,2007
603352,至信股份,5576000000.0,其他汽车零部件,55.76,MID,2026-01-14,2026
000037,深南电A,5588000000.0,火力发电,55.88,MID,2001-08-01,2001
600203,福日电子,5592000000.0,消费电子零部件及组装,55.92,MID,2001-12-19,2001
300019,硅宝科技,5594000000.0,有机硅,55.94,MID,2010-03-02,2010
300018,中元股份,5596000000.0,电网自动化设备,55.96,MID,2010-03-22,2010
603609,禾丰股份,5596000000.0,畜禽饲料,55.96,MID,2014-08-25,2014
600650,锦江在线,5599000000.0,公交,55.99,MID,2000-05-11,2000
002349,精华制药,5602000000.0,中药Ⅲ,56.02,MID,2011-01-12,2011
600826,兰生股份,5605000000.0,会展服务,56.05,MID,2000-05-08,2000
605056,咸亨国际,5609000000.0,仪器仪表,56.09,MID,2021-07-19,2021
600223,福瑞达,5611000000.0,品牌化妆品,56.11,MID,2000-08-31,2000
002478,常宝股份,5612000000.0,特钢Ⅲ,56.12,MID,2011-01-31,2011
600477,杭萧钢构,5614000000.0,钢结构,56.14,MID,2004-05-12,2004
600255,鑫科材料,5617000000.0,其他金属新材料,56.17,MID,2002-05-30,2002
002132,恒星科技,5620000000.0,金属制品,56.2,MID,2007-11-01,2007
600644,乐山电力,5621000000.0,电能综合服务,56.21,MID,2000-06-28,2000
300756,金马游乐,5622000000.0,其他专用设备,56.22,MID,2018-12-27,2018
600230,沧州大化,5622000000.0,聚氨酯,56.22,MID,2000-09-28,2000
000036,华联控股,5629000000.0,住宅开发,56.29,MID,2000-08-30,2000
600358,国旅联合,5630000000.0,营销代理,56.3,MID,2002-05-28,2002
600982,宁波能源,5633000000.0,热力服务,56.33,MID,2005-02-21,2005
600035,楚天高速,5635000000.0,高速公路,56.35,MID,2005-02-01,2005
000948,南天信息,5638000000.0,垂直应用软件,56.38,MID,2000-09-12,2000
301000,肇民科技,5638000000.0,其他汽车零部件,56.38,MID,2021-05-27,2021
002038,双鹭药业,5640000000.0,化学制剂,56.4,MID,2004-11-22,2004
000718,苏宁环球,5644000000.0,住宅开发,56.44,MID,2001-09-04,2001
603370,华新精科,5653000000.0,电机Ⅲ,56.53,MID,2025-09-04,2025
002314,南山控股,5659000000.0,住宅开发,56.59,MID,2010-09-21,2010
603587,地素时尚,5663000000.0,非运动服装,56.63,MID,2018-06-21,2018
301479,弘景光电,5668000000.0,光学元件,56.68,MID,2025-03-17,2025
000779,甘咨询,5671000000.0,工程咨询服务Ⅲ,56.71,MID,2001-01-17,2001
002232,启明信息,5671000000.0,IT服务Ⅲ,56.71,MID,2008-06-13,2008
002029,七 匹 狼,5675000000.0,非运动服装,56.75,MID,2004-11-10,2004
002510,天汽模,5675000000.0,其他汽车零部件,56.75,MID,2011-04-13,2011
300258,精锻科技,5675000000.0,底盘与发动机系统,56.75,MID,2011-08-29,2011
000670,盈方微,5676000000.0,其他电子Ⅲ,56.76,MID,2009-09-17,2009
000900,现代投资,5677000000.0,高速公路,56.77,MID,2001-01-12,2001
601968,宝钢包装,5677000000.0,金属包装,56.77,MID,2015-07-10,2015
300048,合康新能,5684000000.0,工控设备,56.84,MID,2010-05-26,2010
001283,豪鹏科技,5686000000.0,锂电池,56.86,MID,2022-09-02,2022
603466,风语筑,5687000000.0,其他数字媒体,56.87,MID,2017-10-20,2017
601588,北辰实业,5690000000.0,住宅开发,56.9,MID,2006-11-17,2006
605277,新亚电子,5696000000.0,消费电子零部件及组装,56.96,MID,2021-01-05,2021
002956,西麦食品,5701000000.0,烘焙食品,57.01,MID,2019-06-18,2019
000912,泸天化,5708000000.0,氮肥,57.08,MID,2002-01-24,2002
600227,赤天化,5708000000.0,氮肥,57.08,MID,2001-08-28,2001
600449,宁夏建材,5709000000.0,水泥制造,57.09,MID,2004-03-15,2004
603507,振江股份,5713000000.0,风电零部件,57.13,MID,2017-11-10,2017
300041,回天新材,5717000000.0,有机硅,57.17,MID,2010-03-31,2010
300696,爱乐达,5717000000.0,航空装备Ⅲ,57.17,MID,2017-08-21,2017
002218,拓日新能,5718000000.0,光伏发电,57.18,MID,2008-04-07,2008
600488,津药药业,5721000000.0,原料药,57.21,MID,2002-01-28,2002
002559,亚威股份,5725000000.0,机床工具,57.25,MID,2011-06-17,2011
600855,航天长峰,5726000000.0,军工电子Ⅲ,57.26,MID,2002-08-13,2002
301439,泓淋电力,5739000000.0,线缆部件及其他,57.39,MID,2023-03-16,2023
300700,岱勒新材,5741000000.0,磨具磨料,57.41,MID,2017-09-25,2017
301608,博实结,5741000000.0,其他计算机设备,57.41,MID,2024-07-31,2024
603108,润达医疗,5744000000.0,其他医疗服务,57.44,MID,2015-12-15,2015
600691,潞化科技,5750000000.0,氮肥,57.5,MID,2001-06-18,2001
002279,久其软件,5751000000.0,横向通用软件,57.51,MID,2010-03-31,2010
301326,捷邦科技,5752000000.0,消费电子零部件及组装,57.52,MID,2022-09-20,2022
301137,哈焊华通,5754000000.0,金属制品,57.54,MID,2022-03-21,2022
002302,西部建设,5756000000.0,水泥制品,57.56,MID,2010-04-12,2010
300731,科创新源,5758000000.0,其他橡胶制品,57.58,MID,2017-12-28,2017
600963,岳阳林纸,5765000000.0,大宗用纸,57.65,MID,2005-01-11,2005
002950,奥美医疗,5769000000.0,医疗耗材,57.69,MID,2019-03-08,2019
002489,浙江永强,5770000000.0,成品家居,57.7,MID,2010-12-14,2010
002390,信邦制药,5773000000.0,医药流通,57.73,MID,2010-12-14,2010
002164,宁波东力,5779000000.0,金属制品,57.79,MID,2008-06-06,2008
603155,新亚强,5783000000.0,有机硅,57.83,MID,2020-08-31,2020
000409,云鼎科技,5787000000.0,IT服务Ⅲ,57.87,MID,2003-04-03,2003
002073,软控股份,5788000000.0,其他专用设备,57.88,MID,2007-01-17,2007
300561,汇金科技,5788000000.0,垂直应用软件,57.88,MID,2017-02-28,2017
002752,昇兴股份,5793000000.0,金属包装,57.93,MID,2015-07-20,2015
600433,冠豪高新,5793000000.0,特种纸,57.93,MID,2004-10-20,2004
600106,重庆路桥,5795000000.0,高速公路,57.95,MID,2000-09-08,2000
300841,康华生物,5803000000.0,疫苗,58.03,MID,2020-06-22,2020
002101,广东鸿图,5806000000.0,其他汽车零部件,58.06,MID,2007-07-20,2007
600683,京投发展,5815000000.0,住宅开发,58.15,MID,2000-07-06,2000
300043,星辉娱乐,5823000000.0,游戏Ⅲ,58.23,MID,2011-06-20,2011
300815,玉禾田,5823000000.0,固废治理,58.23,MID,2020-01-22,2020
600586,金晶科技,5825000000.0,玻璃制造,58.25,MID,2002-12-02,2002
300809,华辰装备,5829000000.0,机床工具,58.29,MID,2019-12-10,2019
300256,星星科技,5830000000.0,消费电子零部件及组装,58.3,MID,2012-04-23,2012
605288,凯迪股份,5830000000.0,工控设备,58.3,MID,2020-05-29,2020
603010,万盛股份,5833000000.0,其他化学制品,58.33,MID,2015-12-17,2015
300825,阿尔特,5835000000.0,汽车综合服务,58.35,MID,2020-03-26,2020
300579,数字认证,5840000000.0,垂直应用软件,58.4,MID,2016-12-22,2016
600576,祥源文旅,5842000000.0,自然景区,58.42,MID,2005-03-22,2005
300039,上海凯宝,5847000000.0,中药Ⅲ,58.47,MID,2010-01-20,2010
300946,恒而达,5847000000.0,金属制品,58.47,MID,2021-02-05,2021
000735,罗 牛 山,5850000000.0,生猪养殖,58.5,MID,2000-06-01,2000
300084,海默科技,5850000000.0,能源及重型设备,58.5,MID,2010-11-24,2010
300722,新余国科,5851000000.0,航天装备Ⅲ,58.51,MID,2017-11-13,2017
300697,电工合金,5858000000.0,铜,58.58,MID,2017-09-12,2017
002382,蓝帆医疗,5864000000.0,医疗耗材,58.64,MID,2011-01-21,2011
301101,明月镜片,5864000000.0,文化用品,58.64,MID,2021-12-15,2021
002678,珠江钢琴,5868000000.0,娱乐用品,58.68,MID,2012-07-20,2012
603778,国晟科技,5868000000.0,光伏电池组件,58.68,MID,2016-02-29,2016
002519,银河电子,5869000000.0,地面兵装Ⅲ,58.69,MID,2011-07-04,2011
603867,新化股份,5872000000.0,其他化学制品,58.72,MID,2019-06-26,2019
001322,箭牌家居,5880000000.0,卫浴制品,58.8,MID,2022-10-25,2022
600108,亚盛集团,5880000000.0,其他种植业,58.8,MID,2000-05-29,2000
002884,凌霄泵业,5891000000.0,其他通用设备,58.91,MID,2017-07-18,2017
300137,先河环保,5892000000.0,环保设备Ⅲ,58.92,MID,2011-02-16,2011
002490,山东墨龙,5896000000.0,能源及重型设备,58.96,MID,2010-11-01,2010
300358,楚天科技,5907000000.0,医疗设备,59.07,MID,2014-07-25,2014
603489,八方股份,5908000000.0,电机Ⅲ,59.08,MID,2019-11-08,2019
603311,金海高科,5916000000.0,家电零部件Ⅲ,59.16,MID,2015-05-29,2015
600501,航天晨光,5917000000.0,其他专用设备,59.17,MID,2001-09-14,2001
605183,确成股份,5921000000.0,炭黑,59.21,MID,2020-12-04,2020
603990,麦迪科技,5922000000.0,垂直应用软件,59.22,MID,2016-12-14,2016
300984,金沃股份,5928000000.0,其他通用设备,59.28,MID,2021-06-17,2021
605178,时空科技,5935000000.0,其他专业工程,59.35,MID,2020-09-09,2020
300134,大富科技,5940000000.0,通信网络设备及器件,59.4,MID,2012-05-22,2012
300986,志特新材,5947000000.0,其他专业工程,59.47,MID,2021-05-07,2021
301160,翔楼新材,5948000000.0,特钢Ⅲ,59.48,MID,2022-06-02,2022
300226,上海钢联,5959000000.0,垂直应用软件,59.59,MID,2011-11-23,2011
002992,宝明科技,5960000000.0,LED,59.6,MID,2020-07-31,2020
002210,飞马国际,5961000000.0,固废治理,59.61,MID,2009-02-23,2009
605005,合兴股份,5963000000.0,汽车电子电气系统,59.63,MID,2021-01-18,2021
300852,四会富仕,5965000000.0,印制电路板,59.65,MID,2020-07-10,2020
301153,中科江南,5968000000.0,垂直应用软件,59.68,MID,2022-05-17,2022
300063,天龙集团,5970000000.0,营销代理,59.7,MID,2011-05-25,2011
603708,家家悦,5975000000.0,超市,59.75,MID,2016-12-12,2016
000593,德龙汇能,5978000000.0,燃气Ⅲ,59.78,MID,2000-12-28,2000
000913,钱江摩托,5980000000.0,摩托车,59.8,MID,2000-06-29,2000
000915,华特达因,5980000000.0,化学制剂,59.8,MID,2000-03-29,2000
002421,达实智能,5980000000.0,IT服务Ⅲ,59.8,MID,2010-11-29,2010
000796,凯撒旅业,5982000000.0,旅游综合,59.82,MID,2002-07-03,2002
001288,运机集团,5982000000.0,能源及重型设备,59.82,MID,2021-10-29,2021
600983,惠而浦,5994000000.0,冰洗,59.94,MID,2005-07-14,2005
000524,岭南控股,5998000000.0,旅游综合,59.98,MID,2001-01-10,2001
603567,珍宝岛,5999000000.0,中药Ⅲ,59.99,MID,2015-05-15,2015
301321,翰博高新,6003000000.0,面板,60.03,MID,2022-08-17,2022
605598,上海港湾,6005000000.0,其他专业工程,60.05,MID,2021-09-16,2021
002194,武汉凡谷,6013000000.0,通信网络设备及器件,60.13,MID,2008-03-06,2008
000517,荣安地产,6018000000.0,住宅开发,60.18,MID,2004-03-02,2004
000881,中广核技,6022000000.0,其他化学制品,60.22,MID,2000-12-11,2000
002057,中钢天源,6024000000.0,检测服务,60.24,MID,2007-08-27,2007
002819,东方中科,6028000000.0,仪器仪表,60.28,MID,2017-04-14,2017
603068,博通集成,6029000000.0,模拟芯片设计,60.29,MID,2019-04-12,2019
002840,华统股份,6032000000.0,肉制品,60.32,MID,2017-01-09,2017
603395,红四方,6032000000.0,复合肥,60.32,MID,2024-11-25,2024
300525,博思软件,6036000000.0,垂直应用软件,60.36,MID,2016-08-29,2016
300680,隆盛科技,6044000000.0,底盘与发动机系统,60.44,MID,2017-11-24,2017
301683,慧谷新材,6045000000.0,涂料油墨,60.45,MID,2026-03-31,2026
603065,宿迁联盛,6054000000.0,其他化学制品,60.54,MID,2023-03-20,2023
600975,新五丰,6061000000.0,生猪养殖,60.61,MID,2005-02-03,2005
603383,顶点软件,6069000000.0,垂直应用软件,60.69,MID,2017-05-23,2017
000531,穗恒运Ａ,6071000000.0,火力发电,60.71,MID,2000-10-26,2000
300598,诚迈科技,6075000000.0,垂直应用软件,60.75,MID,2017-01-26,2017
300566,激智科技,6078000000.0,光学元件,60.78,MID,2016-11-28,2016
603213,镇洋发展,6082000000.0,氯碱,60.82,MID,2021-11-24,2021
603197,保隆科技,6083000000.0,其他汽车零部件,60.83,MID,2017-05-18,2017
000525,红太阳,6099000000.0,农药,60.99,MID,2000-07-24,2000
000595,新能股份,6103000000.0,风力发电,61.03,MID,2001-02-26,2001
603211,晋拓股份,6105000000.0,其他汽车零部件,61.05,MID,2022-07-22,2022
600881,亚泰集团,6109000000.0,综合Ⅲ,61.09,MID,2000-06-19,2000
300047,天源迪科,6110000000.0,垂直应用软件,61.1,MID,2010-11-30,2010
000572,海马汽车,6118000000.0,综合乘用车,61.18,MID,2000-04-28,2000
603400,华之杰,6120000000.0,金属制品,61.2,MID,2025-06-19,2025
301667,纳百川,6125000000.0,底盘与发动机系统,61.25,MID,2025-12-22,2025
603082,北自科技,6128000000.0,其他自动化设备,61.28,MID,2024-01-30,2024
301393,昊帆生物,6129000000.0,其他生物制品,61.29,MID,2023-07-11,2023
000025,特  力Ａ,6130000000.0,综合Ⅲ,61.3,MID,2000-07-21,2000
300470,中密控股,6134000000.0,其他通用设备,61.34,MID,2015-06-11,2015
301260,格力博,6139000000.0,农用机械,61.39,MID,2023-02-07,2023
600103,青山纸业,6140000000.0,特种纸,61.4,MID,2000-08-15,2000
600897,厦门空港,6146000000.0,机场,61.46,MID,2000-03-20,2000
000090,天健集团,6148000000.0,住宅开发,61.48,MID,2000-07-28,2000
300265,通光线缆,6149000000.0,线缆部件及其他,61.49,MID,2012-04-06,2012
603229,奥翔药业,6153000000.0,原料药,61.53,MID,2017-05-08,2017
003006,百亚股份,6157000000.0,生活用纸,61.57,MID,2020-09-18,2020
603368,柳药集团,6161000000.0,医药流通,61.61,MID,2014-12-22,2014
002540,亚太科技,6163000000.0,铝,61.63,MID,2011-02-15,2011
000957,中通客车,6166000000.0,商用载客车,61.66,MID,2000-06-26,2000
300983,尤安设计,6172000000.0,工程咨询服务Ⅲ,61.72,MID,2021-04-19,2021
301632,广东建科,6174000000.0,检测服务,61.74,MID,2025-08-11,2025
301609,山大电力,6183000000.0,电网自动化设备,61.83,MID,2025-07-22,2025
002206,海 利 得,6194000000.0,涤纶,61.94,MID,2008-04-08,2008
600368,五洲交通,6197000000.0,高速公路,61.97,MID,2001-04-19,2001
300681,英搏尔,6198000000.0,汽车电子电气系统,61.98,MID,2017-07-24,2017
300057,万顺新材,6202000000.0,铝,62.02,MID,2010-12-23,2010
300819,聚杰微纤,6202000000.0,其他纺织,62.02,MID,2020-03-11,2020
300343,联创股份,6218000000.0,氟化工,62.18,MID,2013-10-10,2013
300324,旋极信息,6219000000.0,其他计算机设备,62.19,MID,2013-11-14,2013
300267,尔康制药,6229000000.0,原料药,62.29,MID,2012-06-06,2012
300925,法本信息,6229000000.0,垂直应用软件,62.29,MID,2020-12-29,2020
000551,创元科技,6239000000.0,环保设备Ⅲ,62.39,MID,2000-06-06,2000
002470,金正大,6243000000.0,复合肥,62.43,MID,2011-03-08,2011
002140,东华科技,6252000000.0,化学工程,62.52,MID,2007-08-20,2007
002801,微光股份,6253000000.0,电机Ⅲ,62.53,MID,2016-06-21,2016
600468,百利电气,6254000000.0,配电设备,62.54,MID,2002-09-24,2002
600400,红豆股份,6255000000.0,非运动服装,62.55,MID,2001-10-16,2001
002042,华孚时尚,6259000000.0,棉纺,62.59,MID,2006-06-09,2006
300079,数码视讯,6260000000.0,IT服务Ⅲ,62.6,MID,2010-06-10,2010
300802,矩子科技,6270000000.0,其他自动化设备,62.7,MID,2019-11-14,2019
002721,金一文化,6276000000.0,钟表珠宝,62.76,MID,2015-09-21,2015
300214,日科化学,6276000000.0,其他化学制品,62.76,MID,2011-08-03,2011
300393,中来股份,6276000000.0,光伏电池组件,62.76,MID,2014-09-29,2014
601500,通用股份,6278000000.0,轮胎轮毂,62.78,MID,2016-09-27,2016
002467,二六三,6285000000.0,通信应用增值服务,62.85,MID,2010-12-22,2010
600962,国投中鲁,6288000000.0,果蔬加工,62.88,MID,2005-03-18,2005
002612,朗姿股份,6292000000.0,非运动服装,62.92,MID,2012-07-03,2012
600715,文投控股,6293000000.0,游戏Ⅲ,62.93,MID,2001-05-28,2001
002697,红旗连锁,6297000000.0,超市,62.97,MID,2012-12-26,2012
600966,博汇纸业,6297000000.0,大宗用纸,62.97,MID,2004-11-05,2004
300360,炬华科技,6309000000.0,电工仪器仪表,63.09,MID,2014-06-05,2014
600643,爱建集团,6309000000.0,金融控股,63.09,MID,2001-06-27,2001
002067,景兴纸业,6312000000.0,大宗用纸,63.12,MID,2006-11-10,2006
301602,超研股份,6318000000.0,医疗设备,63.18,MID,2025-01-21,2025
301568,思泰克,6321000000.0,其他自动化设备,63.21,MID,2023-11-27,2023
301339,通行宝,6324000000.0,其他计算机设备,63.24,MID,2022-09-08,2022
601515,衢州东峰,6332000000.0,纸包装,63.32,MID,2012-03-05,2012
002734,利民股份,6333000000.0,农药,63.33,MID,2015-02-09,2015
603293,埃泰克,6333000000.0,汽车电子电气系统,63.33,MID,2026-04-15,2026
603931,格林达,6344000000.0,电子化学品Ⅲ,63.44,MID,2020-08-18,2020
002213,大为股份,6355000000.0,数字芯片设计,63.55,MID,2008-06-05,2008
300164,通源石油,6355000000.0,油气及炼化工程,63.55,MID,2012-04-23,2012
300153,科泰电源,6358000000.0,其他电源设备Ⅲ,63.58,MID,2011-07-07,2011
002664,信质集团,6364000000.0,汽车电子电气系统,63.64,MID,2013-01-25,2013
301045,天禄科技,6366000000.0,面板,63.66,MID,2021-08-12,2021
300540,蜀道装备,6370000000.0,其他专用设备,63.7,MID,2016-09-05,2016
603200,上海洗霸,6370000000.0,水务及水治理,63.7,MID,2017-05-31,2017
605188,国光连锁,6372000000.0,超市,63.72,MID,2020-07-27,2020
300435,中泰股份,6376000000.0,燃气Ⅲ,63.76,MID,2015-04-10,2015
603861,白云电器,6378000000.0,配电设备,63.78,MID,2016-07-19,2016
600375,汉马科技,6380000000.0,商用载货车,63.8,MID,2004-07-15,2004
000561,烽火电子,6385000000.0,航空装备Ⅲ,63.85,MID,2002-12-18,2002
002438,江苏神通,6385000000.0,金属制品,63.85,MID,2010-12-29,2010
603877,太平鸟,6386000000.0,非运动服装,63.86,MID,2017-01-11,2017
603685,晨丰科技,6387000000.0,LED,63.87,MID,2017-11-28,2017
603367,辰欣药业,6397000000.0,化学制剂,63.97,MID,2017-09-28,2017
002787,华源控股,6399000000.0,金属包装,63.99,MID,2016-07-20,2016
605179,一鸣食品,6420000000.0,乳品,64.2,MID,2020-12-25,2020
002437,誉衡药业,6422000000.0,化学制剂,64.22,MID,2011-08-01,2011
600313,农发种业,6434000000.0,种子,64.34,MID,2004-04-26,2004
002796,世嘉科技,6434999999.999999,通信网络设备及器件,64.35,MID,2016-08-05,2016
002606,大连电瓷,6437000000.0,线缆部件及其他,64.37,MID,2012-06-29,2012
000008,神州高铁,6438000000.0,轨交设备Ⅲ,64.38,MID,2001-08-17,2001
301365,矩阵股份,6442000000.0,工程咨询服务Ⅲ,64.42,MID,2022-11-21,2022
002935,天奥电子,6445999999.999999,军工电子Ⅲ,64.46,MID,2018-08-31,2018
002824,和胜股份,6451000000.000001,铝,64.51,MID,2017-01-11,2017
603969,银龙股份,6458000000.0,金属制品,64.58,MID,2015-02-26,2015
001311,多利科技,6459000000.0,其他汽车零部件,64.59,MID,2023-02-24,2023
300709,精研科技,6462000000.0,消费电子零部件及组装,64.62,MID,2017-10-18,2017
300174,元力股份,6468000000.000001,其他化学制品,64.68,MID,2011-04-29,2011
600310,广西能源,6478000000.0,电能综合服务,64.78,MID,2001-06-28,2001
600510,黑牡丹,6481000000.0,住宅开发,64.81,MID,2002-12-04,2002
600770,综艺股份,6487000000.0,综合Ⅲ,64.87,MID,2000-07-31,2000
300341,麦克奥迪,6488000000.0,配电设备,64.88,MID,2013-04-26,2013
002298,中电鑫龙,6491000000.0,输变电设备,64.91,MID,2010-05-24,2010
600078,澄星股份,6491000000.0,磷肥及磷化工,64.91,MID,2000-08-04,2000
300493,润欣科技,6494000000.0,其他电子Ⅲ,64.94,MID,2015-12-22,2015
300283,温州宏丰,6495999999.999999,配电设备,64.96,MID,2012-03-14,2012
603277,银都股份,6498999999.999999,制冷空调设备,64.99,MID,2017-09-08,2017
300905,宝丽迪,6502000000.0,其他化学纤维,65.02,MID,2020-11-18,2020
002141,贤丰控股,6506999999.999999,动物保健Ⅲ,65.07,MID,2008-05-30,2008
301209,联合化学,6506999999.999999,涂料油墨,65.07,MID,2022-08-24,2022
300196,长海股份,6508000000.0,玻纤制造,65.08,MID,2011-11-18,2011
600828,茂业商业,6530000000.0,百货,65.3,MID,2001-03-26,2001
000026,飞亚达,6533000000.0,钟表珠宝,65.33,MID,2000-06-09,2000
002674,兴业科技,6543000000.000001,辅料,65.43,MID,2012-06-05,2012
301592,六九一二,6545000000.0,军工电子Ⅲ,65.45,MID,2024-10-23,2024
002380,科远智慧,6552000000.0,IT服务Ⅲ,65.52,MID,2010-04-26,2010
600195,中牧股份,6556000000.0,动物保健Ⅲ,65.56,MID,2000-07-21,2000
300217,东方电热,6562000000.0,家电零部件Ⅲ,65.62,MID,2011-06-30,2011
603402,陕西旅游,6565000000.000001,旅游综合,65.65,MID,2026-01-05,2026
300895,铜牛信息,6567000000.0,IT服务Ⅲ,65.67,MID,2020-09-23,2020
000597,东北制药,6578000000.0,化学制剂,65.78,MID,2000-07-10,2000
300440,运达科技,6580000000.0,IT服务Ⅲ,65.8,MID,2015-11-10,2015
603045,福达合金,6584000000.0,其他金属新材料,65.84,MID,2018-05-31,2018
603985,恒润股份,6586000000.0,风电零部件,65.86,MID,2017-05-11,2017
600496,精工钢构,6587000000.0,钢结构,65.87,MID,2002-10-29,2002
002135,东南网架,6593000000.000001,钢结构,65.93,MID,2007-08-08,2007
601015,陕西黑猫,6597000000.0,焦炭Ⅲ,65.97,MID,2014-11-17,2014
001330,博纳影业,6598000000.0,影视动漫制作,65.98,MID,2022-08-17,2022
600617,国新能源,6598000000.0,燃气Ⅲ,65.98,MID,2002-03-26,2002
605167,利柏特,6598000000.0,化学工程,65.98,MID,2021-07-23,2021
002885,京泉华,6605000000.0,其他电子Ⅲ,66.05,MID,2017-06-29,2017
600713,南京医药,6606000000.0,医药流通,66.06,MID,2000-05-24,2000
600894,广日股份,6608000000.0,楼宇设备,66.08,MID,2000-07-24,2000
605365,立达信,6612000000.0,照明设备Ⅲ,66.12,MID,2021-07-19,2021
002014,永新股份,6615000000.000001,塑料包装,66.15,MID,2005-03-18,2005
000777,中核科技,6618000000.000001,金属制品,66.18,MID,2000-06-22,2000
300406,九强生物,6634999999.999999,体外诊断,66.35,MID,2014-10-29,2014
301687,新广益,6634999999.999999,膜材料,66.35,MID,2025-12-30,2025
000968,蓝焰控股,6637000000.0,油气开采Ⅲ,66.37,MID,2001-08-20,2001
002009,天奇股份,6637000000.0,其他专用设备,66.37,MID,2005-04-13,2005
002123,梦网科技,6637000000.0,通信应用增值服务,66.37,MID,2007-11-14,2007
002052,同洲电子,6644000000.0,其他黑色家电,66.44,MID,2007-10-24,2007
605128,上海沿浦,6650000000.0,车身附件及饰件,66.5,MID,2020-09-14,2020
601789,宁波建工,6662000000.0,房屋建设Ⅲ,66.62,MID,2012-05-29,2012
603071,物产环能,6668000000.000001,贸易Ⅲ,66.68,MID,2021-12-15,2021
601121,宝地矿业,6673000000.0,铁矿石,66.73,MID,2023-03-15,2023
001212,中旗新材,6684000000.0,其他建材Ⅲ,66.84,MID,2021-08-24,2021
300206,理邦仪器,6684000000.0,医疗设备,66.84,MID,2011-04-27,2011
603091,众鑫股份,6687000000.0,纸包装,66.87,MID,2024-09-19,2024
600748,上实发展,6695999999.999999,住宅开发,66.96,MID,2000-09-28,2000
300467,迅游科技,6700000000.0,游戏Ⅲ,67.0,MID,2016-03-23,2016
300785,值得买,6706999999.999999,门户网站,67.07,MID,2019-07-12,2019
301317,鑫磊股份,6709999999.999999,其他通用设备,67.1,MID,2023-01-18,2023
002537,海联金汇,6715000000.000001,车身附件及饰件,67.15,MID,2011-08-25,2011
000631,顺发恒能,6716000000.0,其他能源发电,67.16,MID,2003-04-11,2003
002272,川润股份,6716000000.0,其他通用设备,67.16,MID,2009-08-07,2009
002163,海南发展,6717000000.0,装修装饰Ⅲ,67.17,MID,2008-05-14,2008
300420,五洋自控,6731999999.999999,其他通用设备,67.32,MID,2015-10-13,2015
002077,大港股份,6738000000.0,集成电路封测,67.38,MID,2007-05-31,2007
605098,行动教育,6738000000.0,培训教育,67.38,MID,2021-04-20,2021
002023,海特高新,6742000000.0,航空装备Ⅲ,67.42,MID,2004-10-18,2004
002452,长高电气,6748999999.999999,输变电设备,67.49,MID,2011-03-16,2011
300685,艾德生物,6748999999.999999,体外诊断,67.49,MID,2017-08-07,2017
603166,福达股份,6759999999.999999,底盘与发动机系统,67.6,MID,2014-12-01,2014
600158,中体产业,6773999999.999999,体育Ⅲ,67.74,MID,2000-12-07,2000
002256,兆新股份,6775000000.0,光伏发电,67.75,MID,2010-01-21,2010
000589,贵州轮胎,6777000000.0,轮胎轮毂,67.77,MID,2000-04-12,2000
603866,桃李面包,6783000000.0,烘焙食品,67.83,MID,2015-12-21,2015
002727,一心堂,6787000000.0,线下药店,67.87,MID,2014-11-21,2014
301176,逸豪新材,6793000000.000001,印制电路板,67.93,MID,2022-09-27,2022
002303,美盈森,6798999999.999999,纸包装,67.99,MID,2010-05-27,2010
300067,安诺其,6798999999.999999,纺织化学制品,67.99,MID,2010-09-27,2010
300401,花园生物,6798999999.999999,原料药,67.99,MID,2014-10-31,2014
300075,数字政通,6801000000.000001,垂直应用软件,68.01,MID,2010-09-10,2010
601388,怡球资源,6802000000.0,铝,68.02,MID,2012-12-04,2012
300443,金雷股份,6806000000.0,风电零部件,68.06,MID,2015-05-07,2015
002860,星帅尔,6806999999.999999,家电零部件Ⅲ,68.07,MID,2017-04-20,2017
600987,航民股份,6809000000.0,印染,68.09,MID,2005-01-05,2005
002093,国脉科技,6811000000.0,学历教育,68.11,MID,2007-03-13,2007
301070,开勒股份,6815000000.000001,制冷空调设备,68.15,MID,2021-09-22,2021
002810,山东赫达,6816000000.0,其他化学制品,68.16,MID,2016-08-25,2016
600708,光明地产,6820000000.0,住宅开发,68.2,MID,2000-06-30,2000
000601,韶能股份,6822000000.0,水力发电,68.22,MID,2000-07-25,2000
300492,华图山鼎,6828000000.0,工程咨询服务Ⅲ,68.28,MID,2016-10-17,2016
300080,易成新能,6838000000.0,光伏电池组件,68.38,MID,2011-12-09,2011
001314,亿道信息,6848999999.999999,消费电子零部件及组装,68.49,MID,2023-02-24,2023
000755,山西高速,6852000000.0,高速公路,68.52,MID,2001-11-02,2001
300617,安靠智电,6852000000.0,输变电设备,68.52,MID,2017-02-27,2017
600590,泰豪科技,6856999999.999999,军工电子Ⅲ,68.57,MID,2003-09-10,2003
600955,维远股份,6858000000.0,其他化学原料,68.58,MID,2021-09-14,2021
600545,卓郎智能,6866000000.0,纺织服装设备,68.66,MID,2004-08-19,2004
603128,华贸物流,6872000000.0,跨境物流,68.72,MID,2012-11-14,2012
603687,大胜达,6875000000.0,纸包装,68.75,MID,2019-07-25,2019
301306,西测测试,6879000000.000001,军工电子Ⅲ,68.79,MID,2022-07-25,2022
300678,中科信息,6891000000.0,IT服务Ⅲ,68.91,MID,2017-08-31,2017
300284,苏交科,6895000000.0,工程咨询服务Ⅲ,68.95,MID,2012-08-08,2012
002255,海陆重工,6895999999.999999,火电设备,68.96,MID,2009-05-05,2009
002733,雄韬股份,6897000000.0,蓄电池及其他电池,68.97,MID,2014-12-24,2014
605133,嵘泰股份,6901000000.000001,底盘与发动机系统,69.01,MID,2021-02-23,2021
600780,XD通宝能,6902000000.0,火力发电,69.02,MID,2001-10-15,2001
600325,华发股份,6908000000.0,住宅开发,69.08,MID,2004-07-06,2004
300168,万达信息,6915000000.000001,IT服务Ⅲ,69.15,MID,2012-01-05,2012
002006,精工科技,6918000000.000001,其他专用设备,69.18,MID,2006-03-10,2006
002106,莱宝高科,6923999999.999999,面板,69.24,MID,2007-09-11,2007
002892,科力尔,6931999999.999999,电机Ⅲ,69.32,MID,2017-08-18,2017
600676,交运股份,6931999999.999999,汽车综合服务,69.32,MID,2000-06-27,2000
600722,金牛化工,6931999999.999999,煤化工,69.32,MID,2001-09-13,2001
002782,可立克,6936000000.0,其他电子Ⅲ,69.36,MID,2015-12-21,2015
301215,中汽股份,6937000000.0,汽车综合服务,69.37,MID,2022-03-07,2022
002445,中南文化,6940000000.000001,金属制品,69.4,MID,2011-12-05,2011
600810,神马股份,6947000000.0,锦纶,69.47,MID,2000-08-02,2000
001298,好上好,6959000000.0,其他电子Ⅲ,69.59,MID,2022-10-28,2022
000019,深粮控股,6961000000.0,粮油加工,69.61,MID,2001-08-03,2001
000813,德展健康,6962000000.0,化学制剂,69.62,MID,2002-02-04,2002
601226,华电科工,6962000000.0,其他专业工程,69.62,MID,2014-12-11,2014
002342,巨力索具,6979000000.000001,金属制品,69.79,MID,2010-03-17,2010
002242,九阳股份,6989000000.0,厨房小家电,69.89,MID,2008-07-21,2008
600698,湖南天雁,6989000000.0,底盘与发动机系统,69.89,MID,2003-01-28,2003
300702,天宇股份,6994000000.0,原料药,69.94,MID,2017-09-18,2017
600422,昆药集团,6994000000.0,中药Ⅲ,69.94,MID,2001-05-23,2001
300872,天阳科技,6995000000.0,IT服务Ⅲ,69.95,MID,2020-08-21,2020
600252,中恒集团,7005000000.0,中药Ⅲ,70.05,MID,2001-06-14,2001
300900,广联航空,7016000000.0,航空装备Ⅲ,70.16,MID,2020-10-28,2020
605488,福莱新材,7017000000.0,膜材料,70.17,MID,2021-05-12,2021
000566,海南海药,7019000000.0,化学制剂,70.19,MID,2001-06-28,2001
002284,亚太股份,7029000000.000001,底盘与发动机系统,70.29,MID,2009-11-03,2009
300516,久之洋,7031000000.0,其他电子Ⅲ,70.31,MID,2016-06-01,2016
300708,聚灿光电,7037000000.0,LED,70.37,MID,2017-10-13,2017
603977,国泰集团,7039000000.0,民爆制品,70.39,MID,2017-03-23,2017
600429,三元股份,7045000000.0,乳品,70.45,MID,2004-10-21,2004
002446,盛路通信,7048999999.999999,军工电子Ⅲ,70.49,MID,2011-02-17,2011
300706,阿石创,7050000000.0,半导体材料,70.5,MID,2017-09-25,2017
000503,国新健康,7051000000.000001,垂直应用软件,70.51,MID,2001-05-21,2001
000859,国风新材,7051000000.000001,膜材料,70.51,MID,2000-06-06,2000
300520,科大国创,7053000000.0,垂直应用软件,70.53,MID,2016-07-22,2016
300909,汇创达,7056999999.999999,面板,70.57,MID,2020-11-30,2020
002527,新时达,7062000000.0,楼宇设备,70.62,MID,2011-08-18,2011
301189,奥尼电子,7069000000.0,品牌消费电子,70.69,MID,2021-12-27,2021
600797,浙大网新,7069000000.0,IT服务Ⅲ,70.69,MID,2000-11-03,2000
002579,中京电子,7076000000.000001,印制电路板,70.76,MID,2012-06-26,2012
600903,贵州燃气,7077000000.0,燃气Ⅲ,70.77,MID,2017-11-22,2017
301225,恒勃股份,7091000000.0,底盘与发动机系统,70.91,MID,2023-06-15,2023
301162,国能日新,7092000000.0,垂直应用软件,70.92,MID,2022-04-28,2022
300143,盈康生命,7093000000.000001,医院,70.93,MID,2012-08-15,2012
605168,三人行,7100000000.0,营销代理,71.0,MID,2020-05-27,2020
301413,安培龙,7109999999.999999,仪器仪表,71.1,MID,2023-12-15,2023
603219,富佳股份,7113000000.0,清洁小家电,71.13,MID,2021-11-19,2021
002546,新联电子,7114000000.0,电工仪器仪表,71.14,MID,2011-06-01,2011
603608,天创时尚,7115000000.000001,鞋帽及其他,71.15,MID,2016-06-22,2016
605011,杭州热电,7130000000.0,热力服务,71.3,MID,2021-06-29,2021
605100,华丰股份,7137000000.0,金属制品,71.37,MID,2020-08-10,2020
002108,沧州明珠,7138000000.0,其他塑料制品,71.38,MID,2007-04-30,2007
600724,宁波富达,7139000000.0,房产租赁经纪,71.39,MID,2000-09-26,2000
002104,恒宝股份,7140000000.000001,通信终端及配件,71.4,MID,2007-04-26,2007
002471,中超控股,7145000000.0,线缆部件及其他,71.45,MID,2011-03-14,2011
003039,顺控发展,7151000000.000001,水务及水治理,71.51,MID,2021-03-12,2021
000544,中原环保,7164000000.0,水务及水治理,71.64,MID,2000-11-07,2000
600771,广誉远,7166000000.0,中药Ⅲ,71.66,MID,2001-02-08,2001
300109,新开源,7176000000.000001,其他化学制品,71.76,MID,2012-02-14,2012
002448,中原内配,7184000000.0,底盘与发动机系统,71.84,MID,2010-08-02,2010
000722,湖南发展,7193000000.000001,水力发电,71.93,MID,2002-11-25,2002
600125,铁龙物流,7193000000.000001,铁路运输,71.93,MID,2000-04-04,2000
000751,锌业股份,7206000000.0,铅锌,72.06,MID,2002-02-05,2002
300783,三只松鼠,7206000000.0,零食,72.06,MID,2019-07-11,2019
601579,会稽山,7211000000.0,其他酒类,72.11,MID,2014-09-24,2014
301280,珠城科技,7219000000.0,家电零部件Ⅲ,72.19,MID,2022-12-23,2022
603223,恒通股份,7220999999.999999,油品石化贸易,72.21,MID,2015-07-16,2015
600557,康缘药业,7223999999.999999,中药Ⅲ,72.24,MID,2002-12-25,2002
600251,冠农股份,7226000000.000001,果蔬加工,72.26,MID,2003-10-30,2003
002434,万里扬,7231999999.999999,底盘与发动机系统,72.32,MID,2011-01-21,2011
301069,凯盛新材,7233000000.0,其他化学原料,72.33,MID,2021-09-24,2021
600610,中毅达,7242000000.0,其他化学原料,72.42,MID,2004-02-02,2004
301535,浙江华远,7243000000.000001,其他汽车零部件,72.43,MID,2025-03-26,2025
600657,信达地产,7244000000.0,住宅开发,72.44,MID,2001-08-15,2001
001285,瑞立科密,7248999999.999999,汽车电子电气系统,72.49,MID,2025-09-30,2025
600117,西宁特钢,7259000000.0,特钢Ⅲ,72.59,MID,2000-08-31,2000
300834,星辉环材,7264000000.0,改性塑料,72.64,MID,2022-01-12,2022
600059,古越龙山,7265000000.000001,其他酒类,72.65,MID,2000-04-04,2000
603995,甬金股份,7265000000.000001,特钢Ⅲ,72.65,MID,2019-12-23,2019
301680,固德电材,7278000000.0,底盘与发动机系统,72.78,MID,2026-03-05,2026
002219,新里程,7284000000.0,医院,72.84,MID,2010-03-03,2010
603123,翠微股份,7284000000.0,金融信息服务,72.84,MID,2012-08-24,2012
002346,柘中股份,7286000000.0,配电设备,72.86,MID,2010-11-18,2010
603626,科森科技,7291000000.0,消费电子零部件及组装,72.91,MID,2017-02-08,2017
000030,富奥股份,7292000000.0,底盘与发动机系统,72.92,MID,2003-07-28,2003
000402,金 融 街,7293000000.000001,商业地产,72.93,MID,2000-05-15,2000
300222,科大智能,7306000000.0,电网自动化设备,73.06,MID,2012-09-12,2012
300959,线上线下,7314000000.0,通信应用增值服务,73.14,MID,2021-03-26,2021
300151,昌红科技,7317000000.0,其他专用设备,73.17,MID,2011-05-18,2011
301228,实朴检测,7334000000.0,检测服务,73.34,MID,2022-01-27,2022
002034,旺能环境,7337000000.0,固废治理,73.37,MID,2005-06-17,2005
600736,苏州高新,7345000000.0,住宅开发,73.45,MID,2000-10-12,2000
603050,科林电气,7348000000.0,电网自动化设备,73.48,MID,2017-04-14,2017
000928,中钢国际,7359999999.999999,国际工程,73.6,MID,2000-10-23,2000
301179,泽宇智能,7359999999.999999,电网自动化设备,73.6,MID,2021-12-07,2021
600846,同济科技,7359999999.999999,工程咨询服务Ⅲ,73.6,MID,2000-04-11,2000
605007,五洲特纸,7359999999.999999,特种纸,73.6,MID,2020-11-09,2020
300416,苏试试验,7364000000.0,检测服务,73.64,MID,2015-02-03,2015
603075,热威股份,7380000000.0,家电零部件Ⅲ,73.8,MID,2023-09-08,2023
000059,华锦股份,7389000000.0,炼油化工,73.89,MID,2000-09-29,2000
301487,盟固利,7400000000.0,电池化学品,74.0,MID,2023-08-08,2023
300252,金信诺,7403000000.0,军工电子Ⅲ,74.03,MID,2012-03-23,2012
300893,松原安全,7412000000.0,车身附件及饰件,74.12,MID,2020-09-23,2020
300506,名家汇,7413000000.0,装修装饰Ⅲ,74.13,MID,2016-04-29,2016
001382,新亚电缆,7423999999.999999,线缆部件及其他,74.24,MID,2025-03-20,2025
002605,姚记科技,7423999999.999999,游戏Ⅲ,74.24,MID,2012-04-10,2012
300119,瑞普生物,7427000000.0,动物保健Ⅲ,74.27,MID,2010-11-26,2010
301050,雷电微力,7434999999.999999,军工电子Ⅲ,74.35,MID,2021-08-23,2021
600682,南京新百,7452000000.0,综合Ⅲ,74.52,MID,2002-01-28,2002
300327,中颖电子,7459000000.0,数字芯片设计,74.59,MID,2012-06-19,2012
601908,京运通,7461000000.0,光伏发电,74.61,MID,2011-10-12,2011
002759,天际股份,7466000000.0,电池化学品,74.66,MID,2015-09-21,2015
300348,长亮科技,7466000000.0,垂直应用软件,74.66,MID,2013-05-16,2013
001323,慕思股份,7470000000.0,成品家居,74.7,MID,2022-06-22,2022
002785,万里石,7478000000.0,其他建材Ⅲ,74.78,MID,2015-12-30,2015
300180,华峰超纤,7484999999.999999,其他塑料制品,74.85,MID,2011-10-26,2011
300739,明阳电路,7498999999.999999,印制电路板,74.99,MID,2018-01-31,2018
603257,中国瑞林,7504000000.000001,工程咨询服务Ⅲ,75.04,MID,2025-04-07,2025
002041,登海种业,7506000000.0,种子,75.06,MID,2005-07-05,2005
002386,天原股份,7511000000.0,氯碱,75.11,MID,2010-06-17,2010
300641,正丹股份,7526000000.000001,其他化学制品,75.26,MID,2017-04-24,2017
301631,壹连科技,7527000000.0,汽车电子电气系统,75.27,MID,2024-11-21,2024
002110,三钢闽光,7530000000.0,长材,75.3,MID,2008-04-21,2008
002127,南极电商,7536000000.0,电商服务,75.36,MID,2008-09-17,2008
300926,博俊科技,7536000000.0,其他汽车零部件,75.36,MID,2021-01-06,2021
603416,信捷电气,7538000000.0,机器人,75.38,MID,2016-12-20,2016
600917,重庆燃气,7540000000.000001,燃气Ⅲ,75.4,MID,2014-10-13,2014
002943,宇晶股份,7541000000.0,机床工具,75.41,MID,2018-12-19,2018
301323,新莱福,7545999999.999999,磁性材料,75.46,MID,2023-06-19,2023
603680,今创集团,7547000000.0,轨交设备Ⅲ,75.47,MID,2018-02-26,2018
300127,银河磁体,7548999999.999999,磁性材料,75.49,MID,2010-10-29,2010
300322,硕贝德,7572000000.0,消费电子零部件及组装,75.72,MID,2013-07-04,2013
002150,正泰电源,7575000000.0,金属制品,75.75,MID,2007-12-13,2007
603580,艾艾精工,7575000000.0,其他塑料制品,75.75,MID,2017-06-06,2017
601595,上海电影,7575000000.0,影视动漫制作,75.75,MID,2016-08-16,2016
603181,皇马科技,7577000000.0,其他化学制品,75.77,MID,2017-08-23,2017
001236,弘业期货,7578000000.0,期货,75.78,MID,2022-08-04,2022
300378,鼎捷数智,7579000000.000001,横向通用软件,75.79,MID,2014-02-07,2014
603112,华翔股份,7581000000.0,家电零部件Ⅲ,75.81,MID,2020-09-16,2020
603363,傲农生物,7592000000.0,畜禽饲料,75.92,MID,2017-09-27,2017
000712,锦龙股份,7598000000.0,证券Ⅲ,75.98,MID,2001-07-24,2001
000541,佛山照明,7602000000.0,照明设备Ⅲ,76.02,MID,2000-06-20,2000
600746,江苏索普,7603000000.0,煤化工,76.03,MID,2000-08-11,2000
603055,台华新材,7603000000.0,其他纺织,76.03,MID,2017-09-20,2017
601686,友发集团,7604000000.000001,钢铁管材,76.04,MID,2020-12-03,2020
002941,新疆交建,7611000000.0,基建市政工程,76.11,MID,2018-11-27,2018
300337,银邦股份,7611000000.0,铝,76.11,MID,2012-10-16,2012
600055,万东医疗,7628000000.0,医疗设备,76.28,MID,2000-12-04,2000
002350,北京科锐,7631000000.0,配电设备,76.31,MID,2010-04-19,2010
002971,和远气体,7634999999.999999,其他化学制品,76.35,MID,2020-01-10,2020
002730,电光科技,7640000000.000001,能源及重型设备,76.4,MID,2015-04-22,2015
600305,恒顺醋业,7644000000.0,调味发酵品Ⅲ,76.44,MID,2001-05-14,2001
002036,联创电子,7645999999.999999,光学元件,76.46,MID,2005-05-20,2005
600335,国机汽车,7645999999.999999,汽车经销商,76.46,MID,2002-07-29,2002
002030,达安基因,7648999999.999999,体外诊断,76.49,MID,2005-01-13,2005
000650,仁和药业,7658000000.0,中药Ⅲ,76.58,MID,2001-07-09,2001
301580,爱迪特,7665000000.000001,医疗耗材,76.65,MID,2024-06-26,2024
600861,北京人力,7676000000.000001,人力资源服务,76.76,MID,2000-05-10,2000
600866,星湖科技,7676000000.000001,食品及饲料添加剂,76.76,MID,2001-04-11,2001
002516,旷达科技,7678000000.0,车身附件及饰件,76.78,MID,2011-02-14,2011
301246,宏源药业,7680000000.0,原料药,76.8,MID,2023-03-17,2023
002097,山河智能,7684000000.0,工程机械整机,76.84,MID,2007-07-03,2007
002955,鸿合科技,7691000000.0,面板,76.91,MID,2019-05-28,2019
002125,湘潭电化,7693000000.000001,电池化学品,76.93,MID,2007-11-15,2007
605222,起帆电缆,7697000000.0,线缆部件及其他,76.97,MID,2020-07-30,2020
300842,帝科股份,7706000000.0,光伏辅材,77.06,MID,2020-07-03,2020
000989,九芝堂,7712000000.0,中药Ⅲ,77.12,MID,2001-02-28,2001
600789,鲁抗医药,7714000000.0,化学制剂,77.14,MID,2000-04-18,2000
300294,博雅生物,7715000000.000001,血液制品,77.15,MID,2012-11-16,2012
002017,东信和平,7720000000.0,通信终端及配件,77.2,MID,2004-11-10,2004
000498,山东路桥,7762000000.0,基建市政工程,77.62,MID,2005-07-20,2005
002275,桂林三金,7768000000.000001,中药Ⅲ,77.68,MID,2009-07-23,2009
603477,巨星农牧,7770999999.999999,生猪养殖,77.71,MID,2018-01-02,2018
301175,中科环保,7772000000.0,固废治理,77.72,MID,2022-07-07,2022
603163,圣晖集成,7772000000.0,其他专业工程,77.72,MID,2022-10-12,2022
603262,技源集团,7772000000.0,保健品,77.72,MID,2025-07-22,2025
300486,东杰智能,7773000000.0,其他自动化设备,77.73,MID,2016-02-04,2016
003009,中天火箭,7775000000.0,航天装备Ⅲ,77.75,MID,2020-09-24,2020
301565,中仑新材,7776000000.000001,膜材料,77.76,MID,2024-06-19,2024
002833,弘亚数控,7783000000.0,其他专用设备,77.83,MID,2016-12-27,2016
002212,天融信,7784000000.0,横向通用软件,77.84,MID,2009-03-18,2009
600841,动力新科,7786000000.0,底盘与发动机系统,77.86,MID,2000-09-27,2000
603919,金徽酒,7786000000.0,白酒Ⅲ,77.86,MID,2016-04-14,2016
605333,沪光股份,7787000000.0,汽车电子电气系统,77.87,MID,2020-08-17,2020
301559,中集环科,7788000000.0,金属制品,77.88,MID,2023-10-10,2023
603279,景津装备,7793000000.000001,其他通用设备,77.93,MID,2019-07-26,2019
605008,长鸿高科,7803000000.0,其他塑料制品,78.03,MID,2020-09-02,2020
603053,成都燃气,7804000000.000001,燃气Ⅲ,78.04,MID,2019-12-16,2019
000823,超声电子,7806000000.0,印制电路板,78.06,MID,2000-03-27,2000
600587,新华医疗,7820000000.0,医疗设备,78.2,MID,2003-07-21,2003
600075,新疆天业,7822000000.0,氯碱,78.22,MID,2001-01-05,2001
300997,欢乐家,7830000000.0,软饮料,78.3,MID,2021-06-01,2021
001237,惠康科技,7840000000.000001,制冷空调设备,78.4,MID,2026-05-21,2026
301617,博苑新材,7844000000.0,其他化学制品,78.44,MID,2024-12-10,2024
301376,致欧科技,7848000000.0,成品家居,78.48,MID,2023-06-20,2023
301327,华宝新能,7851000000.000001,锂电池,78.51,MID,2022-09-16,2022
002119,002119,7858000000.0,半导体材料,78.58,MID,2007-09-13,2007
002681,奋达科技,7861000000.0,消费电子零部件及组装,78.61,MID,2013-01-17,2013
603319,美湖股份,7861000000.0,底盘与发动机系统,78.61,MID,2016-11-29,2016
300499,高澜股份,7875000000.0,其他专用设备,78.75,MID,2016-02-01,2016
300770,新媒股份,7876000000.000001,电视广播Ⅲ,78.76,MID,2019-04-18,2019
300741,华宝股份,7877000000.0,食品及饲料添加剂,78.77,MID,2018-02-28,2018
003013,地铁设计,7879000000.000001,工程咨询服务Ⅲ,78.79,MID,2020-11-04,2020
300482,万孚生物,7897000000.0,体外诊断,78.97,MID,2015-07-10,2015
603043,广州酒家,7902000000.0,烘焙食品,79.02,MID,2017-06-26,2017
605319,无锡振华,7902000000.0,其他汽车零部件,79.02,MID,2021-06-16,2021
605116,奥锐特,7904000000.000001,原料药,79.04,MID,2020-09-18,2020
301366,一博科技,7914000000.0,印制电路板,79.14,MID,2022-09-23,2022
002827,高争民爆,7920999999.999999,民爆制品,79.21,MID,2016-12-08,2016
300098,高新兴,7923999999.999999,通信网络设备及器件,79.24,MID,2011-06-22,2011
603033,三维股份,7950000000.0,其他橡胶制品,79.5,MID,2017-03-28,2017
002651,利君股份,7958000000.0,航空装备Ⅲ,79.58,MID,2012-03-16,2012
002075,沙钢股份,7964000000.0,特钢Ⅲ,79.64,MID,2010-09-20,2010
300145,南方泵业,7969000000.0,其他通用设备,79.69,MID,2011-07-26,2011
000058,深 赛 格,7978000000.0,商业物业经营,79.78,MID,2002-03-20,2002
300042,朗科科技,7980000000.0,其他计算机设备,79.8,MID,2010-02-25,2010
300031,宝通科技,7990000000.000001,游戏Ⅲ,79.9,MID,2010-07-21,2010
600604,市北高新,7998999999.999999,产业地产,79.99,MID,2000-12-12,2000
002277,友阿股份,8003000000.0,百货,80.03,MID,2009-09-02,2009
002737,葵花药业,8012000000.0,中药Ⅲ,80.12,MID,2014-12-29,2014
600973,宝胜股份,8022000000.0,线缆部件及其他,80.22,MID,2005-04-12,2005
601929,吉视传媒,8027000000.0,电视广播Ⅲ,80.27,MID,2012-03-07,2012
003010,若羽臣,8034999999.999999,电商服务,80.35,MID,2020-09-24,2020
000860,顺鑫农业,8041000000.0,白酒Ⅲ,80.41,MID,2000-06-06,2000
001233,海安集团,8059999999.999999,轮胎轮毂,80.6,MID,2025-11-24,2025
301328,维峰电子,8063000000.0,其他电子Ⅲ,80.63,MID,2022-09-07,2022
600556,天下秀,8063000000.0,营销代理,80.63,MID,2008-06-24,2008
600054,黄山旅游,8073999999.999999,自然景区,80.74,MID,2000-04-19,2000
301248,杰创智能,8080000000.0,IT服务Ⅲ,80.8,MID,2022-04-19,2022
603227,雪峰科技,8091000000.0,民爆制品,80.91,MID,2015-08-06,2015
300101,振芯科技,8098000000.0,军工电子Ⅲ,80.98,MID,2010-12-13,2010
603399,永杉锂业,8098999999.999999,锂,80.99,MID,2013-07-12,2013
301607,富特科技,8098999999.999999,汽车电子电气系统,80.99,MID,2024-09-03,2024
002267,陕天然气,8106999999.999999,燃气Ⅲ,81.07,MID,2008-09-01,2008
301662,宏工科技,8120999999.999999,锂电专用设备,81.21,MID,2025-04-16,2025
600399,抚顺特钢,8145000000.0,特钢Ⅲ,81.45,MID,2002-04-24,2002
002190,成飞集成,8154000000.000001,其他汽车零部件,81.54,MID,2009-01-05,2009
600502,安徽建工,8154000000.000001,基建市政工程,81.54,MID,2004-02-03,2004
603496,恒为科技,8159000000.0,其他计算机设备,81.59,MID,2017-06-19,2017
600935,华塑股份,8159999999.999999,氯碱,81.6,MID,2021-11-25,2021
300072,海新能科,8177000000.0,其他化学制品,81.77,MID,2010-08-05,2010
002818,富森美,8181000000.0,商业物业经营,81.81,MID,2016-11-08,2016
603125,常青科技,8181999999.999999,其他化学制品,81.82,MID,2023-04-07,2023
002079,苏州固锝,8184999999.999999,电池化学品,81.85,MID,2007-03-12,2007
601890,亚星锚链,8193000000.000001,航海装备Ⅲ,81.93,MID,2011-01-05,2011
601089,福元医药,8198000000.0,化学制剂,81.98,MID,2022-06-29,2022
000885,城发环境,8198999999.999999,固废治理,81.99,MID,2002-02-25,2002
603809,豪能股份,8200000000.0,底盘与发动机系统,82.0,MID,2017-11-27,2017
002928,华夏航空,8219000000.0,航空运输,82.19,MID,2018-03-01,2018
603890,春秋电子,8222000000.0,消费电子零部件及组装,82.22,MID,2017-12-11,2017
300005,探路者,8227000000.0,运动服装,82.27,MID,2010-03-08,2010
000818,航锦科技,8230000000.0,氯碱,82.3,MID,2002-04-18,2002
600812,华北制药,8236000000.0,化学制剂,82.36,MID,2000-05-23,2000
600693,东百集团,8237000000.0,百货,82.37,MID,2000-05-30,2000
002960,青鸟智控,8240000000.000001,楼宇设备,82.4,MID,2019-08-08,2019
600654,中安科,8252000000.0,垂直应用软件,82.52,MID,2002-05-31,2002
301551,无线传媒,8256000000.0,电视广播Ⅲ,82.56,MID,2024-09-25,2024
600481,双良节能,8256999999.999999,硅料硅片,82.57,MID,2004-02-05,2004
002121,科陆电子,8262000000.0,电工仪器仪表,82.62,MID,2007-12-28,2007
301091,深城交,8262000000.0,工程咨询服务Ⅲ,82.62,MID,2021-10-28,2021
603196,璞源材料,8265000000.000001,非运动服装,82.65,MID,2017-06-27,2017
000980,众泰汽车,8270000000.0,汽车电子电气系统,82.7,MID,2001-07-12,2001
300045,华力创通,8283000000.0,军工电子Ⅲ,82.83,MID,2010-04-13,2010
300483,首华燃气,8284000000.0,燃气Ⅲ,82.84,MID,2015-10-28,2015
300633,开立医疗,8289000000.0,医疗设备,82.89,MID,2017-04-05,2017
300766,每日互动,8290000000.000001,横向通用软件,82.9,MID,2019-03-22,2019
301262,海看股份,8298000000.0,营销代理,82.98,MID,2023-06-19,2023
002572,索菲亚,8301000000.000001,定制家居,83.01,MID,2011-05-30,2011
600640,国脉文化,8311000000.0,营销代理,83.11,MID,2000-10-31,2000
002533,金杯电工,8323000000.0,线缆部件及其他,83.23,MID,2011-02-17,2011
603936,博敏电子,8325000000.0,印制电路板,83.25,MID,2016-05-04,2016
600996,贵广网络,8329000000.000001,电视广播Ⅲ,83.29,MID,2016-12-27,2016
300740,水羊股份,8331999999.999999,品牌化妆品,83.32,MID,2018-07-11,2018
002803,吉宏股份,8343000000.000001,跨境电商,83.43,MID,2016-09-29,2016
300634,彩讯股份,8343000000.000001,IT服务Ⅲ,83.43,MID,2018-03-22,2018
301047,义翘神州,8359999999.999999,其他生物制品,83.6,MID,2021-08-13,2021
600686,金龙汽车,8361000000.0,商用载客车,83.61,MID,2000-08-30,2000
002243,力合科创,8365000000.000001,化妆品制造及其他,83.65,MID,2008-07-17,2008
603072,天和磁材,8375000000.0,磁性材料,83.75,MID,2025-01-02,2025
002332,仙琚制药,8379000000.000001,原料药,83.79,MID,2010-02-24,2010
000533,顺钠股份,8380000000.0,输变电设备,83.8,MID,2001-03-07,2001
300687,赛意信息,8384999999.999999,IT服务Ⅲ,83.85,MID,2017-08-16,2017
600567,山鹰国际,8389000000.0,大宗用纸,83.89,MID,2002-07-04,2002
300053,航宇微,8397000000.0,数字芯片设计,83.97,MID,2010-11-08,2010
603612,索通发展,8418000000.000001,非金属材料Ⅲ,84.18,MID,2017-08-01,2017
600017,日照港,8427000000.0,港口,84.27,MID,2006-12-11,2006
002626,金达威,8434999999.999999,保健品,84.35,MID,2012-03-16,2012
300129,泰胜风能,8438000000.0,风电零部件,84.38,MID,2010-12-22,2010
002985,北摩高科,8445999999.999999,航空装备Ⅲ,84.46,MID,2020-04-28,2020
002580,圣阳股份,8447000000.0,蓄电池及其他电池,84.47,MID,2011-12-29,2011
301099,雅创电子,8458000000.0,其他电子Ⅲ,84.58,MID,2021-11-19,2021
603418,友升股份,8458000000.0,车身附件及饰件,84.58,MID,2025-09-22,2025
301522,上大股份,8459999999.999999,其他金属新材料,84.6,MID,2024-10-15,2024
603248,锡华科技,8464000000.0,风电零部件,84.64,MID,2025-12-22,2025
603202,天有为,8470000000.0,汽车电子电气系统,84.7,MID,2025-04-23,2025
605305,中际联合,8480000000.0,工程机械整机,84.8,MID,2021-04-30,2021
605006,山东玻纤,8490000000.000001,玻纤制造,84.9,MID,2020-09-02,2020
301080,百普赛斯,8493000000.000001,其他生物制品,84.93,MID,2021-10-15,2021
300363,博腾股份,8494000000.0,医疗研发外包,84.94,MID,2014-07-16,2014
300444,双杰电气,8497000000.0,输变电设备,84.97,MID,2015-09-24,2015
002970,锐明技术,8498000000.0,其他计算机设备,84.98,MID,2019-12-16,2019
002882,金龙羽,8506000000.0,线缆部件及其他,85.06,MID,2017-07-14,2017
002039,黔源电力,8508000000.0,水力发电,85.08,MID,2005-06-29,2005
300328,宜安科技,8513000000.0,铝,85.13,MID,2012-08-09,2012
603538,美诺华,8519000000.0,原料药,85.19,MID,2017-07-21,2017
600478,科力远,8520000000.0,锂电池,85.2,MID,2004-10-28,2004
600997,开滦股份,8526000000.000001,焦炭Ⅲ,85.26,MID,2004-11-16,2004
605298,必得科技,8540000000.000001,轨交设备Ⅲ,85.4,MID,2021-02-26,2021
603915,国茂股份,8542000000.0,金属制品,85.42,MID,2019-06-13,2019
301630,同宇新材,8545999999.999999,仪器仪表,85.46,MID,2025-07-09,2025
002515,金字火腿,8547000000.0,肉制品,85.47,MID,2011-12-19,2011
300790,宇瞳光学,8558000000.0,安防设备,85.58,MID,2019-09-19,2019
301373,凌玮科技,8570999999.999999,其他化学制品,85.71,MID,2023-02-07,2023
002392,北京利尔,8572000000.0,耐火材料,85.72,MID,2010-11-26,2010
600266,城建发展,8573000000.0,住宅开发,85.73,MID,2000-05-16,2000
300938,信测标准,8583000000.0,检测服务,85.83,MID,2021-01-26,2021
600020,中原高速,8584999999.999999,高速公路,85.85,MID,2003-12-09,2003
603271,永杰新材,8587000000.0,铝,85.87,MID,2025-03-10,2025
603013,亚普股份,8589000000.0,底盘与发动机系统,85.89,MID,2018-05-08,2018
600162,香江控股,8596000000.0,住宅开发,85.96,MID,2000-11-01,2000
002004,华邦健康,8613000000.0,化学制剂,86.13,MID,2005-06-06,2005
002115,三维通信,8614000000.0,通信工程及服务,86.14,MID,2007-12-12,2007
002713,东易日盛,8620000000.0,装修装饰Ⅲ,86.2,MID,2014-04-17,2014
600936,北投科技,8622000000.0,IT服务Ⅲ,86.22,MID,2016-08-12,2016
002655,共达电声,8626000000.0,消费电子零部件及组装,86.26,MID,2013-01-07,2013
300382,斯莱克,8630000000.0,其他专用设备,86.3,MID,2014-02-20,2014
002169,智光电气,8633000000.0,电网自动化设备,86.33,MID,2008-02-13,2008
600129,太极集团,8635000000.0,中药Ⅲ,86.35,MID,2000-11-24,2000
002426,胜利精密,8643000000.0,消费电子零部件及组装,86.43,MID,2011-10-20,2011
000930,中粮科技,8651000000.0,其他农产品加工,86.51,MID,2000-12-04,2000
000536,华映科技,8658000000.0,面板,86.58,MID,2004-02-04,2004
603508,思维列控,8666000000.0,安防设备,86.66,MID,2016-05-12,2016
002488,金固股份,8680000000.0,轮胎轮毂,86.8,MID,2010-12-06,2010
600508,上海能源,8681000000.0,焦煤,86.81,MID,2001-11-07,2001
002368,太极股份,8682000000.0,IT服务Ⅲ,86.82,MID,2011-02-21,2011
002221,东华能源,8684000000.0,其他石化,86.84,MID,2008-06-02,2008
002965,祥鑫科技,8710000000.0,其他汽车零部件,87.1,MID,2019-10-24,2019
300863,卡倍亿,8710000000.0,汽车电子电气系统,87.1,MID,2020-08-21,2020
301421,波长光电,8714000000.0,光学元件,87.14,MID,2023-08-22,2023
600133,东湖高新,8722000000.0,综合环境治理,87.22,MID,2001-08-13,2001
600751,海航科技,8727000000.0,航运,87.27,MID,2002-10-30,2002
600874,创业环保,8732000000.0,水务及水治理,87.32,MID,2000-05-12,2000
301013,利和兴,8740000000.0,其他专用设备,87.4,MID,2021-06-28,2021
600645,中源协和,8741000000.0,其他生物制品,87.41,MID,2002-01-11,2002
600389,江山股份,8751000000.0,农药,87.51,MID,2001-11-21,2001
603169,兰石重装,8752000000.0,能源及重型设备,87.52,MID,2015-03-04,2015
603011,合锻智能,8756000000.0,其他专用设备,87.56,MID,2015-04-02,2015
002550,千红制药,8779000000.0,化学制剂,87.79,MID,2011-02-25,2011
000006,深振业Ａ,8788000000.0,住宅开发,87.88,MID,2000-11-07,2000
301357,北方长龙,8792000000.0,地面兵装Ⅲ,87.92,MID,2023-05-04,2023
002053,云南能投,8793000000.0,风力发电,87.93,MID,2008-04-17,2008
000829,天音控股,8795000000.0,专业连锁Ⅲ,87.95,MID,2001-11-15,2001
600775,南京熊猫,8800000000.0,通信终端及配件,88.0,MID,2000-09-15,2000
002361,神剑股份,8807000000.0,合成树脂,88.07,MID,2010-08-02,2010
002937,兴瑞科技,8814000000.0,汽车电子电气系统,88.14,MID,2018-09-25,2018
603360,百傲化学,8821000000.0,农药,88.21,MID,2017-02-03,2017
600929,雪天盐业,8824000000.0,无机盐,88.24,MID,2018-03-30,2018
301021,英诺激光,8830000000.0,激光设备,88.3,MID,2021-07-05,2021
603103,横店影视,8841000000.0,院线,88.41,MID,2017-10-11,2017
301127,武汉天源,8844000000.0,水务及水治理,88.44,MID,2021-12-29,2021
300298,三诺生物,8848000000.0,医疗设备,88.48,MID,2013-01-30,2013
002099,海翔药业,8854000000.0,原料药,88.54,MID,2007-11-12,2007
301584,建发致新,8855000000.0,医药流通,88.55,MID,2025-09-24,2025
001208,华菱线缆,8860000000.0,线缆部件及其他,88.6,MID,2021-06-23,2021
603712,七一二,8878000000.0,军工电子Ⅲ,88.78,MID,2018-02-28,2018
301177,迪阿股份,8878000000.0,钟表珠宝,88.78,MID,2021-12-14,2021
603299,苏盐井神,8889000000.0,无机盐,88.89,MID,2016-06-30,2016
002289,宇顺电子,8890000000.0,面板,88.9,MID,2011-07-20,2011
600094,大名城,8905000000.0,住宅开发,89.05,MID,2004-01-29,2004
605060,联德股份,8907000000.0,其他通用设备,89.07,MID,2021-02-26,2021
300596,利安隆,8909000000.0,其他化学制品,89.09,MID,2017-02-08,2017
300725,药石科技,8910000000.0,医疗研发外包,89.1,MID,2017-11-16,2017
300191,潜能恒信,8918000000.0,油气及炼化工程,89.18,MID,2011-08-08,2011
301566,达利凯普,8920000000.0,被动元件,89.2,MID,2023-12-28,2023
003043,华亚智能,8923000000.0,半导体设备,89.23,MID,2021-04-12,2021
603193,润本股份,8929000000.0,洗护用品,89.29,MID,2023-10-16,2023
002233,塔牌集团,8935000000.0,水泥制造,89.35,MID,2008-08-05,2008
002565,顺灏股份,8946000000.0,纸包装,89.46,MID,2011-07-07,2011
002239,奥特佳,8963000000.0,汽车电子电气系统,89.63,MID,2010-07-21,2010
000922,佳电股份,8974000000.0,电机Ⅲ,89.74,MID,2000-12-25,2000
002585,双星新材,8982000000.0,膜材料,89.82,MID,2011-06-16,2011
300263,隆华科技,8994000000.0,其他通用设备,89.94,MID,2012-04-10,2012
300188,国投智能,8999000000.0,垂直应用软件,89.99,MID,2011-08-11,2011
301529,福赛科技,9000000000.0,车身附件及饰件,90.0,MID,2023-09-08,2023
603052,可川科技,9004000000.0,消费电子零部件及组装,90.04,LARGE,2022-10-10,2022
603327,福蓉科技,9012000000.0,消费电子零部件及组装,90.12,LARGE,2019-05-22,2019
600666,奥瑞德,9024000000.0,面板,90.24,LARGE,2002-02-27,2002
600185,珠免集团,9029000000.0,旅游零售Ⅲ,90.29,LARGE,2000-08-11,2000
000676,智度股份,9033000000.0,营销代理,90.33,LARGE,2001-06-27,2001
603533,掌阅科技,9037000000.0,文字媒体,90.37,LARGE,2017-09-22,2017
002173,创新医疗,9038000000.0,医院,90.38,LARGE,2008-06-26,2008
002635,安洁科技,9038000000.0,消费电子零部件及组装,90.38,LARGE,2012-05-02,2012
000848,承德露露,9047000000.0,软饮料,90.47,LARGE,2000-05-24,2000
300276,三丰智能,9051000000.0,机器人,90.51,LARGE,2012-06-13,2012
301188,力诺药包,9080000000.0,医疗耗材,90.8,LARGE,2021-11-10,2021
603328,依顿电子,9086000000.0,印制电路板,90.86,LARGE,2014-07-04,2014
300624,万兴科技,9091000000.0,横向通用软件,90.91,LARGE,2018-01-31,2018
600729,重百集团,9095000000.0,多业态零售,90.95,LARGE,2001-06-11,2001
002351,漫步者,9096000000.0,品牌消费电子,90.96,LARGE,2010-03-26,2010
301191,菲菱科思,9099000000.0,通信终端及配件,90.99,LARGE,2022-05-25,2022
605123,派克新材,9111000000.0,航空装备Ⅲ,91.11,LARGE,2020-08-24,2020
603601,再升科技,9139000000.0,其他专业工程,91.39,LARGE,2015-04-20,2015
300497,富祥股份,9141000000.0,原料药,91.41,LARGE,2015-12-21,2015
600307,酒钢宏兴,9145000000.0,板材,91.45,LARGE,2001-05-17,2001
605318,法狮龙,9146000000.0,其他建材Ⅲ,91.46,LARGE,2020-08-03,2020
002215,诺 普 信,9149000000.0,农药,91.49,LARGE,2008-06-13,2008
301458,钧崴电子,9149000000.0,被动元件,91.49,LARGE,2025-01-09,2025
600198,大唐电信,9151000000.0,通信终端及配件,91.51,LARGE,2001-03-15,2001
002549,凯美特气,9165000000.0,其他化学制品,91.65,LARGE,2011-07-29,2011
600273,嘉化能源,9179000000.0,其他化学制品,91.79,LARGE,2004-07-16,2004
301600,慧翰股份,9187000000.0,其他计算机设备,91.87,LARGE,2024-09-10,2024
603303,得邦照明,9191000000.0,照明设备Ⅲ,91.91,LARGE,2017-03-29,2017
300846,首都在线,9193000000.0,IT服务Ⅲ,91.93,LARGE,2020-06-30,2020
300304,云意电气,9203000000.0,汽车电子电气系统,92.03,LARGE,2012-05-02,2012
002961,瑞达期货,9214000000.0,期货,92.14,LARGE,2019-09-04,2019
300772,运达股份,9214000000.0,风电整机,92.14,LARGE,2019-05-08,2019
000420,吉林化纤,9221000000.0,粘胶,92.21,LARGE,2000-07-19,2000
600782,新钢股份,9234000000.0,板材,92.34,LARGE,2000-09-29,2000
002283,天润工业,9241000000.0,底盘与发动机系统,92.41,LARGE,2010-04-07,2010
600649,城投控股,9242000000.0,住宅开发,92.42,LARGE,2001-12-10,2001
600740,山西焦化,9249000000.0,焦炭Ⅲ,92.49,LARGE,2000-11-28,2000
002062,宏润建设,9267000000.0,基建市政工程,92.67,LARGE,2006-11-16,2006
600326,西藏天路,9278000000.0,水泥制造,92.78,LARGE,2001-05-15,2001
603583,捷昌驱动,9278000000.0,工控设备,92.78,LARGE,2018-09-20,2018
002297,博云新材,9284000000.0,航空装备Ⅲ,92.84,LARGE,2010-10-13,2010
002511,中顺洁柔,9288000000.0,生活用纸,92.88,LARGE,2011-01-26,2011
301216,万凯新材,9289000000.0,其他塑料制品,92.89,LARGE,2022-03-28,2022
002639,雪人集团,9293000000.0,制冷空调设备,92.93,LARGE,2012-10-18,2012
000950,重药控股,9300000000.0,医药流通,93.0,LARGE,2002-11-11,2002
600391,航发科技,9303000000.0,航空装备Ⅲ,93.03,LARGE,2002-04-24,2002
301155,海力风电,9313000000.0,风电零部件,93.13,LARGE,2021-11-23,2021
603057,紫燕食品,9319000000.0,熟食,93.19,LARGE,2022-09-23,2022
300171,东富龙,9320000000.0,医疗设备,93.2,LARGE,2011-02-18,2011
301090,华润材料,9335000000.0,其他塑料制品,93.35,LARGE,2021-10-25,2021
002705,新宝股份,9337000000.0,厨房小家电,93.37,LARGE,2014-01-20,2014
603100,川仪股份,9340000000.0,仪器仪表,93.4,LARGE,2014-09-26,2014
000795,英洛华,9343000000.0,磁性材料,93.43,LARGE,2000-11-28,2000
300159,新研股份,9345000000.0,农用机械,93.45,LARGE,2011-09-02,2011
601311,骆驼股份,9362000000.0,蓄电池及其他电池,93.62,LARGE,2011-07-07,2011
000510,新金路,9365000000.0,氯碱,93.65,LARGE,2000-11-14,2000
600851,海欣股份,9379000000.0,化学制剂,93.79,LARGE,2000-05-23,2000
600328,中盐化工,9384000000.0,无机盐,93.84,LARGE,2002-02-27,2002
000031,大悦城,9387000000.0,商业地产,93.87,LARGE,2001-04-03,2001
301078,孩子王,9396000000.0,专业连锁Ⅲ,93.96,LARGE,2021-10-13,2021
600971,恒源煤电,9396000000.0,焦煤,93.96,LARGE,2004-11-29,2004
000516,国际医学,9426000000.0,医院,94.26,LARGE,2001-02-07,2001
000700,模塑科技,9428000000.0,车身附件及饰件,94.28,LARGE,2000-09-25,2000
600360,华微电子,9430000000.0,分立器件,94.3,LARGE,2001-08-01,2001
300415,伊之密,9442000000.0,其他专用设备,94.42,LARGE,2015-02-04,2015
605016,百龙创园,9442000000.0,食品及饲料添加剂,94.42,LARGE,2021-04-20,2021
002293,罗莱生活,9452000000.0,家纺,94.52,LARGE,2009-10-30,2009
301381,赛维时代,9459000000.0,跨境电商,94.59,LARGE,2023-07-11,2023
603599,广信股份,9467000000.0,农药,94.67,LARGE,2015-05-20,2015
002345,潮宏基,9472000000.0,钟表珠宝,94.72,LARGE,2010-12-17,2010
300868,杰美特,9472000000.0,消费电子零部件及组装,94.72,LARGE,2020-08-21,2020
000837,秦川机床,9474000000.0,机床工具,94.74,LARGE,2000-07-19,2000
300035,中科电气,9479000000.0,电池化学品,94.79,LARGE,2010-07-20,2010
600210,紫江企业,9480000000.0,塑料包装,94.8,LARGE,2000-05-22,2000
603690,至纯科技,9486000000.0,半导体设备,94.86,LARGE,2017-06-06,2017
600037,歌华有线,9506000000.0,电视广播Ⅲ,95.06,LARGE,2001-06-01,2001
002181,粤 传 媒,9509000000.0,大众出版,95.09,LARGE,2008-05-12,2008
603039,泛微网络,9515000000.0,横向通用软件,95.15,LARGE,2017-04-28,2017
002931,锋龙股份,9516000000.0,金属制品,95.16,LARGE,2018-05-10,2018
600376,首开股份,9519000000.0,住宅开发,95.19,LARGE,2001-10-09,2001
000756,新华制药,9524000000.0,化学制剂,95.24,LARGE,2000-08-11,2000
603883,老百姓,9524000000.0,线下药店,95.24,LARGE,2015-09-02,2015
600611,大众交通,9527000000.0,公交,95.27,LARGE,2000-04-06,2000
000761,本钢板材,9531000000.0,板材,95.31,LARGE,2000-08-01,2000
000049,德赛电池,9543000000.0,锂电池,95.43,LARGE,2000-09-12,2000
002208,合肥城建,9543000000.0,住宅开发,95.43,LARGE,2008-05-23,2008
603185,弘元绿能,9543000000.0,光伏电池组件,95.43,LARGE,2018-12-27,2018
601860,紫金银行,9555000000.0,农商行Ⅲ,95.55,LARGE,2019-01-02,2019
001914,招商积余,9557000000.0,物业管理,95.57,LARGE,2000-11-22,2000
600184,光电股份,9557000000.0,地面兵装Ⅲ,95.57,LARGE,2004-06-24,2004
601200,上海环境,9572000000.0,固废治理,95.72,LARGE,2017-03-30,2017
600269,赣粤高速,9575000000.0,高速公路,95.75,LARGE,2000-09-26,2000
002338,奥普光电,9586000000.0,军工电子Ⅲ,95.86,LARGE,2010-04-12,2010
603859,能科科技,9588000000.0,IT服务Ⅲ,95.88,LARGE,2016-10-27,2016
603323,苏农银行,9592000000.0,农商行Ⅲ,95.92,LARGE,2016-11-28,2016
002061,浙江交科,9595000000.0,基建市政工程,95.95,LARGE,2007-09-06,2007
002100,天康生物,9598000000.0,畜禽饲料,95.98,LARGE,2007-10-31,2007
000048,京基智农,9602000000.0,生猪养殖,96.02,LARGE,2001-01-17,2001
301629,矽电股份,9604000000.0,半导体设备,96.04,LARGE,2025-03-21,2025
000917,电广传媒,9611000000.0,电视广播Ⅲ,96.11,LARGE,2001-08-31,2001
601528,瑞丰银行,9615000000.0,农商行Ⅲ,96.15,LARGE,2021-06-24,2021
002761,浙江建投,9619000000.0,房屋建设Ⅲ,96.19,LARGE,2015-10-28,2015
603376,大明电子,9620000000.0,汽车电子电气系统,96.2,LARGE,2025-11-05,2025
601828,美凯龙,9622000000.0,商业物业经营,96.22,LARGE,2018-01-24,2018
301658,首航新能,9625000000.0,逆变器,96.25,LARGE,2025-04-01,2025
002654,万润科技,9628000000.0,LED,96.28,LARGE,2013-06-20,2013
300976,达瑞电子,9641000000.0,消费电子零部件及组装,96.41,LARGE,2021-04-16,2021
301563,云汉芯城,9642000000.0,其他电子Ⅲ,96.42,LARGE,2025-09-29,2025
600597,光明乳业,9649000000.0,乳品,96.49,LARGE,2003-04-23,2003
000401,金隅冀东,9668000000.0,水泥制造,96.68,LARGE,2001-02-09,2001
603713,密尔克卫,9696000000.0,仓储物流,96.96,LARGE,2018-07-12,2018
000403,派林生物,9704000000.0,血液制品,97.04,LARGE,2007-06-06,2007
300720,海川智能,9719000000.0,仪器仪表,97.19,LARGE,2017-11-17,2017
301678,新恒汇,9736000000.0,半导体材料,97.36,LARGE,2025-06-19,2025
603220,中贝通信,9756000000.0,通信工程及服务,97.56,LARGE,2018-11-14,2018
600757,长江传媒,9758000000.0,教育出版,97.58,LARGE,2001-10-11,2001
600367,红星发展,9763000000.0,无机盐,97.63,LARGE,2001-05-21,2001
002993,奥海科技,9772000000.0,消费电子零部件及组装,97.72,LARGE,2020-08-14,2020
000923,河钢资源,9791000000.0,铁矿石,97.91,LARGE,2000-11-20,2000
002254,泰和新材,9793000000.0,其他化学纤维,97.93,LARGE,2008-10-13,2008
601886,江河集团,9800000000.0,装修装饰Ⅲ,98.0,LARGE,2011-10-12,2011
300951,博硕科技,9812000000.0,消费电子零部件及组装,98.12,LARGE,2021-02-25,2021
301382,蜂助手,9836000000.0,通信应用增值服务,98.36,LARGE,2023-05-16,2023
003036,泰坦股份,9856000000.0,纺织服装设备,98.56,LARGE,2021-01-27,2021
603619,中曼石油,9857000000.0,油田服务,98.57,LARGE,2017-11-16,2017
600373,中文传媒,9863000000.0,大众出版,98.63,LARGE,2003-03-17,2003
002309,中利集团,9865000000.0,光伏电池组件,98.65,LARGE,2010-12-03,2010
600718,东软集团,9871000000.0,IT服务Ⅲ,98.71,LARGE,2000-05-16,2000
002348,高乐股份,9872000000.0,娱乐用品,98.72,LARGE,2010-09-13,2010
301488,豪恩汽电,9876000000.0,汽车电子电气系统,98.76,LARGE,2023-07-03,2023
000949,新乡化纤,9892000000.0,粘胶,98.92,LARGE,2000-06-12,2000
600728,佳都科技,9895000000.0,IT服务Ⅲ,98.95,LARGE,2001-10-24,2001
603300,海南华铁,9896000000.0,租赁,98.96,LARGE,2015-07-01,2015
002081,金 螳 螂,9904000000.0,装修装饰Ⅲ,99.04,LARGE,2007-03-13,2007
002842,翔鹭钨业,9910000000.0,钨,99.1,LARGE,2017-01-24,2017
002324,普利特,9933000000.0,改性塑料,99.33,LARGE,2010-05-11,2010
600033,福建高速,9935000000.0,高速公路,99.35,LARGE,2001-04-13,2001
301510,固高科技,9940000000.0,工控设备,99.4,LARGE,2023-08-14,2023
301312,智立方,9944000000.0,其他自动化设备,99.44,LARGE,2022-07-08,2022
002251,步步高,9948000000.0,超市,99.48,LARGE,2008-11-05,2008
600446,金证股份,9968000000.0,IT服务Ⅲ,99.68,LARGE,2004-10-13,2004
601026,道生天合,9977000000.0,风电零部件,99.77,LARGE,2025-10-16,2025
300181,佐力药业,9981000000.0,中药Ⅲ,99.81,LARGE,2011-08-23,2011
002706,良信股份,9985000000.0,配电设备,99.85,LARGE,2014-02-13,2014
300595,欧普康视,9991000000.0,医疗耗材,99.91,LARGE,2017-01-16,2017
300303,聚飞光电,10003000000.0,LED,100.03,LARGE,2012-04-12,2012
000880,潍柴重机,10024000000.0,底盘与发动机系统,100.24,LARGE,2001-03-29,2001
601949,中国出版,10034000000.0,大众出版,100.34,LARGE,2017-08-18,2017
301665,泰禾股份,10035000000.0,农药,100.35,LARGE,2025-04-10,2025
601003,柳钢股份,10036000000.0,板材,100.36,LARGE,2007-12-05,2007
601882,海天精工,10038000000.0,机床工具,100.38,LARGE,2016-11-09,2016
002387,维信诺,10057000000.0,面板,100.57,LARGE,2010-12-24,2010
003018,金富科技,10062000000.0,塑料包装,100.62,LARGE,2020-11-05,2020
600662,外服控股,10093000000.0,人力资源服务,100.93,LARGE,2000-08-03,2000
300331,苏大维格,10103000000.0,光学元件,101.03,LARGE,2013-02-20,2013
600123,兰花科创,10106000000.0,焦煤,101.06,LARGE,2000-03-31,2000
600787,中储股份,10113000000.0,仓储物流,101.13,LARGE,2000-06-02,2000
002741,光华科技,10117000000.0,电子化学品Ⅲ,101.17,LARGE,2015-04-27,2015
002922,伊戈尔,10155000000.0,其他电子Ⅲ,101.55,LARGE,2018-01-02,2018
301263,泰恩康,10156000000.0,化学制剂,101.56,LARGE,2022-03-28,2022
600163,中闽能源,10162000000.0,风力发电,101.62,LARGE,2001-01-03,2001
605255,天普股份,10163000000.0,底盘与发动机系统,101.63,LARGE,2020-10-16,2020
002276,万马股份,10171000000.0,线缆部件及其他,101.71,LARGE,2009-12-11,2009
002891,中宠股份,10172000000.0,宠物食品,101.72,LARGE,2017-09-05,2017
002588,史丹利,10183000000.0,复合肥,101.83,LARGE,2011-06-21,2011
300026,红日药业,10184000000.0,中药Ⅲ,101.84,LARGE,2010-04-29,2010
000727,冠捷科技,10192000000.0,面板,101.92,LARGE,2000-11-28,2000
603218,日月股份,10195000000.0,风电零部件,101.95,LARGE,2016-12-27,2016
603281,江瀚新材,10238000000.0,有机硅,102.38,LARGE,2023-01-30,2023
002354,天娱数科,10242000000.0,营销代理,102.42,LARGE,2011-07-01,2011
600383,金地集团,10248000000.0,住宅开发,102.48,LARGE,2001-11-06,2001
603992,松霖科技,10252000000.0,卫浴制品,102.52,LARGE,2019-08-23,2019
300377,赢时胜,10259000000.0,垂直应用软件,102.59,LARGE,2014-04-09,2014
600773,西藏城投,10268000000.0,住宅开发,102.68,LARGE,2001-03-19,2001
300224,正海磁材,10275000000.0,磁性材料,102.75,LARGE,2011-09-30,2011
603099,长白山,10284000000.0,自然景区,102.84,LARGE,2014-08-21,2014
300130,新国都,10285000000.0,其他计算机设备,102.85,LARGE,2011-04-29,2011
601330,绿色动力,10286000000.0,固废治理,102.86,LARGE,2018-06-08,2018
603040,新坐标,10302000000.0,底盘与发动机系统,103.02,LARGE,2017-02-09,2017
603297,永新光学,10304000000.0,光学元件,103.04,LARGE,2018-09-07,2018
300580,贝斯特,10308000000.0,底盘与发动机系统,103.08,LARGE,2017-06-23,2017
601900,南方传媒,10319000000.0,教育出版,103.19,LARGE,2016-08-02,2016
300768,迪普科技,10327000000.0,横向通用软件,103.27,LARGE,2019-04-11,2019
603027,千禾味业,10366000000.0,调味发酵品Ⅲ,103.66,LARGE,2016-03-07,2016
002204,大连重工,10371000000.0,能源及重型设备,103.71,LARGE,2008-03-14,2008
603989,艾华集团,10372000000.0,被动元件,103.72,LARGE,2015-05-19,2015
300576,容大感光,10379000000.0,电子化学品Ⅲ,103.79,LARGE,2017-01-03,2017
002063,远光软件,10382000000.0,垂直应用软件,103.82,LARGE,2007-01-31,2007
300820,英杰电气,10388000000.0,其他电源设备Ⅲ,103.88,LARGE,2020-02-12,2020
000828,东莞控股,10395000000.0,高速公路,103.95,LARGE,2001-04-06,2001
002647,仁东控股,10399000000.0,金融信息服务,103.99,LARGE,2016-04-08,2016
601163,三角轮胎,10424000000.0,轮胎轮毂,104.24,LARGE,2016-09-08,2016
000815,美利云,10429000000.0,IT服务Ⅲ,104.29,LARGE,2001-11-14,2001
300618,寒锐钴业,10431000000.0,钴,104.31,LARGE,2017-03-07,2017
002315,焦点科技,10438000000.0,跨境电商,104.38,LARGE,2009-12-16,2009
301207,华兰疫苗,10440000000.0,疫苗,104.4,LARGE,2022-02-17,2022
300007,汉威科技,10452000000.0,仪器仪表,104.52,LARGE,2010-05-11,2010
600395,盘江股份,10454000000.0,焦煤,104.54,LARGE,2001-12-14,2001
002413,雷科防务,10462000000.0,军工电子Ⅲ,104.62,LARGE,2011-06-17,2011
301307,美利信,10469000000.0,通信网络设备及器件,104.69,LARGE,2023-04-21,2023
002557,洽洽食品,10476000000.0,零食,104.76,LARGE,2011-05-06,2011
603757,大元泵业,10480000000.0,其他通用设备,104.8,LARGE,2017-07-10,2017
002675,东诚药业,10481000000.0,化学制剂,104.81,LARGE,2013-12-23,2013
002031,巨轮智能,10491000000.0,其他专用设备,104.91,LARGE,2005-01-07,2005
002534,西子洁能,10491000000.0,火电设备,104.91,LARGE,2011-03-31,2011
300244,迪安诊断,10493000000.0,诊断服务,104.93,LARGE,2011-12-02,2011
301232,飞沃科技,10503000000.0,风电零部件,105.03,LARGE,2023-06-14,2023
600993,马应龙,10509000000.0,中药Ⅲ,105.09,LARGE,2004-07-02,2004
603235,天新药业,10515000000.0,食品及饲料添加剂,105.15,LARGE,2022-07-11,2022
301531,春光集团,10525000000.0,磁性材料,105.25,LARGE,2026-05-08,2026
600509,天富能源,10528000000.0,火力发电,105.28,LARGE,2002-07-17,2002
600986,浙文互联,10531000000.0,营销代理,105.31,LARGE,2005-04-26,2005
300480,光力科技,10540000000.0,能源及重型设备,105.4,LARGE,2015-10-13,2015
600507,方大特钢,10548000000.0,特钢Ⅲ,105.48,LARGE,2004-03-18,2004
600589,大位科技,10549000000.0,IT服务Ⅲ,105.49,LARGE,2002-04-22,2002
000555,神州信息,10558000000.0,IT服务Ⅲ,105.58,LARGE,2002-03-18,2002
600058,五矿发展,10558000000.0,贸易Ⅲ,105.58,LARGE,2001-02-12,2001
600480,凌云股份,10572000000.0,其他汽车零部件,105.72,LARGE,2004-07-02,2004
600639,浦东金桥,10573000000.0,产业地产,105.73,LARGE,2000-06-19,2000
002779,中坚科技,10591000000.0,其他专用设备,105.91,LARGE,2016-02-16,2016
002718,友邦吊顶,10608000000.0,其他建材Ⅲ,106.08,LARGE,2014-03-24,2014
600458,时代新材,10647000000.0,轨交设备Ⅲ,106.47,LARGE,2003-09-18,2003
002544,普天科技,10657000000.0,通信工程及服务,106.57,LARGE,2011-09-22,2011
002897,意华股份,10658000000.0,通信网络设备及器件,106.58,LARGE,2017-09-06,2017
002967,广电计量,10659000000.0,检测服务,106.59,LARGE,2019-11-07,2019
300376,易事特,10663000000.0,其他电源设备Ⅲ,106.63,LARGE,2014-07-30,2014
300861,美畅股份,10682000000.0,磨具磨料,106.82,LARGE,2020-08-21,2020
000899,赣能股份,10684000000.0,火力发电,106.84,LARGE,2000-07-27,2000
002217,合力泰,10696000000.0,面板,106.96,LARGE,2009-01-09,2009
300777,中简科技,10702000000.0,航空装备Ⅲ,107.02,LARGE,2019-05-15,2019
601022,宁波远洋,10705000000.0,航运,107.05,LARGE,2022-12-07,2022
300139,晓程科技,10713000000.0,黄金,107.13,LARGE,2010-12-02,2010
300693,盛弘股份,10716000000.0,其他电源设备Ⅲ,107.16,LARGE,2017-08-28,2017
001393,维通利,10726000000.0,配电设备,107.26,LARGE,2026-05-14,2026
300008,天海防务,10731000000.0,航海装备Ⅲ,107.31,LARGE,2010-08-03,2010
300353,东土科技,10742000000.0,其他通信设备,107.42,LARGE,2015-05-25,2015
603406,天富龙,10764000000.0,涤纶,107.64,LARGE,2025-08-07,2025
000810,创维数字,10766000000.0,其他黑色家电,107.66,LARGE,2001-12-10,2001
300118,东方日升,10773000000.0,光伏电池组件,107.73,LARGE,2011-04-26,2011
000065,北方国际,10778000000.0,国际工程,107.78,LARGE,2000-11-20,2000
600248,陕建股份,10808000000.0,房屋建设Ⅲ,108.08,LARGE,2003-04-23,2003
000908,石药景峰,10821000000.0,化学制剂,108.21,LARGE,2001-11-06,2001
601801,皖新传媒,10827000000.0,大众出版,108.27,LARGE,2010-03-04,2010
001258,立新能源,10836000000.0,风力发电,108.36,LARGE,2022-07-26,2022
301196,唯科科技,10859000000.0,其他塑料制品,108.59,LARGE,2022-01-10,2022
603693,江苏新能,10912000000.0,风力发电,109.12,LARGE,2018-07-03,2018
002703,浙江世宝,10925000000.0,底盘与发动机系统,109.25,LARGE,2013-07-10,2013
603267,鸿远电子,10932000000.0,军工电子Ⅲ,109.32,LARGE,2019-05-14,2019
300855,图南股份,10944000000.0,其他金属新材料,109.44,LARGE,2020-07-22,2020
301061,匠心家居,10964000000.0,成品家居,109.64,LARGE,2021-09-10,2021
002807,江阴银行,10966000000.0,农商行Ⅲ,109.66,LARGE,2016-09-13,2016
002839,张家港行,10975000000.0,农商行Ⅲ,109.75,LARGE,2017-02-14,2017
000099,中信海直,10977000000.0,航空运输,109.77,LARGE,2001-04-18,2001
600559,老白干酒,10977000000.0,白酒Ⅲ,109.77,LARGE,2004-02-02,2004
002990,盛视科技,10985000000.0,其他计算机设备,109.85,LARGE,2020-05-22,2020
603393,新天然气,11009000000.0,燃气Ⅲ,110.09,LARGE,2016-12-15,2016
600572,康恩贝,11017000000.0,中药Ⅲ,110.17,LARGE,2005-03-03,2005
002400,省广集团,11018000000.0,营销代理,110.18,LARGE,2011-04-21,2011
000990,诚志股份,11034000000.0,煤化工,110.34,LARGE,2001-11-05,2001
300468,四方精创,11043000000.0,垂直应用软件,110.43,LARGE,2015-07-13,2015
000070,特发信息,11046000000.0,通信线缆及配套,110.46,LARGE,2001-06-06,2001
000839,国安股份,11054000000.0,通信应用增值服务,110.54,LARGE,2000-10-26,2000
300065,海兰信,11068000000.0,航海装备Ⅲ,110.68,LARGE,2011-03-17,2011
000690,宝新能源,11075000000.0,火力发电,110.75,LARGE,2000-06-23,2000
002051,中工国际,11075000000.0,国际工程,110.75,LARGE,2007-06-06,2007
301489,思泉新材,11083000000.0,电子化学品Ⅲ,110.83,LARGE,2023-10-23,2023
301109,军信股份,11103000000.0,固废治理,111.03,LARGE,2022-04-26,2022
000592,平潭发展,11127000000.0,林业Ⅲ,111.27,LARGE,2003-01-14,2003
002246,北化股份,11134000000.0,民爆制品,111.34,LARGE,2009-05-19,2009
601952,苏垦农发,11162000000.0,粮食种植,111.62,LARGE,2017-05-12,2017
002174,游族网络,11170000000.0,游戏Ⅲ,111.7,LARGE,2008-11-19,2008
301310,鑫宏业,11171000000.0,汽车电子电气系统,111.71,LARGE,2023-06-01,2023
300674,宇信科技,11187000000.0,IT服务Ⅲ,111.87,LARGE,2018-11-06,2018
000599,青岛双星,11214000000.0,轮胎轮毂,112.14,LARGE,2000-05-26,2000
000901,航天科技,11215000000.0,汽车电子电气系统,112.15,LARGE,2000-12-22,2000
300229,拓尔思,11226000000.0,垂直应用软件,112.26,LARGE,2012-02-03,2012
603927,中科软,11227000000.0,垂直应用软件,112.27,LARGE,2019-09-06,2019
301293,三博脑科,11239000000.0,医院,112.39,LARGE,2023-05-04,2023
600783,鲁信创投,11240000000.0,磨具磨料,112.4,LARGE,2001-01-04,2001
002083,孚日股份,11246000000.0,棉纺,112.46,LARGE,2006-12-22,2006
301571,国科天成,11273000000.0,军工电子Ⅲ,112.73,LARGE,2024-08-20,2024
300913,兆龙互连,11274000000.0,通信线缆及配套,112.74,LARGE,2020-12-04,2020
600343,航天动力,11296000000.0,其他通用设备,112.96,LARGE,2003-07-24,2003
600864,哈投股份,11297000000.0,证券Ⅲ,112.97,LARGE,2000-12-28,2000
600006,东风股份,11300000000.0,商用载货车,113.0,LARGE,2000-06-27,2000
002011,盾安环境,11304000000.0,家电零部件Ⅲ,113.04,LARGE,2005-07-07,2005
002170,芭田股份,11305000000.0,复合肥,113.05,LARGE,2008-04-02,2008
600268,国电南自,11307000000.0,电网自动化设备,113.07,LARGE,2000-06-21,2000
300315,掌趣科技,11318000000.0,游戏Ⅲ,113.18,LARGE,2013-12-06,2013
600702,舍得酒业,11318000000.0,白酒Ⅲ,113.18,LARGE,2000-06-15,2000
603698,航天工程,11331000000.0,能源及重型设备,113.31,LARGE,2015-01-27,2015
002987,京北方,11351000000.0,垂直应用软件,113.51,LARGE,2020-05-06,2020
300077,国民技术,11359000000.0,数字芯片设计,113.59,LARGE,2010-08-30,2010
603738,泰晶科技,11380000000.0,被动元件,113.8,LARGE,2016-09-27,2016
300185,通裕重工,11382000000.0,风电零部件,113.82,LARGE,2011-05-16,2011
301150,中一科技,11382000000.0,锂电池,113.82,LARGE,2022-04-20,2022
002881,美格智能,11388000000.0,通信终端及配件,113.88,LARGE,2017-06-21,2017
002043,兔 宝 宝,11393000000.0,其他建材Ⅲ,113.93,LARGE,2006-01-10,2006
300969,恒帅股份,11396000000.0,其他汽车零部件,113.96,LARGE,2021-04-09,2021
300446,航天智造,11405000000.0,车身附件及饰件,114.05,LARGE,2015-05-12,2015
300910,瑞丰新材,11422000000.0,其他化学制品,114.22,LARGE,2020-11-26,2020
600859,王府井,11430000000.0,百货,114.3,LARGE,2001-02-21,2001
300093,金刚光伏,11432000000.0,光伏电池组件,114.32,LARGE,2011-08-05,2011
300682,朗新科技,11472000000.0,IT服务Ⅲ,114.72,LARGE,2017-10-17,2017
000869,张  裕Ａ,11475000000.0,其他酒类,114.75,LARGE,2001-01-17,2001
002668,TCL智家,11481000000.0,冰洗,114.81,LARGE,2013-03-20,2013
300775,三角防务,11493000000.0,航空装备Ⅲ,114.93,LARGE,2019-05-20,2019
002092,中泰化学,11500000000.0,氯碱,115.0,LARGE,2007-10-10,2007
000801,四川九洲,11515000000.0,其他黑色家电,115.15,LARGE,2000-08-09,2000
002617,露笑科技,11551000000.0,光伏发电,115.51,LARGE,2013-03-20,2013
000767,晋控电力,11569000000.0,火力发电,115.69,LARGE,2000-10-23,2000
600882,妙可蓝多,11583000000.0,乳品,115.83,LARGE,2001-04-26,2001
601512,中新集团,11586000000.0,产业地产,115.86,LARGE,2019-12-19,2019
600216,浙江医药,11588000000.0,原料药,115.88,LARGE,2000-05-10,2000
002531,天顺风能,11590000000.0,风电零部件,115.9,LARGE,2011-03-21,2011
601096,宏盛华源,11610000000.0,钢结构,116.1,LARGE,2023-12-21,2023
601222,林洋能源,11615000000.0,电工仪器仪表,116.15,LARGE,2011-08-31,2011
601005,重庆钢铁,11627000000.0,板材,116.27,LARGE,2008-12-31,2008
002096,易普力,11635000000.0,民爆制品,116.35,LARGE,2007-05-17,2007
000762,西藏矿业,11656000000.0,锂,116.56,LARGE,2000-08-10,2000
301238,瑞泰新材,11660000000.0,电池化学品,116.6,LARGE,2022-06-16,2022
603389,亚振家居,11666000000.0,成品家居,116.66,LARGE,2017-02-09,2017
600420,国药现代,11668000000.0,化学制剂,116.68,LARGE,2005-02-22,2005
000061,农 产 品,11672000000.0,商业物业经营,116.72,LARGE,2001-03-23,2001
000758,中色股份,11704000000.0,铅锌,117.04,LARGE,2000-07-24,2000
600648,外高桥,11709000000.0,产业地产,117.09,LARGE,2000-10-23,2000
600338,西藏珠峰,11720000000.0,铅锌,117.2,LARGE,2002-11-12,2002
301031,中熔电气,11722000000.0,其他电子Ⅲ,117.22,LARGE,2021-07-14,2021
002182,宝武镁业,11723000000.0,其他小金属,117.23,LARGE,2007-12-26,2007
000567,海德股份,11728000000.0,资产管理,117.28,LARGE,2000-06-23,2000
300113,顺网科技,11730000000.0,游戏Ⅲ,117.3,LARGE,2011-04-08,2011
603983,丸美生物,11733000000.0,品牌化妆品,117.33,LARGE,2019-07-24,2019
600363,联创光电,11737000000.0,消费电子零部件及组装,117.37,LARGE,2002-01-07,2002
002216,三全食品,11755000000.0,预加工食品,117.55,LARGE,2008-03-28,2008
603589,口子窖,11771000000.0,白酒Ⅲ,117.71,LARGE,2015-06-26,2015
002258,利尔化学,11774000000.0,农药,117.74,LARGE,2008-09-01,2008
301500,飞南资源,11783000000.0,固废治理,117.83,LARGE,2023-09-20,2023
002183,怡 亚 通,11790000000.0,贸易Ⅲ,117.9,LARGE,2008-07-29,2008
603078,江化微,11793000000.0,电子化学品Ⅲ,117.93,LARGE,2017-04-18,2017
605118,力鼎光电,11795000000.0,安防设备,117.95,LARGE,2020-07-29,2020
000506,招金黄金,11808000000.0,黄金,118.08,LARGE,2004-01-14,2004
002416,爱施德,11810000000.0,专业连锁Ⅲ,118.1,LARGE,2010-09-16,2010
000697,炼石航空,11811000000.0,航空装备Ⅲ,118.11,LARGE,2001-12-03,2001
000681,视觉中国,11819000000.0,图片媒体,118.19,LARGE,2005-07-06,2005
002287,奇正藏药,11831000000.0,中药Ⅲ,118.31,LARGE,2009-09-11,2009
002643,万润股份,11852000000.0,电子化学品Ⅲ,118.52,LARGE,2012-06-21,2012
000012,南  玻Ａ,11866000000.0,玻璃制造,118.66,LARGE,2000-06-30,2000
300049,福瑞医科,11882000000.0,医疗设备,118.82,LARGE,2011-01-13,2011
000035,中国天楹,11892000000.0,固废治理,118.92,LARGE,2004-09-06,2004
301005,超捷股份,11908000000.0,其他汽车零部件,119.08,LARGE,2021-05-31,2021
603556,海兴电力,11933000000.0,电工仪器仪表,119.33,LARGE,2016-11-09,2016
002292,奥飞娱乐,11948000000.0,娱乐用品,119.48,LARGE,2010-04-27,2010
603800,洪田股份,11948000000.0,能源及重型设备,119.48,LARGE,2015-12-17,2015
002020,京新药业,11951000000.0,化学制剂,119.51,LARGE,2005-03-08,2005
600461,洪城环境,11955000000.0,水务及水治理,119.55,LARGE,2005-03-16,2005
300469,信息发展,11958000000.0,垂直应用软件,119.58,LARGE,2015-11-19,2015
002167,东方锆业,11961000000.0,其他小金属,119.61,LARGE,2008-05-29,2008
603888,新华网,11979000000.0,门户网站,119.79,LARGE,2016-10-31,2016
600618,氯碱化工,11980000000.0,氯碱,119.8,LARGE,2000-04-12,2000
600366,宁波韵升,12002000000.0,磁性材料,120.02,LARGE,2001-04-13,2001
002268,电科网安,12008000000.0,其他计算机设备,120.08,LARGE,2009-02-24,2009
301015,百洋医药,12016000000.0,医药流通,120.16,LARGE,2021-06-29,2021
600720,中交设计,12024000000.0,工程咨询服务Ⅲ,120.24,LARGE,2000-06-23,2000
002366,融发核电,12028000000.0,其他电源设备Ⅲ,120.28,LARGE,2011-01-18,2011
601339,百隆东方,12057000000.0,棉纺,120.57,LARGE,2012-06-12,2012
002373,千方科技,12088000000.0,IT服务Ⅲ,120.88,LARGE,2011-05-24,2011
300204,舒泰神,12099000000.0,化学制剂,120.99,LARGE,2011-04-18,2011
600908,无锡银行,12137000000.0,农商行Ⅲ,121.37,LARGE,2016-09-29,2016
002755,奥赛康,12140000000.0,化学制剂,121.4,LARGE,2015-07-06,2015
001308,康冠科技,12146000000.0,面板,121.46,LARGE,2022-03-17,2022
000998,隆平高科,12152000000.0,种子,121.52,LARGE,2001-11-21,2001
300769,德方纳米,12171000000.0,电池化学品,121.71,LARGE,2019-04-12,2019
002139,拓邦股份,12207000000.0,消费电子零部件及组装,122.07,LARGE,2007-09-10,2007
002896,中大力德,12214000000.0,金属制品,122.14,LARGE,2017-08-30,2017
300100,双林股份,12240000000.0,车身附件及饰件,122.4,LARGE,2011-09-14,2011
002597,金禾实业,12242000000.0,食品及饲料添加剂,122.42,LARGE,2011-08-22,2011
600315,上海家化,12248000000.0,品牌化妆品,122.48,LARGE,2002-06-27,2002
002458,益生股份,12251000000.0,肉鸡养殖,122.51,LARGE,2011-01-27,2011
000553,安道麦A,12255000000.0,农药,122.55,LARGE,2001-11-07,2001
300850,新强联,12257000000.0,风电零部件,122.57,LARGE,2020-07-20,2020
301291,明阳电气,12261000000.0,配电设备,122.61,LARGE,2023-06-29,2023
301603,乔锋智能,12287000000.0,机床工具,122.87,LARGE,2024-07-09,2024
600063,皖维高新,12290000000.0,其他化学纤维,122.9,LARGE,2000-07-26,2000
600211,西藏药业,12303000000.0,其他生物制品,123.03,LARGE,2000-12-28,2000
300133,华策影视,12336000000.0,影视动漫制作,123.36,LARGE,2011-05-03,2011
002060,广东建工,12352000000.0,电能综合服务,123.52,LARGE,2006-11-17,2006
600113,浙江东日,12366000000.0,商业物业经营,123.66,LARGE,2001-03-09,2001
301589,诺瓦星云,12384000000.0,其他计算机设备,123.84,LARGE,2024-02-07,2024
002838,道恩股份,12386000000.0,改性塑料,123.86,LARGE,2017-02-16,2017
605599,菜百股份,12390000000.0,钟表珠宝,123.9,LARGE,2021-09-08,2021
603093,南华期货,12395000000.0,期货,123.95,LARGE,2019-08-29,2019
300182,捷成股份,12413000000.0,影视动漫制作,124.13,LARGE,2011-10-12,2011
001227,兰州银行,12417000000.0,城商行Ⅲ,124.17,LARGE,2022-01-14,2022
300034,钢研高纳,12417000000.0,航空装备Ⅲ,124.17,LARGE,2010-05-24,2010
300357,我武生物,12451000000.0,其他生物制品,124.51,LARGE,2014-01-22,2014
002019,亿帆医药,12456000000.0,化学制剂,124.56,LARGE,2005-03-11,2005
301183,东田微,12456000000.0,光学元件,124.56,LARGE,2022-05-23,2022
002978,安宁股份,12461000000.0,其他小金属,124.61,LARGE,2020-04-16,2020
600755,厦门国贸,12462000000.0,原材料供应链服务,124.62,LARGE,2000-04-18,2000
300455,航天智装,12525000000.0,其他计算机设备,125.25,LARGE,2015-11-27,2015
301369,联动科技,12529000000.0,半导体设备,125.29,LARGE,2022-09-21,2022
301338,凯格精机,12538000000.0,其他专用设备,125.38,LARGE,2022-08-15,2022
603203,快克智能,12550000000.0,工控设备,125.5,LARGE,2016-11-07,2016
002792,通宇通讯,12556000000.0,通信网络设备及器件,125.56,LARGE,2016-03-25,2016
301086,鸿富瀚,12561000000.0,消费电子零部件及组装,125.61,LARGE,2021-10-19,2021
000156,华数传媒,12563000000.0,电视广播Ⅲ,125.63,LARGE,2008-01-31,2008
600116,三峡水利,12563000000.0,电能综合服务,125.63,LARGE,2000-06-16,2000
301087,可孚医疗,12576000000.0,医疗耗材,125.76,LARGE,2021-10-22,2021
002091,江苏国泰,12599000000.0,贸易Ⅲ,125.99,LARGE,2007-07-31,2007
600821,金开新能,12611000000.0,光伏发电,126.11,LARGE,2000-07-19,2000
600850,电科数字,12611000000.0,IT服务Ⅲ,126.11,LARGE,2000-12-20,2000
603515,欧普照明,12611000000.0,照明设备Ⅲ,126.11,LARGE,2016-08-18,2016
300457,赢合科技,12613000000.0,锂电专用设备,126.13,LARGE,2015-08-07,2015
600271,航天信息,12618000000.0,IT服务Ⅲ,126.18,LARGE,2004-04-21,2004
600717,天津港,12647000000.0,港口,126.47,LARGE,2000-05-19,2000
002645,华宏科技,12667000000.0,环保设备Ⅲ,126.67,LARGE,2012-08-14,2012
002701,奥瑞金,12671000000.0,金属包装,126.71,LARGE,2013-01-31,2013
000799,酒鬼酒,12685000000.0,白酒Ⅲ,126.85,LARGE,2000-12-26,2000
603882,金域医学,12703000000.0,诊断服务,127.03,LARGE,2017-09-07,2017
000028,国药一致,12716000000.0,医药流通,127.16,LARGE,2000-10-11,2000
600916,中国黄金,12718000000.0,钟表珠宝,127.18,LARGE,2021-02-04,2021
605507,国邦医药,12745000000.0,原料药,127.45,LARGE,2021-07-30,2021
300070,碧水源,12757000000.0,水务及水治理,127.57,LARGE,2010-08-30,2010
000672,上峰材料,12796000000.0,水泥制造,127.96,LARGE,2006-11-28,2006
600201,生物股份,12803000000.0,动物保健Ⅲ,128.03,LARGE,2000-05-23,2000
603305,旭升集团,12816999999.999998,底盘与发动机系统,128.17,LARGE,2017-07-18,2017
002607,中公教育,12828000000.0,培训教育,128.28,LARGE,2012-05-07,2012
000628,高新发展,12834000000.0,房屋建设Ⅲ,128.34,LARGE,2002-04-01,2002
301363,美好医疗,12847000000.0,医疗设备,128.47,LARGE,2022-10-11,2022
300990,同飞股份,12847999999.999998,制冷空调设备,128.48,LARGE,2021-05-11,2021
300593,新雷能,12852000000.000002,其他电源设备Ⅲ,128.52,LARGE,2017-03-17,2017
301093,华兰股份,12858000000.000002,医疗耗材,128.58,LARGE,2021-10-29,2021
000410,沈阳机床,12874000000.0,机床工具,128.74,LARGE,2000-08-23,2000
002003,伟星股份,12876000000.0,辅料,128.76,LARGE,2005-02-25,2005
002385,大北农,12900000000.0,畜禽饲料,129.0,LARGE,2010-06-11,2010
301389,隆扬电子,12916000000.0,消费电子零部件及组装,129.16,LARGE,2022-10-28,2022
603009,北特科技,12916999999.999998,底盘与发动机系统,129.17,LARGE,2014-11-13,2014
002865,钧达股份,12918000000.0,光伏电池组件,129.18,LARGE,2017-04-24,2017
002226,江南化工,12927000000.000002,民爆制品,129.27,LARGE,2009-11-09,2009
300428,立中集团,12930000000.000002,轮胎轮毂,129.3,LARGE,2015-11-26,2015
600475,华光环能,12934000000.0,热力服务,129.34,LARGE,2004-05-10,2004
300459,汤姆猫,12938000000.0,游戏Ⅲ,129.38,LARGE,2016-04-06,2016
002913,奥士康,12941999999.999998,印制电路板,129.42,LARGE,2017-11-30,2017
603456,九洲药业,13022999999.999998,医疗研发外包,130.23,LARGE,2014-12-02,2014
000656,金科股份,13024000000.0,住宅开发,130.24,LARGE,2002-02-04,2002
605389,长龄液压,13038999999.999998,工程机械器件,130.39,LARGE,2021-04-15,2021
002010,传化智联,13046000000.0,公路货运,130.46,LARGE,2005-03-22,2005
600529,山东药玻,13053000000.0,医疗耗材,130.53,LARGE,2002-10-14,2002
603826,坤彩科技,13057000000.0,非金属材料Ⅲ,130.57,LARGE,2017-04-13,2017
601033,永兴股份,13068000000.0,固废治理,130.68,LARGE,2024-01-17,2024
605099,共创草坪,13072000000.0,其他家居用品,130.72,LARGE,2020-09-29,2020
000905,厦门港务,13079000000.0,港口,130.79,LARGE,2001-03-23,2001
600155,华创云信,13082000000.0,证券Ⅲ,130.82,LARGE,2002-08-12,2002
300302,同有科技,13084000000.0,其他计算机设备,130.84,LARGE,2012-05-08,2012
603707,健友股份,13087000000.0,化学制剂,130.87,LARGE,2017-07-18,2017
000719,中原传媒,13097000000.0,大众出版,130.97,LARGE,2005-02-22,2005
603118,共进股份,13100000000.0,通信终端及配件,131.0,LARGE,2015-04-17,2015
002906,华阳集团,13112000000.0,汽车电子电气系统,131.12,LARGE,2017-10-12,2017
600285,羚锐制药,13116999999.999998,中药Ⅲ,131.17,LARGE,2001-03-20,2001
600167,联美控股,13124000000.0,热力服务,131.24,LARGE,2001-02-16,2001
000612,焦作万方,13126000000.0,铝,131.26,LARGE,2001-06-26,2001
600764,中国海防,13161000000.000002,航海装备Ⅲ,131.61,LARGE,2001-10-09,2001
300342,天银机电,13197000000.0,家电零部件Ⅲ,131.97,LARGE,2012-11-20,2012
300319,麦捷科技,13207000000.0,被动元件,132.07,LARGE,2013-06-03,2013
605289,罗曼股份,13216000000.0,其他专业工程,132.16,LARGE,2021-04-23,2021
600397,江钨装备,13236000000.000002,能源及重型设备,132.36,LARGE,2003-03-31,2003
301371,敷尔佳,13252000000.000002,品牌化妆品,132.52,LARGE,2023-07-31,2023
603868,飞科电器,13268000000.0,个护小家电,132.68,LARGE,2016-04-15,2016
002290,禾盛新材,13274000000.0,家电零部件Ⅲ,132.74,LARGE,2010-04-15,2010
300184,力源信息,13306000000.0,其他电子Ⅲ,133.06,LARGE,2012-07-13,2012
600456,宝钛股份,13325000000.0,其他小金属,133.25,LARGE,2002-07-01,2002
000534,万泽股份,13360000000.0,其他生物制品,133.6,LARGE,2002-03-27,2002
600633,浙数文化,13366000000.0,游戏Ⅲ,133.66,LARGE,2004-04-23,2004
002980,华盛昌,13369999999.999998,电工仪器仪表,133.7,LARGE,2020-04-14,2020
600416,湘电股份,13400000000.0,电机Ⅲ,134.0,LARGE,2003-01-23,2003
601068,中铝国际,13415000000.0,其他专业工程,134.15,LARGE,2018-08-30,2018
600675,中华企业,13422000000.0,住宅开发,134.22,LARGE,2001-05-25,2001
601778,晶科科技,13440000000.0,光伏发电,134.4,LARGE,2020-05-18,2020
603063,禾望电气,13441999999.999998,风电零部件,134.42,LARGE,2017-07-27,2017
600064,南京高科,13444999999.999998,住宅开发,134.45,LARGE,2000-04-20,2000
600635,大众公用,13463000000.0,燃气Ⅲ,134.63,LARGE,2000-06-12,2000
301095,广立微,13466999999.999998,垂直应用软件,134.67,LARGE,2022-08-04,2022
600403,大有能源,13484000000.0,动力煤,134.84,LARGE,2004-06-30,2004
600651,飞乐音响,13488000000.0,汽车电子电气系统,134.88,LARGE,2000-09-08,2000
301071,力量钻石,13496000000.0,非金属材料Ⅲ,134.96,LARGE,2021-09-23,2021
600664,哈药股份,13499000000.0,化学制剂,134.99,LARGE,2001-03-14,2001
603031,安孚科技,13500000000.0,蓄电池及其他电池,135.0,LARGE,2016-08-31,2016
002867,周大生,13513999999.999998,钟表珠宝,135.14,LARGE,2017-04-26,2017
601827,三峰环境,13526000000.0,固废治理,135.26,LARGE,2020-06-04,2020
603014,威高血净,13527000000.000002,医疗耗材,135.27,LARGE,2025-05-19,2025
002929,润建股份,13534000000.0,通信工程及服务,135.34,LARGE,2018-02-28,2018
603505,金石资源,13541999999.999998,氟化工,135.42,LARGE,2017-05-02,2017
600072,中船科技,13551000000.0,风电零部件,135.51,LARGE,2000-08-29,2000
301267,华厦眼科,13566000000.0,医院,135.66,LARGE,2022-11-07,2022
600345,长江通信,13566999999.999998,其他通信设备,135.67,LARGE,2001-06-18,2001
601619,嘉泽新能,13574000000.0,风力发电,135.74,LARGE,2018-01-24,2018
300827,上能电气,13578000000.0,逆变器,135.78,LARGE,2020-04-30,2020
603613,国联股份,13611000000.000002,综合电商,136.11,LARGE,2019-07-29,2019
000089,深圳机场,13616999999.999998,机场,136.17,LARGE,2000-04-19,2000
300671,富满微,13637000000.0,模拟芯片设计,136.37,LARGE,2017-07-04,2017
300409,道氏技术,13641999999.999998,电池化学品,136.42,LARGE,2015-04-17,2015
301392,汇成真空,13650000000.0,其他专用设备,136.5,LARGE,2024-06-04,2024
002552,宝鼎科技,13661000000.000002,印制电路板,136.61,LARGE,2011-07-13,2011
603662,柯力传感,13665000000.0,仪器仪表,136.65,LARGE,2019-08-05,2019
600779,水井坊,13679000000.0,白酒Ⅲ,136.79,LARGE,2000-04-25,2000
002698,博实股份,13682000000.0,机器人,136.82,LARGE,2012-10-15,2012
300613,富瀚微,13683000000.000002,数字芯片设计,136.83,LARGE,2017-03-03,2017
002507,涪陵榨菜,13685000000.0,调味发酵品Ⅲ,136.85,LARGE,2011-09-02,2011
300655,晶瑞电材,13700000000.0,电子化学品Ⅲ,137.0,LARGE,2017-06-02,2017
300009,安科生物,13716000000.0,其他生物制品,137.16,LARGE,2010-05-26,2010
300601,康泰生物,13716000000.0,疫苗,137.16,LARGE,2017-02-06,2017
600258,首旅酒店,13744999999.999998,酒店,137.45,LARGE,2001-12-24,2001
600409,三友化工,13749000000.0,纯碱,137.49,LARGE,2003-11-10,2003
601133,柏诚股份,13765000000.0,其他专业工程,137.65,LARGE,2023-04-12,2023
600933,爱柯迪,13771000000.0,底盘与发动机系统,137.71,LARGE,2017-11-28,2017
002158,汉钟精机,13796000000.0,制冷空调设备,137.96,LARGE,2007-09-17,2007
000069,华侨城Ａ,13825000000.0,商业地产,138.25,LARGE,2000-08-03,2000
600596,新安股份,13833000000.000002,农药,138.33,LARGE,2002-01-04,2002
002690,美亚光电,13851000000.0,其他专用设备,138.51,LARGE,2012-08-07,2012
300607,拓斯达,13856000000.0,机器人,138.56,LARGE,2017-02-24,2017
002832,比音勒芬,13857000000.0,非运动服装,138.57,LARGE,2016-12-22,2016
002372,伟星新材,13883000000.000002,管材,138.83,LARGE,2010-04-02,2010
600827,百联股份,13934000000.0,多业态零售,139.34,LARGE,2000-09-20,2000
300201,海伦哲,13944999999.999998,工程机械整机,139.45,LARGE,2012-09-20,2012
603194,中力股份,13959000000.0,工程机械整机,139.59,LARGE,2024-12-23,2024
600361,创新新材,13960000000.0,铝,139.6,LARGE,2002-04-30,2002
301128,强瑞技术,13962000000.0,其他专用设备,139.62,LARGE,2021-11-09,2021
300684,中石科技,13963000000.0,电子化学品Ⅲ,139.63,LARGE,2017-12-26,2017
000552,甘肃能化,13968000000.0,动力煤,139.68,LARGE,2001-06-28,2001
600267,海正药业,13974000000.0,化学制剂,139.74,LARGE,2001-01-04,2001
002947,恒铭达,13984000000.0,消费电子零部件及组装,139.84,LARGE,2019-01-31,2019
600621,华鑫股份,14004000000.0,证券Ⅲ,140.04,LARGE,2000-07-13,2000
002176,江特电机,14009000000.0,电机Ⅲ,140.09,LARGE,2008-06-11,2008
000785,居然智家,14011000000.000002,商业物业经营,140.11,LARGE,2001-01-11,2001
600531,豫光金铅,14040000000.0,铅锌,140.4,LARGE,2002-11-18,2002
002815,崇达技术,14057000000.0,印制电路板,140.57,LARGE,2016-10-11,2016
002250,联化科技,14065000000.0,农药,140.65,LARGE,2008-08-01,2008
301316,慧博云通,14069999999.999998,IT服务Ⅲ,140.7,LARGE,2022-10-26,2022
300957,贝泰妮,14072000000.0,品牌化妆品,140.72,LARGE,2021-03-24,2021
301285,鸿日达,14130000000.000002,消费电子零部件及组装,141.3,LARGE,2022-09-27,2022
300436,广生堂,14147999999.999998,化学制剂,141.48,LARGE,2015-07-03,2015
600888,新疆众和,14180000000.000002,铝,141.8,LARGE,2000-08-01,2000
600056,中国医药,14181000000.0,医药流通,141.81,LARGE,2000-11-10,2000
002847,盐津铺子,14182000000.0,零食,141.82,LARGE,2017-02-07,2017
600151,航天机电,14185000000.0,光伏电池组件,141.85,LARGE,2001-03-13,2001
002541,鸿路钢构,14201000000.0,钢结构,142.01,LARGE,2011-02-11,2011
603002,宏昌电子,14210000000.0,电子化学品Ⅲ,142.1,LARGE,2012-06-26,2012
002399,海普瑞,14233000000.000002,化学制剂,142.33,LARGE,2011-04-29,2011
300296,利亚德,14238000000.0,LED,142.38,LARGE,2012-12-04,2012
002539,云图控股,14238999999.999998,复合肥,142.39,LARGE,2011-03-17,2011
301599,理奇智能,14243000000.0,其他自动化设备,142.43,LARGE,2026-04-29,2026
000422,湖北宜化,14269000000.0,氮肥,142.69,LARGE,2000-08-04,2000
603283,赛腾股份,14277000000.000002,工控设备,142.77,LARGE,2018-01-02,2018
300166,东方国信,14291000000.0,IT服务Ⅲ,142.91,LARGE,2011-12-29,2011
301123,奕东电子,14318000000.0,消费电子零部件及组装,143.18,LARGE,2022-01-24,2022
002957,科瑞技术,14347000000.0,工控设备,143.47,LARGE,2019-07-25,2019
301669,高特电子,14366000000.0,其他电源设备Ⅲ,143.66,LARGE,2026-06-08,2026
000550,江铃汽车,14381000000.0,商用载货车,143.81,LARGE,2000-05-16,2000
002408,齐翔腾达,14385000000.0,其他石化,143.85,LARGE,2011-02-21,2011
600619,海立股份,14404000000.0,家电零部件Ⅲ,144.04,LARGE,2000-08-04,2000
600490,鹏欣资源,14406000000.0,铜,144.06,LARGE,2005-10-11,2005
300529,健帆生物,14407000000.0,医疗耗材,144.07,LARGE,2016-08-01,2016
002969,嘉美包装,14434000000.0,金属包装,144.34,LARGE,2019-12-24,2019
600744,华银电力,14441000000.0,火力发电,144.41,LARGE,2000-09-18,2000
600710,苏美达,14479000000.0,贸易Ⅲ,144.79,LARGE,2002-03-08,2002
600877,电科芯片,14505000000.000002,模拟芯片设计,145.05,LARGE,2001-08-13,2001
601568,北元化工,14538000000.0,氯碱,145.38,LARGE,2020-10-19,2020
603938,三孚股份,14540000000.0,其他化学原料,145.4,LARGE,2017-06-27,2017
600629,华建集团,14568000000.0,工程咨询服务Ⅲ,145.68,LARGE,2003-03-31,2003
002946,新乳业,14580000000.000002,乳品,145.8,LARGE,2019-01-24,2019
600410,华胜天成,14616000000.0,IT服务Ⅲ,146.16,LARGE,2004-12-03,2004
601083,锦江航运,14636000000.000002,航运,146.36,LARGE,2023-12-04,2023
001369,双欣材料,14669999999.999998,其他化学纤维,146.7,LARGE,2025-12-29,2025
601965,中国汽研,14709000000.0,检测服务,147.09,LARGE,2012-06-21,2012
002583,海能达,14731000000.0,通信网络设备及器件,147.31,LARGE,2011-08-11,2011
002320,海峡股份,14756000000.0,航运,147.56,LARGE,2010-08-09,2010
600022,山东钢铁,14763999999.999998,板材,147.64,LARGE,2005-11-18,2005
301286,侨源股份,14772000000.0,其他化学制品,147.72,LARGE,2022-06-13,2022
002048,宁波华翔,14790000000.0,车身附件及饰件,147.9,LARGE,2006-03-06,2006
002911,佛燃能源,14799000000.0,燃气Ⅲ,147.99,LARGE,2017-11-21,2017
002410,广联达,14801000000.0,垂直应用软件,148.01,LARGE,2010-07-29,2010
600552,凯盛科技,14802000000.000002,面板,148.02,LARGE,2004-03-22,2004
301682,宏明电子,14805000000.000002,军工电子Ⅲ,148.05,LARGE,2026-03-24,2026
603025,大豪科技,14829000000.0,工控设备,148.29,LARGE,2015-06-12,2015
002984,森麒麟,14881000000.0,轮胎轮毂,148.81,LARGE,2020-09-10,2020
002171,楚江新材,14882000000.0,铜,148.82,LARGE,2008-10-15,2008
603906,龙蟠科技,14897000000.0,电池化学品,148.97,LARGE,2017-04-07,2017
002506,协鑫集成,14918000000.0,光伏电池组件,149.18,LARGE,2012-07-25,2012
600459,贵研铂业,14918000000.0,其他小金属,149.18,LARGE,2003-08-28,2003
300660,江苏雷利,14921000000.0,电机Ⅲ,149.21,LARGE,2017-06-15,2017
600172,黄河旋风,14955000000.000002,磨具磨料,149.55,LARGE,2000-07-20,2000
000966,长源电力,15003000000.0,火力发电,150.03,LARGE,2000-07-11,2000
600110,诺德股份,15027000000.000002,锂电池,150.27,LARGE,2001-08-07,2001
600186,莲花控股,15041000000.0,调味发酵品Ⅲ,150.41,LARGE,2001-01-11,2001
601992,金隅集团,15056000000.0,水泥制造,150.56,LARGE,2011-04-12,2011
300657,弘信电子,15066000000.0,印制电路板,150.66,LARGE,2017-07-21,2017
300170,汉得信息,15096000000.0,IT服务Ⅲ,150.96,LARGE,2011-05-20,2011
603132,金徽股份,15110000000.0,铅锌,151.1,LARGE,2022-02-21,2022
000927,中国铁物,15126000000.0,轨交设备Ⅲ,151.26,LARGE,2000-08-11,2000
300102,乾照光电,15149000000.0,LED,151.49,LARGE,2010-12-30,2010
301292,海科新源,15150000000.0,电池化学品,151.5,LARGE,2023-07-06,2023
300573,兴齐眼药,15154000000.0,化学制剂,151.54,LARGE,2016-12-07,2016
601858,中国科传,15178000000.0,大众出版,151.78,LARGE,2017-01-17,2017
000778,新兴铸管,15179000000.0,钢铁管材,151.79,LARGE,2000-07-11,2000
600452,涪陵电力,15181000000.0,电能综合服务,151.81,LARGE,2004-08-25,2004
300131,英唐智控,15187000000.0,其他电子Ⅲ,151.87,LARGE,2012-05-16,2012
603162,海通发展,15187000000.0,航运,151.87,LARGE,2023-03-28,2023
601811,新华文轩,15213000000.0,教育出版,152.13,LARGE,2016-08-05,2016
002151,北斗星通,15229000000.0,军工电子Ⅲ,152.29,LARGE,2008-06-19,2008
600872,中炬高新,15254000000.0,调味发酵品Ⅲ,152.54,LARGE,2000-08-09,2000
603226,菲林格尔,15268000000.0,瓷砖地板,152.68,LARGE,2017-06-22,2017
601702,华峰铝业,15278000000.0,铝,152.78,LARGE,2020-09-04,2020
600959,江苏有线,15302000000.000002,电视广播Ⅲ,153.02,LARGE,2015-09-22,2015
603171,税友股份,15319000000.0,IT服务Ⅲ,153.19,LARGE,2021-06-29,2021
002440,闰土股份,15331000000.0,纺织化学制品,153.31,LARGE,2010-10-14,2010
601020,华钰矿业,15341999999.999998,铅锌,153.42,LARGE,2016-04-11,2016
300253,卫宁健康,15365000000.0,垂直应用软件,153.65,LARGE,2011-11-30,2011
300735,光弘科技,15365000000.0,消费电子零部件及组装,153.65,LARGE,2017-12-28,2017
600226,亨通股份,15378000000.0,热力服务,153.78,LARGE,2002-03-12,2002
002405,四维图新,15382000000.0,垂直应用软件,153.82,LARGE,2010-12-16,2010
301039,中集车辆,15405000000.000002,商用载货车,154.05,LARGE,2021-07-09,2021
603997,继峰股份,15419999999.999998,车身附件及饰件,154.2,LARGE,2015-07-16,2015
601137,博威合金,15444999999.999998,其他金属新材料,154.45,LARGE,2011-05-09,2011
603026,石大胜华,15458000000.000002,电池化学品,154.58,LARGE,2015-05-29,2015
600776,东方通信,15486000000.000002,其他通信设备,154.86,LARGE,2000-04-07,2000
601019,山东出版,15527000000.000002,教育出版,155.27,LARGE,2017-11-21,2017
002508,老板电器,15544000000.0,厨房电器,155.44,LARGE,2010-12-02,2010
300364,中文在线,15546000000.0,文字媒体,155.46,LARGE,2015-09-16,2015
000833,粤桂股份,15560000000.0,综合Ⅲ,155.6,LARGE,2001-03-01,2001
605296,神农集团,15561000000.000002,生猪养殖,155.61,LARGE,2021-05-27,2021
603317,天味食品,15569999999.999998,调味发酵品Ⅲ,155.7,LARGE,2019-04-15,2019
301029,怡合达,15577000000.000002,其他自动化设备,155.77,LARGE,2021-07-22,2021
300676,华大基因,15616000000.0,诊断服务,156.16,LARGE,2017-07-27,2017
000970,中科三环,15634000000.0,磁性材料,156.34,LARGE,2000-08-18,2000
603355,莱克电气,15654000000.0,清洁小家电,156.54,LARGE,2015-05-12,2015
002745,木林森,15658000000.000002,LED,156.58,LARGE,2015-12-29,2015
000620,盈新发展,15678000000.0,住宅开发,156.78,LARGE,2005-09-27,2005
000537,绿发电力,15685000000.0,风力发电,156.85,LARGE,2000-12-28,2000
000563,陕国投Ａ,15700000000.0,信托,157.0,LARGE,2000-10-26,2000
002149,西部材料,15716000000.0,其他小金属,157.16,LARGE,2008-05-23,2008
002310,东方新能,15718000000.0,光伏发电,157.18,LARGE,2010-11-18,2010
000723,美锦能源,15721000000.0,焦炭Ⅲ,157.21,LARGE,2002-05-31,2002
300179,四方达,15722999999.999998,磨具磨料,157.23,LARGE,2011-10-13,2011
002312,川发龙蟒,15743000000.0,磷肥及磷化工,157.43,LARGE,2011-08-10,2011
300835,龙磁科技,15761000000.000002,磁性材料,157.61,LARGE,2020-05-22,2020
300723,一品红,15805000000.000002,化学制剂,158.05,LARGE,2017-11-15,2017
000766,通化金马,15812000000.0,化学制剂,158.12,LARGE,2002-01-31,2002
001213,中铁特货,15822000000.0,铁路运输,158.22,LARGE,2021-09-07,2021
601678,滨化股份,15827000000.000002,氯碱,158.27,LARGE,2010-03-05,2010
000600,建投能源,15832000000.0,火力发电,158.32,LARGE,2001-03-01,2001
001331,胜通能源,15838000000.0,燃气Ⅲ,158.38,LARGE,2022-10-26,2022
001221,悍高集团,15863999999.999998,其他家居用品,158.64,LARGE,2025-07-29,2025
300679,电连技术,15931000000.0,消费电子零部件及组装,159.31,LARGE,2017-08-11,2017
601921,浙版传媒,15933000000.000002,教育出版,159.33,LARGE,2021-07-22,2021
001287,中电港,15950000000.0,其他电子Ⅲ,159.5,LARGE,2023-04-07,2023
603618,杭电股份,15971000000.0,线缆部件及其他,159.71,LARGE,2015-03-30,2015
300144,宋城演艺,15991999999.999998,人工景区,159.92,LARGE,2011-04-27,2011
000050,深天马Ａ,16003000000.0,面板,160.03,LARGE,2001-03-21,2001
600435,北方导航,16016000000.0,地面兵装Ⅲ,160.16,LARGE,2004-07-30,2004
002975,博杰股份,16034000000.0,工控设备,160.34,LARGE,2020-02-04,2020
600928,西安银行,16044000000.0,城商行Ⅲ,160.44,LARGE,2019-02-28,2019
600763,通策医疗,16049000000.0,医院,160.49,LARGE,2001-10-08,2001
601038,一拖股份,16068000000.0,农用机械,160.68,LARGE,2012-08-07,2012
601519,大智慧,16072000000.0,垂直应用软件,160.72,LARGE,2011-09-22,2011
000682,东方电子,16075000000.0,电网自动化设备,160.75,LARGE,2001-05-23,2001
600528,中铁工业,16084000000.0,基建市政工程,160.84,LARGE,2001-12-04,2001
603124,江南新材,16094999999.999998,其他金属新材料,160.95,LARGE,2025-03-19,2025
600171,上海贝岭,16107000000.0,模拟芯片设计,161.07,LARGE,2000-06-20,2000
300761,立华股份,16122999999.999998,肉鸡养殖,161.23,LARGE,2019-02-15,2019
301171,易点天下,16137000000.0,营销代理,161.37,LARGE,2022-08-23,2022
301319,唯特偶,16152000000.000002,电子化学品Ⅲ,161.52,LARGE,2022-09-28,2022
301362,民爆光电,16166000000.0,照明设备Ⅲ,161.66,LARGE,2023-08-17,2023
600761,安徽合力,16211000000.000002,工程机械整机,162.11,LARGE,2000-03-24,2000
000685,中山公用,16233000000.000002,水务及水治理,162.33,LARGE,2000-07-14,2000
300002,神州泰岳,16269000000.0,游戏Ⅲ,162.69,LARGE,2010-04-27,2010
600114,东睦股份,16271000000.0,金属制品,162.71,LARGE,2004-08-17,2004
600577,精达股份,16284000000.0,线缆部件及其他,162.84,LARGE,2003-12-03,2003
601369,陕鼓动力,16287000000.0,能源及重型设备,162.87,LARGE,2010-07-16,2010
601101,昊华能源,16315000000.0,动力煤,163.15,LARGE,2010-09-09,2010
001337,四川黄金,16376000000.0,黄金,163.76,LARGE,2023-03-02,2023
300773,拉卡拉,16408000000.000002,金融信息服务,164.08,LARGE,2019-04-24,2019
600739,辽宁成大,16411000000.000002,疫苗,164.11,LARGE,2000-12-01,2000
603858,步长制药,16483000000.000002,中药Ⅲ,164.83,LARGE,2016-11-17,2016
000032,深桑达Ａ,16490000000.0,其他专业工程,164.9,LARGE,2001-05-23,2001
601966,玲珑轮胎,16494000000.0,轮胎轮毂,164.94,LARGE,2016-08-01,2016
301498,乖宝宠物,16499000000.0,宠物食品,164.99,LARGE,2023-08-15,2023
601636,旗滨集团,16509000000.0,玻璃制造,165.09,LARGE,2011-08-30,2011
600867,通化东宝,16511000000.000002,其他生物制品,165.11,LARGE,2000-06-12,2000
002936,郑州银行,16547999999.999998,城商行Ⅲ,165.48,LARGE,2018-09-18,2018
002563,森马服饰,16569000000.0,非运动服装,165.69,LARGE,2011-04-07,2011
605020,永和股份,16632000000.0,氟化工,166.32,LARGE,2021-07-08,2021
001696,宗申动力,16649000000.0,其他通用设备,166.49,LARGE,2001-05-29,2001
603786,科博达,16663000000.0,汽车电子电气系统,166.63,LARGE,2019-10-14,2019
600750,华润江中,16671000000.0,中药Ⅲ,166.71,LARGE,2000-08-30,2000
002439,启明星辰,16705000000.000002,横向通用软件,167.05,LARGE,2011-06-30,2011
300975,商络电子,16708000000.000002,被动元件,167.08,LARGE,2021-04-20,2021
603773,沃格光电,16713000000.0,面板,167.13,LARGE,2018-04-16,2018
000009,中国宝安,16765000000.0,综合Ⅲ,167.65,LARGE,2000-11-17,2000
000969,安泰科技,16766000000.0,其他金属新材料,167.66,LARGE,2000-12-22,2000
605196,华通线缆,16769999999.999998,线缆部件及其他,167.7,LARGE,2021-05-10,2021
600500,中化国际,16829000000.0,其他化学制品,168.29,LARGE,2000-07-20,2000
601975,招商南油,16849000000.0,航运,168.49,LARGE,2019-01-08,2019
300088,长信科技,16885000000.0,面板,168.85,LARGE,2012-04-16,2012
603115,海星股份,16911000000.000002,被动元件,169.11,LARGE,2019-08-08,2019
603733,仙鹤股份,16916999999.999998,特种纸,169.17,LARGE,2018-04-19,2018
000680,山推股份,16937000000.0,工程机械整机,169.37,LARGE,2000-05-19,2000
002192,融捷股份,17018000000.0,锂,170.18,LARGE,2008-06-30,2008
000581,威孚高科,17025000000.0,底盘与发动机系统,170.25,LARGE,2000-04-07,2000
301486,致尚科技,17030000000.000002,消费电子零部件及组装,170.3,LARGE,2023-07-20,2023
603950,长源东谷,17108000000.000002,底盘与发动机系统,171.08,LARGE,2020-06-08,2020
300718,长盛轴承,17141000000.0,金属制品,171.41,LARGE,2017-11-03,2017
301219,腾远钴业,17162000000.0,钴,171.62,LARGE,2022-03-16,2022
002958,青农商行,17166999999.999998,农商行Ⅲ,171.67,LARGE,2019-03-25,2019
000935,四川双马,17177000000.000002,资产管理,171.77,LARGE,2001-10-24,2001
600623,华谊集团,17189000000.0,煤化工,171.89,LARGE,2000-09-12,2000
300146,汤臣倍健,17221000000.0,保健品,172.21,LARGE,2011-08-25,2011
000603,盛达资源,17249000000.0,白银,172.49,LARGE,2003-07-01,2003
300140,节能环境,17262000000.0,固废治理,172.62,LARGE,2011-10-11,2011
000902,新洋丰,17265000000.0,复合肥,172.65,LARGE,2000-12-20,2000
601609,金田股份,17407000000.0,铜,174.07,LARGE,2020-04-21,2020
603991,领先股份,17407000000.0,半导体材料,174.07,LARGE,2017-03-20,2017
002326,永太科技,17448000000.0,氟化工,174.48,LARGE,2010-06-23,2010
300323,华灿光电,17496000000.0,LED,174.96,LARGE,2013-11-15,2013
603638,艾迪精密,17508000000.0,工程机械器件,175.08,LARGE,2017-01-19,2017
600062,华润双鹤,17542000000.0,化学制剂,175.42,LARGE,2000-07-05,2000
600120,浙江东方,17555000000.0,金融控股,175.55,LARGE,2001-01-09,2001
603000,人民网,17569000000.0,门户网站,175.69,LARGE,2012-04-26,2012
300277,汽轮科技,17577000000.0,IT服务Ⅲ,175.77,LARGE,2012-03-21,2012
603358,华达科技,17582000000.0,其他汽车零部件,175.82,LARGE,2017-02-07,2017
601969,海南矿业,17583000000.0,油气开采Ⅲ,175.83,LARGE,2015-02-25,2015
601107,四川成渝,17584000000.0,高速公路,175.84,LARGE,2009-09-02,2009
002925,盈趣科技,17594000000.0,消费电子零部件及组装,175.94,LARGE,2018-01-16,2018
002145,钛能化学,17625000000.0,钛白粉,176.25,LARGE,2009-03-18,2009
603186,华正新材,17626000000.0,印制电路板,176.26,LARGE,2016-12-30,2016
600316,洪都航空,17627000000.0,航空装备Ⅲ,176.27,LARGE,2001-07-11,2001
000591,太阳能,17650000000.0,光伏发电,176.5,LARGE,2000-11-03,2000
600820,隧道股份,17670000000.0,基建市政工程,176.7,LARGE,2000-07-21,2000
300257,开山股份,17677000000.0,其他通用设备,176.77,LARGE,2011-11-04,2011
600655,豫园股份,17705000000.0,商业物业经营,177.05,LARGE,2001-10-16,2001
300888,稳健医疗,17716000000.0,生活用纸,177.16,LARGE,2020-09-16,2020
600032,浙江新能,17722000000.0,光伏发电,177.22,LARGE,2021-05-24,2021
300843,胜蓝股份,17723000000.0,消费电子零部件及组装,177.23,LARGE,2020-07-01,2020
300821,东岳硅材,17808000000.0,有机硅,178.08,LARGE,2020-03-11,2020
002044,美年健康,17810000000.0,医院,178.1,LARGE,2006-11-13,2006
002270,华明装备,17826000000.0,输变电设备,178.26,LARGE,2009-07-15,2009
002249,大洋电机,17836000000.0,电机Ⅲ,178.36,LARGE,2008-12-19,2008
000997,新 大 陆,17841000000.0,其他计算机设备,178.41,LARGE,2001-06-06,2001
001386,马可波罗,17900000000.0,瓷砖地板,179.0,LARGE,2025-10-21,2025
000528,柳    工,17913000000.0,工程机械整机,179.13,LARGE,2000-05-17,2000
000543,皖能电力,17931000000.0,火力发电,179.31,LARGE,2000-05-16,2000
603871,嘉友国际,17935000000.0,跨境物流,179.35,LARGE,2018-02-05,2018
301275,汉朔科技,17969000000.0,其他电子Ⅲ,179.69,LARGE,2025-03-10,2025
600606,绿地控股,18130000000.0,住宅开发,181.3,LARGE,2001-09-07,2001
300083,创世纪,18164000000.0,工控设备,181.64,LARGE,2010-12-07,2010
300747,锐科激光,18218000000.0,激光设备,182.18,LARGE,2018-06-22,2018
002979,雷赛智能,18220000000.0,机器人,182.2,LARGE,2020-04-07,2020
300199,翰宇药业,18230000000.0,化学制剂,182.3,LARGE,2011-11-24,2011
002491,通鼎互联,18241000000.0,通信线缆及配套,182.41,LARGE,2011-10-18,2011
300762,上海瀚讯,18242000000.0,军工电子Ⅲ,182.42,LARGE,2019-03-13,2019
300638,广和通,18255000000.0,通信终端及配件,182.55,LARGE,2017-04-21,2017
002518,科士达,18259000000.0,其他电源设备Ⅲ,182.59,LARGE,2011-01-21,2011
300398,飞凯材料,18270000000.0,电子化学品Ⅲ,182.7,LARGE,2015-02-27,2015
002389,航天彩虹,18359000000.0,航空装备Ⅲ,183.59,LARGE,2011-06-10,2011
600179,安通控股,18365000000.0,航运,183.65,LARGE,2001-05-30,2001
002901,大博医疗,18399000000.0,医疗耗材,183.99,LARGE,2017-09-21,2017
002739,儒意电影,18415000000.0,院线,184.15,LARGE,2016-11-25,2016
002402,和而泰,18495000000.0,家电零部件Ⅲ,184.95,LARGE,2010-06-23,2010
000937,冀中能源,18579000000.0,焦煤,185.79,LARGE,2000-05-25,2000
600612,老凤祥,18592000000.0,钟表珠宝,185.92,LARGE,2000-05-30,2000
600835,上海机电,18625000000.0,楼宇设备,186.25,LARGE,2000-04-17,2000
600131,国网信通,18634000000.0,IT服务Ⅲ,186.34,LARGE,2000-06-16,2000
601139,深圳燃气,18641000000.0,燃气Ⅲ,186.41,LARGE,2010-01-19,2010
600057,厦门象屿,18652000000.0,原材料供应链服务,186.52,LARGE,2002-11-20,2002
600380,健康元,18660000000.0,化学制剂,186.6,LARGE,2002-01-14,2002
600518,康美药业,18669000000.0,中药Ⅲ,186.69,LARGE,2001-08-30,2001
001359,平安电工,18675000000.0,膜材料,186.75,LARGE,2024-03-27,2024
603658,安图生物,18703000000.0,体外诊断,187.03,LARGE,2016-08-31,2016
600339,中油工程,18704000000.0,油气及炼化工程,187.04,LARGE,2001-11-27,2001
603529,爱玛科技,18711000000.0,其他运输设备,187.11,LARGE,2021-06-11,2021
601098,中南传媒,18714000000.0,教育出版,187.14,LARGE,2010-11-04,2010
605198,安德利,18765000000.0,果蔬加工,187.65,LARGE,2020-09-17,2020
000686,东北证券,18817000000.0,证券Ⅲ,188.17,LARGE,2001-02-05,2001
600927,永安期货,18856000000.0,期货,188.56,LARGE,2021-12-22,2021
002237,恒邦股份,18890000000.0,黄金,188.9,LARGE,2008-07-08,2008
603516,淳中科技,18890000000.0,其他计算机设备,188.9,LARGE,2018-02-01,2018
603337,杰克科技,18923000000.0,纺织服装设备,189.23,LARGE,2017-01-18,2017
001365,天海电子,19016000000.0,汽车电子电气系统,190.16,LARGE,2026-05-15,2026
002265,建设工业,19060000000.0,底盘与发动机系统,190.6,LARGE,2009-02-13,2009
603056,德邦股份,19068000000.0,物流,190.68,LARGE,2018-01-16,2018
300503,昊志机电,19073000000.0,其他通用设备,190.73,LARGE,2016-03-15,2016
600007,中国国贸,19098000000.0,商业地产,190.98,LARGE,2000-04-04,2000
301301,川宁生物,19153000000.0,原料药,191.53,LARGE,2022-12-26,2022
300568,星源材质,19154000000.0,电池化学品,191.54,LARGE,2016-11-30,2016
000898,鞍钢股份,19207000000.0,板材,192.07,LARGE,2000-04-20,2000
603667,五洲新春,19265000000.0,金属制品,192.65,LARGE,2017-02-09,2017
601375,中原证券,19268000000.0,证券Ⅲ,192.68,LARGE,2016-12-30,2016
002500,山西证券,19277000000.0,证券Ⅲ,192.77,LARGE,2011-05-20,2011
000875,电投绿能,19297000000.0,电能综合服务,192.97,LARGE,2003-08-20,2003
002461,珠江啤酒,19300000000.0,啤酒,193.0,LARGE,2010-11-09,2010
603005,晶方科技,19324000000.0,集成电路封测,193.24,LARGE,2014-02-12,2014
603588,高能环境,19376000000.0,固废治理,193.76,LARGE,2015-06-02,2015
603530,神马电力,19400000000.0,线缆部件及其他,194.0,LARGE,2019-08-02,2019
002611,东方精工,19404000000.0,印刷包装机械,194.04,LARGE,2012-09-05,2012
300142,沃森生物,19496000000.0,疫苗,194.96,LARGE,2011-12-26,2011
600967,内蒙一机,19537000000.0,地面兵装Ⅲ,195.37,LARGE,2005-03-17,2005
000519,中兵红箭,19538000000.0,地面兵装Ⅲ,195.38,LARGE,2001-03-09,2001
603092,德力佳,19548000000.0,风电零部件,195.48,LARGE,2025-11-06,2025
601326,秦港股份,19556000000.0,港口,195.56,LARGE,2017-08-15,2017
001270,铖昌科技,19626000000.0,军工电子Ⅲ,196.26,LARGE,2022-06-10,2022
603341,龙旗科技,19629000000.0,消费电子零部件及组装,196.29,LARGE,2024-02-29,2024
300602,飞荣达,19740000000.0,消费电子零部件及组装,197.4,LARGE,2017-01-25,2017
603290,斯达半导,19745000000.0,分立器件,197.45,LARGE,2020-02-03,2020
002120,韵达股份,19802000000.0,快递,198.02,LARGE,2007-09-07,2007
002318,久立特材,19856000000.0,特钢Ⅲ,198.56,LARGE,2010-02-01,2010
600353,旭光电子,19858000000.0,其他电子Ⅲ,198.58,LARGE,2003-07-16,2003
603728,鸣志电器,19859000000.0,电机Ⅲ,198.59,LARGE,2017-05-08,2017
600808,马钢股份,19868000000.0,板材,198.68,LARGE,2000-04-19,2000
002773,康弘药业,19938000000.0,其他生物制品,199.38,LARGE,2015-06-25,2015
601187,厦门银行,20005000000.0,城商行Ⅲ,200.05,LARGE,2020-10-26,2020
300724,捷佳伟创,20016000000.0,光伏加工设备,200.16,LARGE,2018-08-09,2018
002396,星网锐捷,20018000000.0,通信网络设备及器件,200.18,LARGE,2011-05-03,2011
603678,火炬电子,20069000000.0,军工电子Ⅲ,200.69,LARGE,2015-02-16,2015
001896,豫能控股,20079000000.0,火力发电,200.79,LARGE,2001-01-17,2001
601666,平煤股份,20101000000.0,焦煤,201.01,LARGE,2006-12-08,2006
001301,尚太科技,20109000000.0,电池化学品,201.09,LARGE,2022-12-27,2022
603306,华懋科技,20132000000.0,车身附件及饰件,201.32,LARGE,2014-11-20,2014
300726,宏达电子,20139000000.0,军工电子Ⅲ,201.39,LARGE,2017-11-20,2017
003021,兆威机电,20161000000.0,电机Ⅲ,201.61,LARGE,2020-12-03,2020
002624,完美世界,20176000000.0,游戏Ⅲ,201.76,LARGE,2013-06-04,2013
300260,新莱应材,20186000000.0,金属制品,201.86,LARGE,2012-01-05,2012
603730,岱美股份,20197000000.0,车身附件及饰件,201.97,LARGE,2017-08-17,2017
600004,白云机场,20206000000.0,机场,202.06,LARGE,2003-07-15,2003
601158,重庆水务,20208000000.0,水务及水治理,202.08,LARGE,2010-04-20,2010
300623,捷捷微电,20261000000.0,分立器件,202.61,LARGE,2017-03-13,2017
301035,润丰股份,20266000000.0,农药,202.66,LARGE,2021-07-27,2021
603236,移远通信,20333000000.0,通信终端及配件,203.33,LARGE,2019-07-15,2019
002299,圣农发展,20344000000.0,肉鸡养殖,203.44,LARGE,2010-04-26,2010
000158,常山北明,20350000000.0,IT服务Ⅲ,203.5,LARGE,2001-03-09,2001
600582,天地科技,20362000000.0,能源及重型设备,203.62,LARGE,2002-10-24,2002
000029,深深房Ａ,20365000000.0,住宅开发,203.65,LARGE,2004-07-02,2004
002364,中恒电气,20390000000.0,其他电源设备Ⅲ,203.9,LARGE,2010-06-03,2010
002568,百润股份,20405000000.0,其他酒类,204.05,LARGE,2011-07-12,2011
300085,银之杰,20464000000.0,垂直应用软件,204.64,LARGE,2011-04-18,2011
601677,明泰铝业,20465000000.0,铝,204.65,LARGE,2011-09-22,2011
600754,锦江酒店,20505000000.0,酒店,205.05,LARGE,2000-11-24,2000
002497,雅化集团,20527000000.0,民爆制品,205.27,LARGE,2011-02-09,2011
000825,太钢不锈,20563000000.0,特钢Ⅲ,205.63,LARGE,2000-09-19,2000
603876,鼎胜新材,20602000000.0,铝,206.02,LARGE,2018-04-17,2018
300456,赛微电子,20604000000.0,集成电路制造,206.04,LARGE,2015-12-22,2015
601997,贵阳银行,20694000000.0,城商行Ⅲ,206.94,LARGE,2016-08-15,2016
600516,方大炭素,20734000000.0,冶钢辅料,207.34,LARGE,2003-04-25,2003
601118,海南橡胶,20755000000.0,其他种植业,207.55,LARGE,2011-07-22,2011
600970,中材国际,20765000000.0,国际工程,207.65,LARGE,2005-11-01,2005
603881,数据港,20784000000.0,通信应用增值服务,207.84,LARGE,2017-02-09,2017
300489,光智科技,20828000000.0,光学元件,208.28,LARGE,2015-07-14,2015
603077,和邦生物,20843000000.0,磷肥及磷化工,208.43,LARGE,2012-12-03,2012
601106,中国一重,20848000000.0,能源及重型设备,208.48,LARGE,2010-03-04,2010
600906,财达证券,20865000000.0,证券Ⅲ,208.65,LARGE,2021-05-06,2021
603816,顾家家居,20881000000.0,成品家居,208.81,LARGE,2016-10-19,2016
600170,上海建工,20882000000.0,房屋建设Ⅲ,208.82,LARGE,2000-06-29,2000
003035,南网能源,20909000000.0,电能综合服务,209.09,LARGE,2021-01-18,2021
600511,国药股份,20937000000.0,医药流通,209.37,LARGE,2003-10-28,2003
301297,富乐德,20947000000.0,半导体设备,209.47,LARGE,2023-01-13,2023
603119,浙江荣泰,20976000000.0,其他汽车零部件,209.76,LARGE,2023-07-31,2023
600765,中航重机,20990000000.0,航空装备Ⅲ,209.9,LARGE,2000-08-17,2000
601608,中信重工,21112000000.0,能源及重型设备,211.12,LARGE,2013-02-19,2013
002768,国恩股份,21151000000.0,改性塑料,211.51,LARGE,2015-07-03,2015
002423,中粮资本,21152000000.0,金融控股,211.52,LARGE,2011-02-22,2011
002683,广东宏大,21155000000.0,民爆制品,211.55,LARGE,2013-03-07,2013
600126,杭钢股份,21209000000.0,板材,212.09,LARGE,2000-08-03,2000
300699,光威复材,21266000000.0,航空装备Ⅲ,212.66,LARGE,2017-08-31,2017
600848,上海临港,21290000000.0,产业地产,212.9,LARGE,2001-11-28,2001
603435,嘉德利,21296000000.0,电子化学品Ⅲ,212.96,LARGE,2026-05-21,2026
002895,川恒股份,21304000000.0,磷肥及磷化工,213.04,LARGE,2017-08-30,2017
603899,晨光股份,21439000000.0,文化用品,214.39,LARGE,2015-01-26,2015
002468,申通快递,21477000000.0,快递,214.77,LARGE,2011-04-07,2011
600008,首创环保,21508000000.0,水务及水治理,215.08,LARGE,2000-09-14,2000
603833,欧派家居,21521000000.0,定制家居,215.21,LARGE,2017-04-06,2017
300738,奥飞数据,21576000000.0,通信应用增值服务,215.76,LARGE,2018-01-18,2018
601333,广深铁路,21605000000.0,铁路运输,216.05,LARGE,2007-01-09,2007
603233,大参林,21615000000.0,线下药店,216.15,LARGE,2017-07-28,2017
300953,震裕科技,21643000000.0,锂电池,216.43,LARGE,2021-03-17,2021
600598,北大荒,21688000000.0,粮食种植,216.88,LARGE,2002-08-28,2002
002153,石基信息,21697000000.0,垂直应用软件,216.97,LARGE,2008-02-25,2008
002335,科华数据,21727000000.0,其他电源设备Ⅲ,217.27,LARGE,2010-07-16,2010
301606,绿联科技,21758000000.0,品牌消费电子,217.58,LARGE,2024-07-25,2024
603737,三棵树,21772000000.0,涂料,217.72,LARGE,2016-06-02,2016
600548,深高速,21800000000.0,高速公路,218.0,LARGE,2002-04-04,2002
000623,吉林敖东,21813000000.0,中药Ⅲ,218.13,LARGE,2000-08-04,2000
600550,保变电气,21822000000.0,输变电设备,218.22,LARGE,2001-11-09,2001
002926,华西证券,21840000000.0,证券Ⅲ,218.4,LARGE,2018-02-02,2018
000598,兴蓉环境,21873000000.0,水务及水治理,218.73,LARGE,2000-05-30,2000
600038,中直股份,21916000000.0,航空装备Ⅲ,219.16,LARGE,2001-08-27,2001
601069,西部黄金,21919000000.0,黄金,219.19,LARGE,2015-07-21,2015
603565,中谷物流,21946000000.0,航运,219.46,LARGE,2020-09-24,2020
603663,三祥新材,21962000000.0,无机盐,219.62,LARGE,2016-07-29,2016
002085,万丰奥威,21976000000.0,轮胎轮毂,219.76,LARGE,2007-08-08,2007
000709,河钢股份,22018000000.0,板材,220.18,LARGE,2000-11-27,2000
002716,湖南白银,22020000000.0,白银,220.2,LARGE,2014-11-11,2014
605111,新洁能,22087000000.0,分立器件,220.87,LARGE,2020-09-25,2020
002065,东华软件,22182000000.0,IT服务Ⅲ,221.82,LARGE,2008-03-06,2008
002317,众生药业,22260000000.0,中药Ⅲ,222.6,LARGE,2010-03-30,2010
600132,重庆啤酒,22311000000.0,啤酒,223.11,LARGE,2000-08-03,2000
002262,恩华药业,22347000000.0,化学制剂,223.47,LARGE,2008-07-31,2008
300814,中富电路,22353000000.0,印制电路板,223.53,LARGE,2021-08-11,2021
600390,五矿资本,22355000000.0,金融控股,223.55,LARGE,2001-11-09,2001
000733,振华科技,22383000000.0,军工电子Ⅲ,223.83,LARGE,2000-04-27,2000
600098,广州发展,22402000000.0,火力发电,224.02,LARGE,2000-05-12,2000
000887,中鼎股份,22407000000.0,其他汽车零部件,224.07,LARGE,2001-07-13,2001
600320,振华重工,22446000000.0,能源及重型设备,224.46,LARGE,2001-04-16,2001
600330,天通股份,22461000000.0,电子化学品Ⅲ,224.61,LARGE,2001-10-18,2001
001339,智微智能,22513000000.0,其他计算机设备,225.13,LARGE,2022-08-12,2022
000062,深圳华强,22518000000.0,其他电子Ⅲ,225.18,LARGE,2000-09-28,2000
600388,龙净环保,22594000000.0,环保设备Ⅲ,225.94,LARGE,2001-05-08,2001
300073,当升科技,22621000000.0,电池化学品,226.21,LARGE,2010-10-28,2010
601567,三星电气,22652000000.0,配电设备,226.52,LARGE,2011-08-30,2011
000547,000547,22666000000.0,军工电子Ⅲ,226.66,LARGE,2002-02-04,2002
600246,万通发展,22675000000.0,住宅开发,226.75,LARGE,2002-03-22,2002
600486,扬农化工,22679000000.0,农药,226.79,LARGE,2002-07-18,2002
300627,华测导航,22708000000.0,通信终端及配件,227.08,LARGE,2017-03-20,2017
605090,九丰能源,22716000000.0,燃气Ⅲ,227.16,LARGE,2021-06-08,2021
603596,伯特利,22800000000.0,底盘与发动机系统,228.0,LARGE,2018-04-26,2018
300779,惠城环保,22821000000.0,固废治理,228.21,LARGE,2019-05-21,2019
002430,杭氧股份,22845000000.0,其他化学制品,228.45,LARGE,2010-07-16,2010
000088,盐 田 港,22878000000.0,港口,228.78,LARGE,2000-08-22,2000
300255,常山药业,22940000000.0,化学制剂,229.4,LARGE,2011-09-29,2011
301550,斯菱智驱,22955000000.0,底盘与发动机系统,229.55,LARGE,2023-09-14,2023
002015,协鑫能科,23003000000.0,热力服务,230.03,LARGE,2006-12-15,2006
603823,百合花,23042000000.0,涂料油墨,230.42,LARGE,2016-12-19,2016
002670,国盛证券,23047000000.0,证券Ⅲ,230.47,LARGE,2013-04-10,2013
000400,许继电气,23051000000.0,电网自动化设备,230.51,LARGE,2001-03-08,2001
600873,梅花生物,23051000000.0,食品及饲料添加剂,230.51,LARGE,2001-08-13,2001
002130,沃尔核材,23070000000.0,其他电子Ⅲ,230.7,LARGE,2007-09-11,2007
601865,福莱特,23077000000.0,光伏辅材,230.77,LARGE,2019-02-14,2019
601128,常熟银行,23093000000.0,农商行Ⅲ,230.93,LARGE,2016-09-29,2016
600602,云赛智联,23168000000.0,垂直应用软件,231.68,LARGE,2001-06-13,2001
600977,中国电影,23225000000.0,影视动漫制作,232.25,LARGE,2016-08-08,2016
601228,广州港,23237000000.0,港口,232.37,LARGE,2017-03-28,2017
603301,振德医疗,23245000000.0,医疗耗材,232.45,LARGE,2018-04-11,2018
000155,川能动力,23317000000.0,风力发电,233.17,LARGE,2003-07-14,2003
301626,苏州天脉,23367000000.0,消费电子零部件及组装,233.67,LARGE,2024-10-23,2024
600100,同方股份,23385000000.0,其他计算机设备,233.85,LARGE,2000-12-13,2000
601016,节能风电,23429000000.0,风力发电,234.29,LARGE,2014-10-24,2014
601099,太平洋,23448000000.0,证券Ⅲ,234.48,LARGE,2008-02-15,2008
300903,科翔股份,23450000000.0,印制电路板,234.5,LARGE,2020-11-04,2020
000683,博源化工,23453000000.0,纯碱,234.53,LARGE,2000-12-18,2000
603061,金海通,23498000000.0,半导体设备,234.98,LARGE,2023-03-02,2023
002536,飞龙股份,23520000000.0,底盘与发动机系统,235.2,LARGE,2011-02-09,2011
603920,世运电路,23563000000.0,印制电路板,235.63,LARGE,2017-04-28,2017
002545,东方铁塔,23587000000.0,钾肥,235.87,LARGE,2012-01-31,2012
603688,石英股份,23601000000.0,非金属材料Ⅲ,236.01,LARGE,2014-11-04,2014
300012,华测检测,23627000000.0,检测服务,236.27,LARGE,2010-03-25,2010
001267,汇绿生态,23644000000.0,通信网络设备及器件,236.44,LARGE,2021-11-22,2021
300024,机器人,23719000000.0,机器人,237.19,LARGE,2009-11-12,2009
603885,吉祥航空,23751000000.0,航空运输,237.51,LARGE,2015-06-11,2015
603067,振华股份,23769000000.0,无机盐,237.69,LARGE,2016-10-10,2016
600396,华电辽能,23799000000.0,火力发电,237.99,LARGE,2001-11-28,2001
300383,光环新网,23818000000.0,通信应用增值服务,238.18,LARGE,2014-11-11,2014
600535,天士力,23829000000.0,中药Ⅲ,238.29,LARGE,2002-12-04,2002
300003,乐普医疗,23872000000.0,医疗耗材,238.72,LARGE,2010-04-27,2010
002180,奔图科技,23873000000.0,其他计算机设备,238.73,LARGE,2009-04-15,2009
601399,国机重装,23877000000.0,能源及重型设备,238.77,LARGE,2020-06-08,2020
000962,东方钽业,23899000000.0,其他小金属,238.99,LARGE,2001-05-11,2001
002498,汉缆股份,23920000000.0,线缆部件及其他,239.2,LARGE,2011-03-04,2011
600259,中稀有色,23931000000.0,稀土,239.31,LARGE,2002-12-18,2002
000739,普洛药业,23933000000.0,原料药,239.33,LARGE,2000-08-15,2000
002266,浙富控股,24009000000.0,固废治理,240.09,LARGE,2009-04-10,2009
601606,长城军工,24139000000.0,地面兵装Ⅲ,241.39,LARGE,2018-08-03,2018
603605,珀莱雅,24206000000.0,品牌化妆品,242.06,LARGE,2017-11-14,2017
002007,华兰生物,24209000000.0,疫苗,242.09,LARGE,2004-10-13,2004
000738,航发控制,24239000000.0,航空装备Ⅲ,242.39,LARGE,2000-08-03,2000
002046,国机精工,24289000000.0,磨具磨料,242.89,LARGE,2006-01-04,2006
600961,株冶集团,24311000000.0,铅锌,243.11,LARGE,2005-01-06,2005
600208,衢州发展,24336000000.0,住宅开发,243.36,LARGE,2000-11-01,2000
300763,锦浪科技,24357000000.0,逆变器,243.57,LARGE,2019-03-18,2019
600521,华海药业,24360000000.0,化学制剂,243.6,LARGE,2003-06-12,2003
300811,铂科新材,24381000000.0,磁性材料,243.81,LARGE,2019-12-27,2019
300558,贝达药业,24411000000.0,化学制剂,244.11,LARGE,2016-11-04,2016
000830,鲁西化工,24451000000.0,煤化工,244.51,LARGE,2000-04-28,2000
000750,国海证券,24459000000.0,证券Ⅲ,244.59,LARGE,2005-01-20,2005
002459,晶澳科技,24459000000.0,光伏电池组件,244.59,LARGE,2010-12-24,2010
603160,汇顶科技,24506000000.0,模拟芯片设计,245.06,LARGE,2016-10-28,2016
002152,广电运通,24511000000.0,其他计算机设备,245.11,LARGE,2007-11-26,2007
600583,海油工程,24539000000.0,油气及炼化工程,245.39,LARGE,2002-05-14,2002
600575,淮河能源,24582000000.0,火力发电,245.82,LARGE,2004-12-02,2004
002465,海格通信,24645000000.0,军工电子Ⅲ,246.45,LARGE,2011-04-15,2011
002456,欧菲光,24646000000.0,光学元件,246.46,LARGE,2010-12-06,2010
002222,福晶科技,24716000000.0,光学元件,247.16,LARGE,2008-03-28,2008
600546,山煤国际,24761000000.0,动力煤,247.61,LARGE,2004-03-03,2004
600566,济川药业,24813000000.0,中药Ⅲ,248.13,LARGE,2002-05-23,2002
601928,凤凰传媒,24813000000.0,教育出版,248.13,LARGE,2012-02-23,2012
600161,天坛生物,24836000000.0,血液制品,248.36,LARGE,2000-12-21,2000
600816,建元信托,24906000000.0,信托,249.06,LARGE,2002-06-24,2002
600095,湘财股份,25075000000.0,证券Ⅲ,250.75,LARGE,2000-07-21,2000
600166,福田汽车,25098000000.0,商用载货车,250.98,LARGE,2000-06-21,2000
000967,盈峰环境,25228000000.0,环保设备Ⅲ,252.28,LARGE,2001-08-10,2001
000737,北方铜业,25257000000.0,铜,252.57,LARGE,2000-07-03,2000
000564,供销大集,25281000000.0,百货,252.81,LARGE,2002-05-28,2002
002756,永兴材料,25305000000.0,锂,253.05,LARGE,2015-12-01,2015
003022,联泓新科,25309000000.0,光伏辅材,253.09,LARGE,2020-12-07,2020
000791,甘肃能源,25334000000.0,火力发电,253.34,LARGE,2000-07-27,2000
600323,瀚蓝环境,25439000000.0,固废治理,254.39,LARGE,2001-07-18,2001
601918,新集能源,25465000000.0,动力煤,254.65,LARGE,2008-08-04,2008
601615,明阳智能,25487000000.0,风电整机,254.87,LARGE,2019-02-01,2019
600732,爱旭股份,25488000000.0,光伏电池组件,254.88,LARGE,2002-09-12,2002
600299,安迪苏,25593000000.0,食品及饲料添加剂,255.93,LARGE,2001-06-14,2001
603407,长裕集团,25619000000.0,无机盐,256.19,LARGE,2026-05-08,2026
000981,山子高科,25694000000.0,底盘与发动机系统,256.94,LARGE,2005-03-16,2005
600704,物产中大,25701000000.0,原材料供应链服务,257.01,LARGE,2001-02-12,2001
000034,神州数码,25744000000.0,IT服务Ⅲ,257.44,LARGE,2003-03-04,2003
600998,九州通,25817000000.0,医药流通,258.17,LARGE,2010-12-02,2010
600862,中航高科,25911000000.0,航空装备Ⅲ,259.11,LARGE,2002-05-23,2002
601112,振石股份,25931000000.0,玻纤制造,259.31,LARGE,2026-01-28,2026
601155,新城控股,25939999999.999996,商业地产,259.4,LARGE,2015-12-18,2015
600301,华锡有色,25973000000.0,其他小金属,259.73,LARGE,2001-03-26,2001
600153,建发股份,26038000000.0,原材料供应链服务,260.38,LARGE,2001-03-30,2001
300806,斯迪克,26077999999.999996,膜材料,260.78,LARGE,2019-11-22,2019
600641,先导基电,26086000000.0,半导体材料,260.86,LARGE,2001-04-23,2001
600595,中孚实业,26132000000.0,铝,261.32,LARGE,2003-02-24,2003
301345,涛涛车业,26423000000.0,摩托车,264.23,LARGE,2023-03-20,2023
300209,行云科技,26466000000.000004,垂直应用软件,264.66,LARGE,2012-08-31,2012
600737,中粮糖业,26479000000.000004,其他农产品加工,264.79,LARGE,2000-07-18,2000
000877,天山股份,26593000000.0,水泥制造,265.93,LARGE,2000-06-30,2000
002240,盛新锂能,26617000000.0,锂,266.17,LARGE,2009-07-31,2009
002378,章源钨业,26647000000.000004,钨,266.47,LARGE,2010-05-20,2010
600312,平高电气,26813000000.0,输变电设备,268.13,LARGE,2001-11-21,2001
002157,正邦科技,26825000000.0,生猪养殖,268.25,LARGE,2008-02-14,2008
300432,富临精工,26860000000.000004,电池化学品,268.6,LARGE,2015-07-22,2015
000932,华菱钢铁,26862000000.0,板材,268.62,LARGE,2001-03-08,2001
600637,东方明珠,26862000000.0,电视广播Ⅲ,268.62,LARGE,2001-09-20,2001
601799,星宇股份,26933999999.999996,车身附件及饰件,269.34,LARGE,2011-04-25,2011
603179,新泉股份,27018000000.0,汽车电子电气系统,270.18,LARGE,2017-03-16,2017
601156,东航物流,27020000000.0,跨境物流,270.2,LARGE,2021-06-08,2021
002859,洁美科技,27033000000.0,其他电子Ⅲ,270.33,LARGE,2017-04-20,2017
300474,景嘉微,27113000000.0,军工电子Ⅲ,271.13,LARGE,2016-04-11,2016
603444,吉比特,27118000000.0,游戏Ⅲ,271.18,LARGE,2017-01-03,2017
000951,中国重汽,27156000000.0,商用载货车,271.56,LARGE,2000-12-12,2000
300236,上海新阳,27164000000.0,电子化学品Ⅲ,271.64,LARGE,2011-08-22,2011
300496,中科创达,27241000000.000004,IT服务Ⅲ,272.41,LARGE,2016-03-14,2016
300570,太辰光,27255000000.0,通信网络设备及器件,272.55,LARGE,2016-12-05,2016
000415,渤海租赁,27397000000.000004,租赁,273.97,LARGE,2003-01-24,2003
601001,晋控煤业,27398000000.0,动力煤,273.98,LARGE,2007-03-29,2007
002245,蔚蓝锂芯,27408000000.0,锂电池,274.08,LARGE,2008-08-19,2008
002797,第一创业,27442000000.0,证券Ⅲ,274.42,LARGE,2016-06-02,2016
000513,丽珠集团,27454000000.000004,化学制剂,274.54,LARGE,2001-04-23,2001
603939,益丰药房,27520999999.999996,线下药店,275.21,LARGE,2015-08-07,2015
002608,江苏国信,27580000000.0,火力发电,275.8,LARGE,2013-04-03,2013
600369,西南证券,27644000000.0,证券Ⅲ,276.44,LARGE,2003-01-15,2003
002131,利欧股份,27697000000.000004,金属制品,276.97,LARGE,2008-10-27,2008
002025,航天电器,27732000000.0,军工电子Ⅲ,277.32,LARGE,2005-07-21,2005
002223,鱼跃医疗,27779000000.000004,医疗设备,277.79,LARGE,2008-08-15,2008
600777,新潮能源,27882000000.0,油气开采Ⅲ,278.82,LARGE,2001-11-28,2001
002603,以岭药业,27933999999.999996,中药Ⅲ,279.34,LARGE,2011-08-24,2011
000060,中金岭南,27935000000.000004,铅锌,279.35,LARGE,2000-05-22,2000
601000,唐山港,28267000000.0,港口,282.67,LARGE,2010-11-18,2010
601933,永辉超市,28292000000.0,超市,282.92,LARGE,2011-01-18,2011
002271,东方雨虹,28306000000.0,防水材料,283.06,LARGE,2008-10-24,2008
601717,中创智领,28406000000.0,能源及重型设备,284.06,LARGE,2011-06-08,2011
300339,润和软件,28495999999.999996,IT服务Ⅲ,284.96,LARGE,2013-03-04,2013
000629,钒钛股份,28616000000.000004,冶钢辅料,286.16,LARGE,2002-07-25,2002
300870,欧陆通,28641000000.000004,其他电源设备Ⅲ,286.41,LARGE,2020-08-21,2020
300672,国科微,28664000000.0,数字芯片设计,286.64,LARGE,2017-08-11,2017
600517,国网英大,28877999999.999996,信托,288.78,LARGE,2004-07-16,2004
301018,申菱环境,29026000000.0,制冷空调设备,290.26,LARGE,2021-07-06,2021
603198,迎驾贡酒,29320000000.0,白酒Ⅲ,293.2,LARGE,2015-05-27,2015
300413,芒果超媒,29333000000.0,视频媒体,293.33,LARGE,2016-02-17,2016
600329,达仁堂,29341000000.000004,中药Ⅲ,293.41,LARGE,2001-08-28,2001
600884,杉杉股份,29400000000.0,电池化学品,294.0,LARGE,2000-06-02,2000
002244,滨江集团,29402999999.999996,住宅开发,294.03,LARGE,2008-06-30,2008
600398,海澜之家,29585000000.000004,非运动服装,295.85,LARGE,2001-07-18,2001
000539,粤电力Ａ,29664000000.0,火力发电,296.64,LARGE,2000-11-08,2000
600688,上海石化,29730000000.0,炼油化工,297.3,LARGE,2000-07-05,2000
600707,彩虹股份,29748000000.0,面板,297.48,LARGE,2000-10-12,2000
603345,安井食品,29749000000.0,预加工食品,297.49,LARGE,2017-04-19,2017
600536,中国软件,29760000000.000004,IT服务Ⅲ,297.6,LARGE,2002-08-27,2002
603766,隆鑫通用,29797000000.000004,摩托车,297.97,LARGE,2012-10-12,2012
603308,应流股份,29810000000.000004,金属制品,298.1,LARGE,2014-05-07,2014
605589,圣泉集团,29818000000.0,合成树脂,298.18,LARGE,2021-08-09,2021
301205,联特科技,29856000000.0,通信网络设备及器件,298.56,LARGE,2022-09-09,2022
002487,大金重工,29899000000.0,风电零部件,298.99,LARGE,2010-11-18,2010
002673,西部证券,29902000000.0,证券Ⅲ,299.02,LARGE,2012-05-30,2012
600925,苏能股份,29967000000.0,动力煤,299.67,LARGE,2023-03-28,2023
002747,埃斯顿,30060000000.000004,机器人,300.6,LARGE,2015-06-12,2015
601990,南京证券,30093000000.0,证券Ⅲ,300.93,LARGE,2018-06-12,2018
300776,帝尔激光,30202999999.999996,光伏加工设备,302.03,LARGE,2019-05-16,2019
300487,蓝晓科技,30217000000.0,合成树脂,302.17,LARGE,2015-07-14,2015
300122,智飞生物,30233999999.999996,疫苗,302.34,LARGE,2011-01-19,2011
000959,首钢股份,30399000000.0,板材,303.99,LARGE,2001-11-21,2001
605358,立昂微,30432000000.0,半导体材料,304.32,LARGE,2020-09-10,2020
000973,佛塑科技,30433000000.0,膜材料,304.33,LARGE,2001-03-23,2001
600563,法拉电子,30533000000.0,被动元件,305.33,LARGE,2003-02-13,2003
000027,深圳能源,30589999999.999996,火力发电,305.9,LARGE,2000-07-28,2000
603338,浙江鼎力,30624000000.0,工程机械整机,306.24,LARGE,2015-04-13,2015
000429,粤高速Ａ,30735000000.000004,高速公路,307.35,LARGE,2001-03-05,2001
002472,双环传动,30770000000.0,底盘与发动机系统,307.7,LARGE,2010-10-13,2010
600483,福能股份,30804000000.000004,电能综合服务,308.04,LARGE,2004-12-23,2004
600428,中远海特,30842000000.0,航运,308.42,LARGE,2002-12-24,2002
600562,国睿科技,30848000000.0,军工电子Ⅲ,308.48,LARGE,2003-07-23,2003
600869,远东股份,30893000000.0,线缆部件及其他,308.93,LARGE,2000-10-25,2000
689009,九号公司,30942000000.0,其他运输设备,309.42,LARGE,2023-08-25,2023
000582,北部湾港,31010000000.000004,港口,310.1,LARGE,2001-10-23,2001
000876,新 希 望,31069000000.0,生猪养殖,310.69,LARGE,2001-01-10,2001
002432,九安医疗,31126000000.0,体外诊断,311.26,LARGE,2010-08-16,2010
600348,华阳股份,31169000000.0,动力煤,311.69,LARGE,2003-11-06,2003
600282,南钢股份,31195000000.0,板材,311.95,LARGE,2001-04-16,2001
002841,视源股份,31198000000.0,品牌消费电子,311.98,LARGE,2017-01-18,2017
300438,鹏辉能源,31258000000.0,锂电池,312.58,LARGE,2015-07-03,2015
300017,网宿科技,31295999999.999996,IT服务Ⅲ,312.96,LARGE,2010-01-14,2010
600012,皖通高速,31336000000.0,高速公路,313.36,LARGE,2003-04-16,2003
600839,四川长虹,31344000000.0,彩电,313.44,LARGE,2000-06-27,2000
000800,一汽解放,31349000000.0,商用载货车,313.49,LARGE,2000-05-12,2000
600699,均胜电子,31495999999.999996,汽车电子电气系统,314.96,LARGE,2001-12-14,2001
300896,爱美客,31579000000.000004,医美耗材,315.79,LARGE,2020-09-25,2020
603568,伟明环保,31649000000.0,固废治理,316.49,LARGE,2015-05-27,2015
601611,中国核建,31706000000.0,基建市政工程,317.06,LARGE,2016-06-06,2016
000728,国元证券,31812000000.0,证券Ⅲ,318.12,LARGE,2001-05-11,2001
600499,科达制造,31932000000.0,其他专用设备,319.32,LARGE,2003-12-12,2003
301396,宏景科技,32024000000.0,IT服务Ⅲ,320.24,LARGE,2022-11-10,2022
600109,国金证券,32088000000.0,证券Ⅲ,320.88,LARGE,2000-09-26,2000
601866,中远海发,32101000000.0,航运,321.01,LARGE,2008-06-10,2008
601696,中银证券,32502999999.999996,证券Ⅲ,325.03,LARGE,2020-02-25,2020
300677,英科医疗,32869000000.0,医疗耗材,328.69,LARGE,2017-07-20,2017
600515,海南机场,32905000000.0,机场,329.05,LARGE,2004-09-16,2004
603225,新凤鸣,32912000000.0,涤纶,329.12,LARGE,2017-04-17,2017
603127,昭衍新药,32926000000.0,医疗研发外包,329.26,LARGE,2017-08-24,2017
601236,红塔证券,32947000000.000004,证券Ⅲ,329.47,LARGE,2019-07-12,2019
002261,拓维信息,33087000000.0,垂直应用软件,330.87,LARGE,2009-04-15,2009
000661,长春高新,33104000000.000004,其他生物制品,331.04,LARGE,2000-06-16,2000
600956,新天绿能,33122000000.000004,风力发电,331.22,LARGE,2020-06-24,2020
600711,盛屯矿业,33193000000.0,铜,331.93,LARGE,2001-09-06,2001
600331,宏达股份,33205000000.0,磷肥及磷化工,332.05,LARGE,2003-04-23,2003
600588,600588,33247000000.000004,横向通用软件,332.47,LARGE,2001-08-13,2001
002939,长城证券,33324000000.0,证券Ⅲ,333.24,LARGE,2018-10-25,2018
000883,湖北能源,33414999999.999996,电能综合服务,334.15,LARGE,2001-03-15,2001
603699,纽威股份,33508000000.0,金属制品,335.08,LARGE,2014-01-30,2014
300251,光线传媒,33589999999.999996,影视动漫制作,335.9,LARGE,2012-01-31,2012
002126,银轮股份,33627000000.0,底盘与发动机系统,336.27,LARGE,2007-09-05,2007
300748,金力永磁,33702000000.0,磁性材料,337.02,LARGE,2018-09-20,2018
601126,四方股份,33741000000.000004,电网自动化设备,337.41,LARGE,2011-01-17,2011
600206,有研新材,33744000000.0,半导体材料,337.44,LARGE,2000-08-07,2000
002429,兆驰股份,33770999999.999996,彩电,337.71,LARGE,2010-11-10,2010
603606,东方电缆,33792000000.0,线缆部件及其他,337.92,LARGE,2014-10-27,2014
002831,裕同科技,33832000000.0,纸包装,338.32,LARGE,2016-12-15,2016
603175,超颖电子,33900000000.0,印制电路板,339.0,LARGE,2025-10-23,2025
002252,上海莱士,33952000000.0,血液制品,339.52,LARGE,2010-07-02,2010
002056,横店东磁,33966000000.000004,光伏电池组件,339.66,LARGE,2006-09-05,2006
002948,青岛银行,34107000000.0,城商行Ⅲ,341.07,LARGE,2019-01-23,2019
002340,格林美,34135000000.000004,电池化学品,341.35,LARGE,2010-06-03,2010
002032,苏 泊 尔,34186000000.0,厨房小家电,341.86,LARGE,2005-01-17,2005
000688,国城矿业,34283999999.999996,铅锌,342.84,LARGE,2007-04-27,2007
603929,亚翔集成,34402000000.0,其他专业工程,344.02,LARGE,2016-12-29,2016
000423,东阿阿胶,34423000000.0,中药Ⅲ,344.23,LARGE,2000-09-05,2000
603369,今世缘,34437000000.0,白酒Ⅲ,344.37,LARGE,2014-07-07,2014
000786,北新建材,34658000000.0,其他建材Ⅲ,346.58,LARGE,2000-11-14,2000
600298,安琪酵母,34757000000.0,调味发酵品Ⅲ,347.57,LARGE,2000-12-07,2000
002138,顺络电子,34793000000.0,被动元件,347.93,LARGE,2007-07-20,2007
002129,TCL中环,34852000000.0,硅料硅片,348.52,LARGE,2009-07-16,2009
600256,广汇能源,34900000000.0,动力煤,349.0,LARGE,2000-11-10,2000
600157,永泰能源,34908000000.0,火力发电,349.08,LARGE,2002-05-16,2002
600141,兴发集团,35019000000.0,磷肥及磷化工,350.19,LARGE,2000-07-27,2000
603486,科沃斯,35104000000.0,清洁小家电,351.04,LARGE,2018-05-25,2018
601880,辽港股份,35122000000.0,港口,351.22,LARGE,2011-01-05,2011
600295,鄂尔多斯,35125000000.0,冶钢辅料,351.25,LARGE,2002-03-21,2002
002738,中矿资源,35137000000.0,锂,351.37,LARGE,2015-07-09,2015
300207,欣旺达,35305000000.0,锂电池,353.05,LARGE,2011-07-07,2011
300346,南大光电,35463000000.0,电子化学品Ⅲ,354.63,LARGE,2012-11-09,2012
600085,同仁堂,35494000000.0,中药Ⅲ,354.94,LARGE,2000-03-10,2000
603629,利通电子,35554000000.0,消费电子零部件及组装,355.54,LARGE,2018-12-21,2018
002155,湖南黄金,35644000000.0,黄金,356.44,LARGE,2007-12-26,2007
002517,恺英网络,35657000000.0,游戏Ⅲ,356.57,LARGE,2012-01-31,2012
000559,万向钱潮,35706000000.0,底盘与发动机系统,357.06,LARGE,2000-04-26,2000
002444,巨星科技,35727000000.0,其他通用设备,357.27,LARGE,2010-07-26,2010
600332,白云山,35735000000.0,中药Ⅲ,357.35,LARGE,2002-01-23,2002
301583,托伦斯,35949000000.0,半导体设备,359.49,LARGE,2026-07-09,2026
000729,燕京啤酒,35993000000.0,啤酒,359.93,LARGE,2000-04-10,2000
600392,盛和资源,36021000000.0,稀土,360.21,LARGE,2004-11-03,2004
300001,特锐德,36061000000.0,输变电设备,360.61,LARGE,2010-03-17,2010
603379,三美股份,36116000000.0,氟化工,361.16,LARGE,2019-04-01,2019
600060,海信视像,36135000000.0,彩电,361.35,LARGE,2000-04-14,2000
601212,白银有色,36283000000.0,铜,362.83,LARGE,2017-04-18,2017
601777,千里科技,36350000000.0,摩托车,363.5,LARGE,2011-01-31,2011
600667,太极实业,36393000000.0,工程咨询服务Ⅲ,363.93,LARGE,2000-11-17,2000
603650,彤程新材,36397000000.0,橡胶助剂,363.97,LARGE,2018-06-26,2018
600177,雅戈尔,36433000000.0,非运动服装,364.33,LARGE,2000-07-11,2000
300115,长盈精密,36539000000.0,消费电子零部件及组装,365.39,LARGE,2010-11-01,2010
600733,北汽蓝谷,36547000000.0,电动乘用车,365.47,LARGE,2002-06-27,2002
301236,软通动力,36635000000.0,IT服务Ⅲ,366.35,LARGE,2022-03-14,2022
002273,水晶光电,36643000000.0,光学元件,366.43,LARGE,2009-01-14,2009
603298,杭叉集团,36649000000.0,工程机械整机,366.49,LARGE,2016-12-26,2016
000921,海信家电,36685000000.0,空调,366.85,LARGE,2001-09-14,2001
002294,信立泰,36878000000.0,化学制剂,368.78,LARGE,2009-09-15,2009
000811,冰轮环境,36900000000.0,制冷空调设备,369.0,LARGE,2000-08-11,2000
000983,山西焦煤,36901000000.0,焦煤,369.01,LARGE,2000-10-24,2000
601208,东材科技,36973000000.0,膜材料,369.73,LARGE,2011-06-01,2011
603806,福斯特,37201000000.0,光伏辅材,372.01,LARGE,2014-10-09,2014
603392,万泰生物,37236000000.0,疫苗,372.36,LARGE,2020-04-28,2020
601162,天风证券,37274000000.0,证券Ⅲ,372.74,LARGE,2018-10-26,2018
002966,苏州银行,37285000000.0,城商行Ⅲ,372.85,LARGE,2019-08-01,2019
600685,中船防务,37373000000.0,航海装备Ⅲ,373.73,LARGE,2001-07-03,2001
300832,新产业,37550000000.0,体外诊断,375.5,LARGE,2020-05-11,2020
000878,云南铜业,37663000000.0,铜,376.63,LARGE,2000-11-30,2000
600901,江苏金租,37705000000.0,租赁,377.05,LARGE,2018-02-28,2018
605376,博迁新材,37822000000.0,其他金属新材料,378.22,LARGE,2020-12-07,2020
002195,岩山科技,37909000000.0,IT服务Ⅲ,379.09,LARGE,2008-05-12,2008
600663,陆家嘴,37915000000.0,商业地产,379.15,LARGE,2000-10-10,2000
600863,华能蒙电,37922000000.0,火力发电,379.22,LARGE,2000-07-05,2000
601577,长沙银行,37963000000.0,城商行Ⅲ,379.63,LARGE,2018-09-25,2018
601108,财通证券,38079000000.0,证券Ⅲ,380.79,LARGE,2017-10-31,2017
002407,多氟多,38082000000.0,氟化工,380.82,LARGE,2010-10-14,2010
301611,珂玛科技,38403000000.0,半导体材料,384.03,LARGE,2024-08-15,2024
601665,齐鲁银行,38585000000.0,城商行Ⅲ,385.85,LARGE,2021-06-17,2021
600909,华安证券,38787000000.0,证券Ⅲ,387.87,LARGE,2016-12-13,2016
002945,华林证券,38799000000.0,证券Ⅲ,387.99,LARGE,2019-01-16,2019
600143,金发科技,38896000000.0,改性塑料,388.96,LARGE,2005-01-14,2005
000987,越秀资本,38933000000.0,金融控股,389.33,LARGE,2001-06-15,2001
301696,三瑞智能,38969000000.0,航空装备Ⅲ,389.69,LARGE,2026-04-09,2026
603260,合盛硅业,39036000000.0,有机硅,390.36,LARGE,2017-10-27,2017
300782,卓胜微,39105000000.0,模拟芯片设计,391.05,LARGE,2019-06-17,2019
000002,万  科Ａ,39133000000.0,住宅开发,391.33,LARGE,2000-11-23,2000
001286,陕西能源,39300000000.0,火力发电,393.0,LARGE,2023-04-07,2023
601136,首创证券,39305000000.0,证券Ⅲ,393.05,LARGE,2022-12-21,2022
600968,海油发展,39339000000.0,油田服务,393.39,LARGE,2019-06-25,2019
300458,全志科技,39487000000.0,数字芯片设计,394.87,LARGE,2015-05-28,2015
002636,金安国纪,39720000000.0,印制电路板,397.2,LARGE,2012-05-30,2012
002601,龙佰集团,39745000000.0,钛白粉,397.45,LARGE,2011-12-19,2011
300395,菲利华,39745000000.0,航空装备Ⅲ,397.45,LARGE,2014-09-09,2014
600578,京能电力,39833000000.0,火力发电,398.33,LARGE,2003-03-04,2003
301656,联合动力,39968000000.0,汽车电子电气系统,399.68,LARGE,2025-09-24,2025
601216,君正集团,39996000000.0,氯碱,399.96,LARGE,2011-08-23,2011
601555,东吴证券,40097000000.0,证券Ⅲ,400.97,LARGE,2012-01-31,2012
002078,太阳纸业,40577000000.0,大宗用纸,405.77,LARGE,2007-02-09,2007
002203,海亮股份,40702000000.0,铜,407.02,LARGE,2009-01-19,2009
603087,甘李药业,40725000000.0,其他生物制品,407.25,LARGE,2020-06-24,2020
601963,重庆银行,40971000000.0,城商行Ⅲ,409.71,LARGE,2021-02-04,2021
600601,方正科技,40985000000.0,印制电路板,409.85,LARGE,2000-04-20,2000
600995,南网储能,41005000000.0,电能综合服务,410.05,LARGE,2004-12-09,2004
001203,大中矿业,41025000000.0,铁矿石,410.25,LARGE,2021-05-07,2021
600021,上海电力,41087000000.0,火力发电,410.87,LARGE,2004-07-02,2004
600985,淮北矿业,41315000000.0,焦煤,413.15,LARGE,2005-06-22,2005
600061,国投资本,41370000000.0,金融控股,413.7,LARGE,2000-11-03,2000
600570,恒生电子,41414000000.0,垂直应用软件,414.14,LARGE,2004-05-28,2004
300972,万辰集团,41697000000.0,零食,416.97,LARGE,2021-04-16,2021
600871,石化油服,41706000000.0,油田服务,417.06,LARGE,2000-12-21,2000
300979,华利集团,42129000000.0,纺织鞋类制造,421.29,LARGE,2021-04-23,2021
600642,申能股份,42285000000.0,火力发电,422.85,LARGE,2000-04-07,2000
300058,蓝色光标,42293000000.0,营销代理,422.93,LARGE,2010-12-31,2010
000999,华润三九,42388000000.0,中药Ⅲ,423.88,LARGE,2001-04-25,2001
002555,三七互娱,42431000000.0,游戏Ⅲ,424.31,LARGE,2012-05-04,2012
300919,中伟新材,42729000000.0,电池化学品,427.29,LARGE,2020-12-22,2020
300548,长芯博创,42747000000.0,通信网络设备及器件,427.47,LARGE,2016-10-17,2016
603049,中策橡胶,43278000000.0,轮胎轮毂,432.78,LARGE,2025-06-04,2025
601878,浙商证券,43634000000.0,证券Ⅲ,436.34,LARGE,2017-06-23,2017
300347,泰格医药,43723000000.0,医疗研发外包,437.23,LARGE,2013-03-15,2013
002428,云南锗业,43746000000.0,其他小金属,437.46,LARGE,2010-07-02,2010
001257,盛龙股份,43898000000.0,钼,438.98,LARGE,2026-03-30,2026
600352,浙江龙盛,44083000000.0,纺织化学制品,440.83,LARGE,2003-12-03,2003
600918,中泰证券,44264000000.0,证券Ⅲ,442.64,LARGE,2020-06-02,2020
301511,德福科技,44324000000.0,锂电池,443.24,LARGE,2023-08-16,2023
601198,东兴证券,44381000000.0,证券Ⅲ,443.81,LARGE,2015-04-07,2015
003031,中瓷电子,44451000000.0,通信终端及配件,444.51,LARGE,2021-01-15,2021
300454,深信服,44546000000.0,横向通用软件,445.46,LARGE,2018-05-15,2018
000066,中国长城,44806000000.0,其他计算机设备,448.06,LARGE,2001-04-26,2001
600105,永鼎股份,44898000000.0,通信线缆及配套,448.98,LARGE,2000-08-04,2000
601021,春秋航空,45091000000.0,航空运输,450.91,LARGE,2015-03-02,2015
300751,迈为股份,45146000000.0,光伏加工设备,451.46,LARGE,2018-11-08,2018
601058,赛轮轮胎,45540000000.0,轮胎轮毂,455.4,LARGE,2011-08-19,2011
600497,驰宏锌锗,45767000000.0,铅锌,457.67,LARGE,2005-07-01,2005
603979,金诚信,45830000000.0,铜,458.3,LARGE,2015-06-29,2015
601598,中国外运,45912000000.0,跨境物流,459.12,LARGE,2019-01-17,2019
601699,潞安环能,46217000000.0,焦煤,462.17,LARGE,2006-11-14,2006
600580,卧龙电驱,46286000000.0,电机Ⅲ,462.86,LARGE,2003-01-03,2003
603129,春风动力,46505000000.0,摩托车,465.05,LARGE,2017-08-17,2017
300037,新宙邦,46530000000.0,电池化学品,465.3,LARGE,2010-05-21,2010
600726,华电能源,46653000000.0,火力发电,466.53,LARGE,2000-07-03,2000
000039,中集集团,46915000000.0,金属制品,469.15,LARGE,2000-06-22,2000
600498,烽火通信,46938000000.0,通信网络设备及器件,469.38,LARGE,2002-01-16,2002
600801,华新建材,46985000000.0,水泥制造,469.85,LARGE,2000-04-27,2000
603156,养元饮品,47071000000.0,软饮料,470.71,LARGE,2018-02-09,2018
300390,天华新能,47270000000.0,电池化学品,472.7,LARGE,2014-11-13,2014
601117,中国化学,47318000000.0,化学工程,473.18,LARGE,2010-01-15,2010
300418,昆仑万维,47328000000.0,门户网站,473.28,LARGE,2015-05-08,2015
000893,亚钾国际,47432000000.0,钾肥,474.32,LARGE,2001-11-06,2001
000783,长江证券,47559000000.0,证券Ⅲ,475.59,LARGE,2001-04-18,2001
300373,扬杰科技,47597000000.0,分立器件,475.97,LARGE,2014-04-02,2014
000596,古井贡酒,48055000000.0,白酒Ⅲ,480.55,LARGE,2000-11-16,2000
300628,亿联网络,48485000000.0,通信终端及配件,484.85,LARGE,2017-03-16,2017
600879,航天电子,48533000000.0,航天装备Ⅲ,485.33,LARGE,2000-08-28,2000
600895,张江高科,48551000000.0,产业地产,485.51,LARGE,2000-04-05,2000
300803,指南针,49046000000.0,垂直应用软件,490.46,LARGE,2019-11-15,2019
301269,华大九天,49309000000.0,垂直应用软件,493.09,LARGE,2022-08-11,2022
600460,士兰微,49756000000.0,分立器件,497.56,LARGE,2003-09-19,2003
002850,科达利,49891000000.0,锂电池,498.91,LARGE,2017-03-01,2017
600418,江淮汽车,49975000000.0,商用载货车,499.75,LARGE,2002-05-31,2002
300316,晶盛机电,50325000000.0,光伏加工设备,503.25,LARGE,2012-10-10,2012
600845,宝信软件,50528000000.0,IT服务Ⅲ,505.28,LARGE,2001-05-23,2001
601456,国联民生,50841000000.0,证券Ⅲ,508.41,LARGE,2020-08-27,2020
000831,中国稀土,50970000000.0,稀土,509.7,LARGE,2002-04-04,2002
002920,德赛西威,51236000000.0,汽车电子电气系统,512.36,LARGE,2017-12-25,2017
002558,巨人网络,51277000000.0,游戏Ⅲ,512.77,LARGE,2012-09-04,2012
000963,华东医药,51297000000.0,化学制剂,512.97,LARGE,2000-10-09,2000
002074,国轩高科,51339000000.0,锂电池,513.39,LARGE,2007-09-26,2007
600438,通威股份,51953000000.0,光伏主材,519.53,LARGE,2005-01-07,2005
002484,江海股份,52222000000.0,被动元件,522.22,LARGE,2010-10-13,2010
600741,华域汽车,52241000000.0,车身附件及饰件,522.41,LARGE,2000-08-01,2000
002436,兴森科技,52299000000.0,印制电路板,522.99,LARGE,2011-02-18,2011
002812,恩捷股份,52363000000.0,电池化学品,523.63,LARGE,2017-02-13,2017
603659,璞泰来,52404000000.0,电池化学品,524.04,LARGE,2018-01-22,2018
600885,宏发股份,52587000000.0,电网自动化设备,525.87,LARGE,2001-02-09,2001
601377,兴业证券,52592999999.99999,证券Ⅲ,525.93,LARGE,2010-11-18,2010
000960,锡业股份,52654000000.0,其他小金属,526.54,LARGE,2000-10-17,2000
600219,南山铝业,52710000000.0,铝,527.1,LARGE,2000-09-18,2000
300620,光库科技,52946000000.0,通信网络设备及器件,529.46,LARGE,2017-03-23,2017
001391,国货航,52987000000.0,跨境物流,529.87,LARGE,2024-12-27,2024
601233,桐昆股份,53028000000.0,其他石化,530.28,LARGE,2011-06-03,2011
301536,星宸科技,53064000000.0,数字芯片设计,530.64,LARGE,2024-03-27,2024
603083,剑桥科技,53245000000.00001,通信终端及配件,532.45,LARGE,2017-11-09,2017
601059,信达证券,53315000000.0,证券Ⅲ,533.15,LARGE,2023-02-28,2023
300765,石药创新,53375000000.0,原料药,533.75,LARGE,2019-04-19,2019
601877,正泰电器,53379999999.99999,配电设备,533.8,LARGE,2010-08-19,2010
002236,大华股份,53680999999.99999,安防设备,536.81,LARGE,2008-06-25,2008
001872,招商港口,53739000000.0,港口,537.39,LARGE,2001-07-13,2001
600372,中航机载,54389000000.0,航空装备Ⅲ,543.89,LARGE,2003-08-06,2003
600096,云天化,54489000000.0,磷肥及磷化工,544.89,LARGE,2001-05-25,2001
600292,电投水电,54577000000.0,大气治理,545.77,LARGE,2001-06-26,2001
002049,紫光国微,54691999999.99999,数字芯片设计,546.92,LARGE,2006-10-30,2006
601238,广汽集团,54758000000.00001,综合乘用车,547.58,LARGE,2012-04-18,2012
301358,湖南裕能,54763000000.0,电池化学品,547.63,LARGE,2023-02-08,2023
600350,山东高速,54921000000.0,高速公路,549.21,LARGE,2002-07-31,2002
000636,风华高科,54970000000.00001,被动元件,549.7,LARGE,2001-01-11,2001
002185,华天科技,55069000000.00001,集成电路封测,550.69,LARGE,2008-01-11,2008
600027,华电国际,55155999999.99999,火力发电,551.56,LARGE,2005-05-25,2005
600803,新奥股份,55291000000.0,燃气Ⅲ,552.91,LARGE,2001-03-19,2001
300567,精测电子,55670000000.00001,仪器仪表,556.7,LARGE,2016-11-28,2016
600378,昊华科技,55676000000.0,氟化工,556.76,LARGE,2002-01-24,2002
002064,华峰化学,55679999999.99999,氨纶,556.8,LARGE,2006-09-27,2006
601618,中国中冶,55866999999.99999,其他专业工程,558.67,LARGE,2010-01-18,2010
002821,凯莱英,55925000000.0,医疗研发外包,559.25,LARGE,2016-11-17,2016
300450,先导智能,55936000000.0,锂电专用设备,559.36,LARGE,2015-12-22,2015
601231,环旭电子,56307000000.00001,消费电子零部件及组装,563.07,LARGE,2012-03-14,2012
002595,豪迈科技,57269000000.00001,其他专用设备,572.69,LARGE,2011-07-01,2011
601061,中信金属,57280999999.99999,贸易Ⅲ,572.81,LARGE,2023-04-07,2023
000426,兴业银锡,57441999999.99999,白银,574.42,LARGE,2001-10-25,2001
000933,神火股份,57912000000.0,铝,579.12,LARGE,2000-06-01,2000
601298,青岛港,58225000000.0,港口,582.25,LARGE,2019-01-28,2019
601901,方正证券,58283000000.00001,证券Ⅲ,582.83,LARGE,2012-02-09,2012
000768,中航西飞,58337000000.0,航空装备Ⅲ,583.37,LARGE,2000-09-19,2000
600221,海航控股,58341000000.0,航空运输,583.41,LARGE,2001-02-22,2001
601808,中海油服,58786000000.0,油田服务,587.86,LARGE,2007-10-19,2007
300285,国瓷材料,58945000000.00001,电子化学品Ⅲ,589.45,LARGE,2012-08-03,2012
600426,华鲁恒升,59371000000.0,氮肥,593.71,LARGE,2002-09-06,2002
002414,高德红外,59405999999.99999,军工电子Ⅲ,594.06,LARGE,2010-12-01,2010
300136,信维通信,59612000000.0,消费电子零部件及组装,596.12,LARGE,2011-02-24,2011
000703,恒逸石化,59616000000.0,炼油化工,596.16,LARGE,2000-09-29,2000
300223,北京君正,60245000000.00001,数字芯片设计,602.45,LARGE,2012-06-05,2012
002532,天山铝业,60359000000.0,铝,603.59,LARGE,2011-06-30,2011
300666,江丰电子,60620000000.00001,半导体材料,606.2,LARGE,2017-07-13,2017
600009,上海机场,60640000000.0,机场,606.4,LARGE,2000-04-05,2000
002304,洋河股份,60996000000.0,白酒Ⅲ,609.96,LARGE,2009-11-23,2009
600703,三安光电,61115000000.0,LED,611.15,LARGE,2001-08-13,2001
600196,XD复星医,61420000000.00001,化学制剂,614.2,LARGE,2000-05-17,2000
601360,三六零,61526000000.0,横向通用软件,615.26,LARGE,2012-07-26,2012
601607,上海医药,61559000000.0,医药流通,615.59,LARGE,2000-09-27,2000
600377,宁沪高速,62166000000.0,高速公路,621.66,LARGE,2001-05-21,2001
000975,山金国际,62242999999.99999,黄金,622.43,LARGE,2002-08-05,2002
600233,圆通速递,62557000000.00001,快递,625.57,LARGE,2000-12-22,2000
600048,保利发展,62725000000.0,住宅开发,627.25,LARGE,2006-09-04,2006
002851,麦格米特,62871000000.0,其他电源设备Ⅲ,628.71,LARGE,2017-06-30,2017
000021,深科技,63211000000.0,消费电子零部件及组装,632.11,LARGE,2000-06-14,2000
001979,招商蛇口,64465000000.0,商业地产,644.65,LARGE,2016-01-21,2016
600482,中国动力,64713000000.0,其他电源设备Ⅲ,647.13,LARGE,2005-05-20,2005
000157,中联重科,65815000000.0,工程机械整机,658.15,LARGE,2001-05-14,2001
300054,鼎龙股份,66347000000.0,电子化学品Ⅲ,663.47,LARGE,2010-08-31,2010
002837,英维克,66763000000.0,其他专用设备,667.63,LARGE,2017-04-25,2017
601018,宁波港,66923000000.0,港口,669.23,LARGE,2011-04-27,2011
002625,光启技术,67051000000.0,航空装备Ⅲ,670.51,LARGE,2013-02-18,2013
601788,光大证券,67686000000.0,证券Ⅲ,676.86,LARGE,2009-09-16,2009
601958,金钼股份,68146000000.0,钼,681.46,LARGE,2008-04-29,2008
600118,中国卫星,68217999999.99999,航天装备Ⅲ,682.18,LARGE,2000-04-20,2000
300475,香农芯创,68317999999.99999,其他电子Ⅲ,683.18,LARGE,2015-07-21,2015
300759,康龙化成,68384000000.0,医疗研发外包,683.84,LARGE,2019-01-25,2019
002422,科伦药业,68466999999.99999,化学制剂,684.67,LARGE,2010-07-14,2010
300757,罗博特科,68627000000.0,其他自动化设备,686.27,LARGE,2019-02-11,2019
001389,广合科技,69016000000.0,印制电路板,690.16,LARGE,2024-04-01,2024
300661,圣邦股份,69055000000.0,模拟芯片设计,690.55,LARGE,2017-06-19,2017
600415,小商品城,69367000000.0,商业物业经营,693.67,LARGE,2002-11-18,2002
601179,中国西电,70071000000.0,输变电设备,700.71,LARGE,2010-02-22,2010
300866,安克创新,70339000000.0,品牌消费电子,703.39,LARGE,2020-08-21,2020
002179,中航光电,70715000000.0,军工电子Ⅲ,707.15,LARGE,2007-11-27,2007
603459,红板科技,71275000000.0,印制电路板,712.75,LARGE,2026-04-07,2026
002653,海思科,71585000000.0,化学制剂,715.85,LARGE,2012-01-31,2012
600066,宇通客车,71621000000.0,商用载客车,716.21,LARGE,2000-05-29,2000
001965,招商公路,71756000000.0,高速公路,717.56,LARGE,2017-12-22,2017
600988,赤峰黄金,71950000000.0,黄金,719.5,LARGE,2006-03-06,2006
301217,铜冠铜箔,72091000000.0,锂电池,720.91,LARGE,2022-01-26,2022
002409,雅克科技,72427000000.0,半导体材料,724.27,LARGE,2011-08-22,2011
600023,浙能电力,72675000000.0,火力发电,726.75,LARGE,2013-12-18,2013
002080,中材科技,73200000000.0,玻纤制造,732.0,LARGE,2007-07-17,2007
603228,景旺电子,74289000000.0,印制电路板,742.89,LARGE,2017-01-05,2017
000708,中信特钢,74446000000.0,特钢Ⅲ,744.46,LARGE,2000-10-19,2000
603195,公牛集团,74446000000.0,其他家居用品,744.46,LARGE,2020-02-05,2020
000625,长安汽车,74545000000.0,综合乘用车,745.45,LARGE,2001-01-10,2001
601077,渝农商行,74729000000.0,农商行Ⅲ,747.29,LARGE,2019-10-28,2019
002709,天赐材料,74999000000.0,电池化学品,749.99,LARGE,2014-03-07,2014
600549,厦门钨业,75204000000.0,钨,752.04,LARGE,2003-02-14,2003
600600,青岛啤酒,75795000000.0,啤酒,757.95,LARGE,2000-06-13,2000
603799,华友钴业,76309000000.0,镍,763.09,LARGE,2015-03-24,2015
002202,金风科技,76366000000.0,风电整机,763.66,LARGE,2008-02-15,2008
301638,南网数字,76502000000.0,IT服务Ⅲ,765.02,LARGE,2025-11-17,2025
600039,四川路桥,76782000000.0,基建市政工程,767.82,LARGE,2003-10-31,2003
601838,成都银行,78326000000.0,城商行Ⅲ,783.26,LARGE,2018-01-30,2018
600958,东方证券,78424000000.0,证券Ⅲ,784.24,LARGE,2015-04-22,2015
002466,天齐锂业,78945000000.0,锂,789.45,LARGE,2011-05-03,2011
002027,分众传媒,78999000000.0,广告媒体,789.99,LARGE,2005-03-15,2005
600674,川投能源,79017000000.0,水力发电,790.17,LARGE,2000-10-10,2000
000301,东方盛虹,79136000000.0,炼油化工,791.36,LARGE,2001-08-21,2001
601689,拓普集团,79211000000.0,底盘与发动机系统,792.11,LARGE,2015-04-01,2015
002311,海大集团,79768000000.0,水产饲料,797.68,LARGE,2009-12-31,2009
001309,德明利,80435000000.0,数字芯片设计,804.35,LARGE,2022-06-30,2022
601825,沪农商行,80435000000.0,农商行Ⅲ,804.35,LARGE,2021-08-18,2021
601916,浙商银行,81021000000.0,股份制银行Ⅲ,810.21,LARGE,2019-12-03,2019
600115,中国东航,81062000000.0,航空运输,810.62,LARGE,2000-11-02,2000
600436,片仔癀,82286000000.0,中药Ⅲ,822.86,LARGE,2003-09-05,2003
000630,铜陵有色,82468000000.0,铜,824.68,LARGE,2000-12-29,2000
300015,爱尔眼科,82487000000.0,医院,824.87,LARGE,2009-12-02,2009
601669,中国电建,83030000000.0,基建市政工程,830.3,LARGE,2012-04-10,2012
002128,电投能源,83665000000.0,动力煤,836.65,LARGE,2008-01-23,2008
002241,歌尔股份,84153000000.0,消费电子零部件及组装,841.53,LARGE,2008-07-07,2008
600673,东阳光,84328000000.0,综合Ⅲ,843.28,LARGE,2002-02-25,2002
002648,卫星化学,84351000000.0,其他化学原料,843.51,LARGE,2012-02-10,2012
603893,瑞芯微,85879000000.0,数字芯片设计,858.79,LARGE,2020-02-06,2020
601186,中国铁建,85958000000.0,基建市政工程,859.58,LARGE,2008-04-08,2008
600236,桂冠电力,86076000000.0,水力发电,860.76,LARGE,2001-01-08,2001
601168,西部矿业,87957000000.0,铜,879.57,LARGE,2008-05-29,2008
600875,东方电气,88154000000.0,综合电力设备商,881.54,LARGE,2000-09-15,2000
600026,中远海能,88196000000.0,航运,881.96,LARGE,2003-01-13,2003
600795,国电电力,88643000000.0,火力发电,886.43,LARGE,2000-09-21,2000
000617,中油资本,89127000000.0,金融控股,891.27,LARGE,2000-11-23,2000
000895,双汇发展,90324000000.0,肉制品,903.24,LARGE,2002-05-23,2002
000807,云铝股份,90687000000.0,铝,906.87,LARGE,2000-10-17,2000
000538,云南白药,92585000000.0,中药Ⅲ,925.85,LARGE,2000-12-19,2000
300498,温氏股份,93088000000.0,生猪养殖,930.88,LARGE,2015-11-16,2015
002001,新 和 成,93125000000.0,食品及饲料添加剂,931.25,LARGE,2004-09-14,2004
002008,大族激光,93694000000.0,激光设备,936.94,LARGE,2004-10-29,2004
600029,南方航空,93867000000.0,航空运输,938.67,LARGE,2003-12-23,2003
002156,通富微电,94243000000.0,集成电路封测,942.43,LARGE,2008-01-29,2008
600893,航发动力,95322000000.0,航空装备Ⅲ,953.22,LARGE,2002-09-16,2002
002230,科大讯飞,96251000000.0,横向通用软件,962.51,LARGE,2008-09-12,2008
600585,海螺水泥,96781000000.0,水泥制造,967.81,LARGE,2002-05-16,2002
601012,隆基绿能,97075000000.0,光伏主材,970.75,LARGE,2012-06-08,2012
601006,大秦铁路,97924000000.0,铁路运输,979.24,LARGE,2006-08-31,2006
002600,领益智造,99310000000.0,消费电子零部件及组装,993.1,LARGE,2012-08-02,2012
000958,电投产融,99459000000.0,核力发电,994.59,LARGE,2000-10-24,2000
600010,包钢股份,99497000000.0,板材,994.97,LARGE,2001-08-29,2001
300442,润泽科技,99644000000.0,通信应用增值服务,996.44,LARGE,2015-05-18,2015
002602,世纪华通,99873000000.0,游戏Ⅲ,998.73,LARGE,2013-07-11,2013
600522,中天科技,100136000000.0,通信线缆及配套,1001.36,LARGE,2003-05-20,2003
300857,协创数据,100319000000.0,消费电子零部件及组装,1003.19,LARGE,2020-07-24,2020
000988,华工科技,100812000000.0,激光设备,1008.12,LARGE,2000-09-26,2000
601800,中国交建,101012000000.0,基建市政工程,1010.12,LARGE,2012-03-09,2012
601127,赛力斯,101035000000.0,电动乘用车,1010.35,LARGE,2016-07-19,2016
000100,TCL科技,102548000000.0,面板,1025.48,LARGE,2005-07-13,2005
600089,特变电工,104340000000.00002,输变电设备,1043.4,LARGE,2000-10-16,2000
002736,国信证券,104568000000.0,证券Ⅲ,1045.68,LARGE,2015-01-22,2015
002460,赣锋锂业,104667000000.0,锂,1046.67,LARGE,2010-12-22,2010
605499,东鹏饮料,104667000000.0,软饮料,1046.67,LARGE,2021-05-26,2021
600489,中金黄金,105381000000.0,黄金,1053.81,LARGE,2003-12-18,2003
000425,徐工机械,105401000000.0,工程机械整机,1054.01,LARGE,2000-08-21,2000
600160,巨化股份,105586999999.99998,氟化工,1055.87,LARGE,2000-06-30,2000
601698,中国卫通,106328000000.0,航天装备Ⅲ,1063.28,LARGE,2019-06-27,2019
000938,紫光股份,106767000000.0,IT服务Ⅲ,1067.67,LARGE,2001-01-08,2001
601169,北京银行,108252000000.0,城商行Ⅲ,1082.52,LARGE,2007-12-12,2007
601727,上海电气,108315000000.00002,综合电力设备商,1083.15,LARGE,2010-01-26,2010
605117,德业股份,108390000000.00002,逆变器,1083.9,LARGE,2021-04-19,2021
000977,浪潮信息,110048000000.0,其他计算机设备,1100.48,LARGE,2000-12-06,2000
600905,三峡能源,110348000000.0,风力发电,1103.48,LARGE,2021-06-09,2021
301200,大族数控,112746000000.0,其他专用设备,1127.46,LARGE,2022-02-25,2022
600015,华夏银行,112836999999.99998,股份制银行Ⅲ,1128.37,LARGE,2004-02-17,2004
601390,中国中铁,112844000000.0,基建市政工程,1128.44,LARGE,2008-04-24,2008
600011,华能国际,113026000000.0,火力发电,1130.26,LARGE,2002-04-01,2002
601868,中国能建,113255000000.0,基建市政工程,1132.55,LARGE,2021-09-27,2021
301526,国际复材,113881000000.0,玻纤制造,1138.81,LARGE,2023-12-25,2023
601991,大唐发电,114185999999.99998,火力发电,1141.86,LARGE,2007-02-16,2007
603501,豪威集团,115300000000.0,数字芯片设计,1153.0,LARGE,2018-01-09,2018
300014,亿纬锂能,115663000000.00002,锂电池,1156.63,LARGE,2010-01-26,2010
601989,中国重工,116290000000.00002,船舶制造,1162.9,LARGE,2012-02-23,2012
301165,锐捷网络,116932000000.0,通信网络设备及器件,1169.32,LARGE,2022-11-18,2022
000166,申万宏源,116936999999.99998,证券Ⅲ,1169.37,LARGE,2015-03-13,2015
600346,恒力石化,117271000000.0,炼油化工,1172.71,LARGE,2003-02-18,2003
600926,杭州银行,117433999999.99998,城商行Ⅲ,1174.34,LARGE,2016-10-26,2016
601888,中国中免,119224000000.0,旅游零售Ⅲ,1192.24,LARGE,2010-01-15,2010
000657,中钨高新,119718000000.0,钨,1197.18,LARGE,2004-06-03,2004
600018,上港集团,120357000000.0,港口,1203.57,LARGE,2007-02-12,2007
002493,荣盛石化,121472000000.0,炼油化工,1214.72,LARGE,2010-11-17,2010
600886,国投电力,121748000000.0,水力发电,1217.48,LARGE,2001-03-02,2001
600487,亨通光电,122703000000.0,通信线缆及配套,1227.03,LARGE,2004-05-27,2004
600104,上汽集团,123804000000.0,综合乘用车,1238.04,LARGE,2000-06-28,2000
600760,中航沈飞,124311999999.99998,航空装备Ⅲ,1243.12,LARGE,2000-12-21,2000
000408,藏格矿业,124885999999.99998,钾肥,1248.86,LARGE,2002-01-28,2002
001280,中国铀业,125332000000.0,其他小金属,1253.32,LARGE,2025-12-02,2025
601111,中国国航,125414000000.00002,航空运输,1254.14,LARGE,2006-11-29,2006
603256,宏和科技,125801000000.0,玻纤制造,1258.01,LARGE,2019-07-18,2019
600547,山东黄金,125989000000.00002,黄金,1259.89,LARGE,2004-08-24,2004
603019,中科曙光,126764000000.00002,其他计算机设备,1267.64,LARGE,2014-12-12,2014
603296,华勤技术,126830000000.0,消费电子零部件及组装,1268.3,LARGE,2023-08-07,2023
600584,长电科技,128265000000.00002,集成电路封测,1282.65,LARGE,2004-09-07,2004
002028,思源电气,129641000000.00002,输变电设备,1296.41,LARGE,2004-10-12,2004
000568,泸州老窖,129866000000.00002,白酒Ⅲ,1298.66,LARGE,2000-06-29,2000
601872,招商轮船,131533999999.99998,航运,1315.34,LARGE,2007-06-15,2007
600019,宝钢股份,133089000000.00002,板材,1330.89,LARGE,2001-08-08,2001
601229,上海银行,133281000000.0,城商行Ⅲ,1332.81,LARGE,2016-11-15,2016
001289,龙源电力,136014000000.00002,风力发电,1360.14,LARGE,2022-01-21,2022
601881,中国银河,137555000000.0,证券Ⅲ,1375.55,LARGE,2017-01-20,2017
601100,恒立液压,138011000000.0,工程机械器件,1380.11,LARGE,2011-12-23,2011
600050,中国联通,138189000000.0,电信运营商,1381.89,LARGE,2003-05-14,2003
301308,江波龙,139454000000.0,数字芯片设计,1394.54,LARGE,2022-08-04,2022
002281,光迅科技,140122000000.0,通信网络设备及器件,1401.22,LARGE,2009-11-30,2009
601009,南京银行,141686000000.0,城商行Ⅲ,1416.86,LARGE,2007-08-17,2007
601633,长城汽车,142158000000.0,综合乘用车,1421.58,LARGE,2011-11-08,2011
600111,北方稀土,142253000000.0,稀土,1422.53,LARGE,2000-03-30,2000
300999,金龙鱼,142425000000.0,粮油加工,1424.25,LARGE,2020-10-14,2020
002353,杰瑞股份,143033000000.0,能源及重型设备,1430.33,LARGE,2010-08-04,2010
603268,松发股份,144636000000.0,航海装备Ⅲ,1446.36,LARGE,2015-10-13,2015
000792,盐湖股份,146153000000.0,钾肥,1461.53,LARGE,2002-07-16,2002
600362,江西铜业,148378000000.0,铜,1483.78,LARGE,2002-05-21,2002
002050,三花智控,151573000000.0,家电零部件Ⅲ,1515.73,LARGE,2006-05-17,2006
301377,鼎泰高科,153199000000.0,金属制品,1531.99,LARGE,2022-11-21,2022
600176,中国巨石,153680000000.0,玻纤制造,1536.8,LARGE,2000-07-12,2000
600999,招商证券,153755000000.0,证券Ⅲ,1537.55,LARGE,2009-12-14,2009
600660,福耀玻璃,154236000000.0,车身附件及饰件,1542.36,LARGE,2000-04-14,2000
600016,民生银行,155865000000.0,股份制银行Ⅲ,1558.65,LARGE,2001-03-30,2001
302132,中航成飞,156130000000.0,军工电子Ⅲ,1561.3,LARGE,2023-11-29,2023
600809,山西汾酒,156412000000.0,白酒Ⅲ,1564.12,LARGE,2000-03-31,2000
000063,中兴通讯,163023000000.0,通信网络设备及器件,1630.23,LARGE,2000-08-29,2000
601600,中国铝业,163315000000.0,铝,1633.15,LARGE,2007-11-30,2007
300124,汇川技术,166815000000.0,工控设备,1668.15,LARGE,2010-11-02,2010
300033,同花顺,168591000000.0,垂直应用软件,1685.91,LARGE,2010-01-22,2010
601995,中金公司,169533000000.0,证券Ⅲ,1695.33,LARGE,2020-11-27,2020
000776,广发证券,169643000000.0,证券Ⅲ,1696.43,LARGE,2003-11-27,2003
600989,宝丰能源,170574000000.0,煤化工,1705.74,LARGE,2019-05-15,2019
300604,长川科技,171927000000.0,半导体设备,1719.27,LARGE,2017-05-02,2017
600887,伊利股份,172746000000.0,乳品,1727.46,LARGE,2000-06-19,2000
300433,蓝思科技,176257000000.0,消费电子零部件及组装,1762.57,LARGE,2015-04-22,2015
600930,华电新能,176451000000.0,风力发电,1764.51,LARGE,2025-07-15,2025
601766,中国中车,177072000000.0,轨交设备Ⅲ,1770.72,LARGE,2009-01-13,2009
001399,惠科股份,179405000000.0,面板,1794.05,LARGE,2026-06-25,2026
001248,华润新能源,181297000000.0,风力发电,1812.97,LARGE,2026-07-01,2026
601688,华泰证券,181982000000.0,证券Ⅲ,1819.82,LARGE,2010-03-12,2010
002352,顺丰控股,182917000000.0,快递,1829.17,LARGE,2010-05-05,2010
301666,大普微-UW,183425000000.0,其他计算机设备,1834.25,LARGE,2026-04-16,2026
601898,中煤能源,183632000000.0,动力煤,1836.32,LARGE,2008-02-22,2008
601985,中国核电,184289000000.0,核力发电,1842.89,LARGE,2015-06-09,2015
600025,华能水电,186311000000.0,水力发电,1863.11,LARGE,2017-12-14,2017
600031,三一重工,187578000000.0,工程机械整机,1875.78,LARGE,2003-09-11,2003
300760,迈瑞医疗,187783000000.0,医疗设备,1877.83,LARGE,2018-10-15,2018
601818,光大银行,187892000000.0,股份制银行Ⅲ,1878.92,LARGE,2010-09-13,2010
601668,中国建筑,191727000000.0,房屋建设Ⅲ,1917.27,LARGE,2009-08-06,2009
600406,国电南瑞,192200000000.0,电网自动化设备,1922.0,LARGE,2004-08-23,2004
002938,鹏鼎控股,195832000000.0,印制电路板,1958.32,LARGE,2018-09-17,2018
601336,新华保险,196469000000.0,保险Ⅲ,1964.69,LARGE,2012-02-01,2012
300476,胜宏科技,198139000000.0,印制电路板,1981.39,LARGE,2015-06-17,2015
300394,天孚通信,198628000000.0,通信网络设备及器件,1986.28,LARGE,2015-03-11,2015
601066,中信建投,200666000000.0,证券Ⅲ,2006.66,LARGE,2018-06-19,2018
600188,兖矿能源,200737000000.0,动力煤,2007.37,LARGE,2000-04-28,2000
002463,沪电股份,202539000000.0,印制电路板,2025.39,LARGE,2010-08-30,2010
003816,中国广核,206035000000.0,核力发电,2060.35,LARGE,2019-08-23,2019
002142,宁波银行,210787000000.0,城商行Ⅲ,2107.87,LARGE,2007-08-20,2007
000725,京东方Ａ,211523000000.0,面板,2115.23,LARGE,2001-07-27,2001
600919,江苏银行,213242000000.0,城商行Ⅲ,2132.42,LARGE,2016-08-09,2016
002916,深南电路,215255000000.00003,印制电路板,2152.55,LARGE,2017-12-14,2017
600690,海尔智家,215498000000.0,冰洗,2154.98,LARGE,2000-09-13,2000
300408,三环集团,216458000000.0,被动元件,2164.58,LARGE,2014-12-16,2014
000001,平安银行,218898999999.99997,股份制银行Ⅲ,2188.99,LARGE,2000-09-05,2000
603288,海天味业,220263000000.0,调味发酵品Ⅲ,2202.63,LARGE,2014-02-10,2014
300274,阳光电源,220901000000.00003,逆变器,2209.01,LARGE,2011-12-09,2011
002714,牧原股份,224454000000.0,生猪养殖,2244.54,LARGE,2014-03-10,2014
600309,万华化学,233189000000.0,聚氨酯,2331.89,LARGE,2001-11-01,2001
601869,长飞光纤,233221000000.0,通信线缆及配套,2332.21,LARGE,2018-07-19,2018
000651,格力电器,233298999999.99997,空调,2332.99,LARGE,2000-11-24,2000
000338,潍柴动力,235792000000.0,底盘与发动机系统,2357.92,LARGE,2007-07-31,2007
601919,中远海控,237419000000.0,航运,2374.19,LARGE,2008-03-31,2008
601225,陕西煤业,238885000000.0,动力煤,2388.85,LARGE,2014-01-27,2014
601816,京沪高铁,250498999999.99997,铁路运输,2504.99,LARGE,2020-01-15,2020
603986,兆易创新,255456000000.0,数字芯片设计,2554.56,LARGE,2017-06-27,2017
600150,中国船舶,261365000000.0,航海装备Ⅲ,2613.65,LARGE,2000-11-27,2000
600183,生益科技,262769999999.99997,印制电路板,2627.7,LARGE,2000-05-17,2000
002379,宏桥控股,267398999999.99997,铝,2673.99,LARGE,2011-09-21,2011
000858,五 粮 液,291780000000.0,白酒Ⅲ,2917.8,LARGE,2000-08-01,2000
601601,中国太保,307178000000.0,保险Ⅲ,3071.78,LARGE,2008-01-07,2008
600000,浦发银行,309078000000.0,股份制银行Ⅲ,3090.78,LARGE,2000-07-06,2000
300059,东方财富,314862000000.0,证券Ⅲ,3148.62,LARGE,2010-06-24,2010
002415,海康威视,327553000000.0,安防设备,3275.53,LARGE,2010-08-16,2010
601319,中国人保,328142000000.0,保险Ⅲ,3281.42,LARGE,2018-11-15,2018
002384,东山精密,329286000000.0,印制电路板,3292.86,LARGE,2011-02-24,2011
601211,国泰海通,333716000000.0,证券Ⅲ,3337.16,LARGE,2015-07-22,2015
600276,恒瑞医药,357679000000.0,化学制剂,3576.79,LARGE,2000-12-20,2000
603259,药明康德,377445000000.0,医疗研发外包,3774.45,LARGE,2018-05-07,2018
601166,兴业银行,393418000000.0,股份制银行Ⅲ,3934.18,LARGE,2007-03-16,2007
603993,洛阳钼业,408203000000.0,铜,4082.03,LARGE,2012-11-07,2012
600030,中信证券,422385999999.99994,证券Ⅲ,4223.86,LARGE,2003-06-10,2003
601998,中信银行,431250000000.0,股份制银行Ⅲ,4312.5,LARGE,2007-06-04,2007
002475,立讯精密,481671000000.0,消费电子零部件及组装,4816.71,LARGE,2010-11-03,2010
002371,北方华创,512620000000.0,半导体设备,5126.2,LARGE,2010-07-14,2010
601728,中国电信,571005000000.0,电信运营商,5710.05,LARGE,2021-08-19,2021
300502,新易盛,587261000000.0,通信网络设备及器件,5872.61,LARGE,2016-03-04,2016
601658,邮储银行,614887000000.0,国有大型银行Ⅲ,6148.87,LARGE,2019-12-09,2019
600028,中国石化,625185000000.0,炼油化工,6251.85,LARGE,2001-10-25,2001
601328,交通银行,626499000000.0,国有大型银行Ⅲ,6264.99,LARGE,2007-06-06,2007
000333,美的集团,663558000000.0,空调,6635.58,LARGE,2013-12-23,2013
600900,长江电力,707866000000.0,水力发电,7078.66,LARGE,2005-08-17,2005
601899,紫金矿业,854891000000.0,铜,8548.91,LARGE,2008-06-30,2008
002594,比亚迪,864766000000.0,电动乘用车,8647.66,LARGE,2011-07-15,2011
601088,中国神华,976675000000.0,动力煤,9766.75,LARGE,2008-01-29,2008
601318,中国平安,983245000000.0001,保险Ⅲ,9832.45,LARGE,2007-06-08,2007
600036,招商银行,1000219000000.0,股份制银行Ⅲ,10002.19,LARGE,2002-07-26,2002
300308,中际旭创,1060587999999.9999,通信网络设备及器件,10605.88,LARGE,2012-12-12,2012
601628,中国人寿,1113064000000.0,保险Ⅲ,11130.64,LARGE,2007-01-22,2007
601138,工业富联,1145996000000.0,消费电子零部件及组装,11459.96,LARGE,2018-06-07,2018
600938,中国海油,1496243000000.0,油气开采Ⅲ,14962.43,LARGE,2022-04-20,2022
600519,贵州茅台,1651358000000.0002,白酒Ⅲ,16513.58,LARGE,2001-12-13,2001
300750,宁德时代,1836041999999.9998,锂电池,18360.42,LARGE,2018-06-08,2018
601988,中国银行,1936497000000.0,国有大型银行Ⅲ,19364.97,LARGE,2006-07-26,2006
601857,中国石油,1993098000000.0,炼油化工,19930.98,LARGE,2007-11-15,2007
600941,中国移动,2109824000000.0002,电信运营商,21098.24,LARGE,2022-01-04,2022
601288,农业银行,2425382000000.0,国有大型银行Ⅲ,24253.82,LARGE,2010-07-20,2010
601939,建设银行,2780812000000.0,国有大型银行Ⅲ,27808.12,LARGE,2007-10-22,2007
601398,工商银行,2833430000000.0,国有大型银行Ⅲ,28334.3,LARGE,2006-11-27,2006
